CustomerID,BillDate,UsageGB,TotalCharge,PaymentStatus,PaymentDate
1,2025-01-01,237.62,60.35,Paid,2025-01-13
1,2025-01-31,492.42,104.15,Unpaid,
1,2025-03-02,410.85,97.25,Unpaid,
1,2025-04-01,371.1,91.51,Partial,
1,2025-05-01,343.44,58.4,Partial,
1,2025-05-31,475.95,97.81,Partial,
1,2025-06-30,293.6,69.01,Paid,2025-07-08
1,2025-07-30,201.44,49.01,Partial,
1,2025-08-29,264.54,52.84,Partial,
1,2025-09-28,285.31,66.5,Partial,
2,2025-01-01,437.51,79.82,Unpaid,
2,2025-01-31,448.43,102.32,Partial,
2,2025-03-02,429.93,99.66,Partial,
2,2025-04-01,168.39,41.9,Paid,2025-04-04
2,2025-05-01,430.41,74.4,Unpaid,
2,2025-05-31,181.16,49.33,Partial,
2,2025-06-30,208.67,50.5,Partial,
2,2025-07-30,317.3,76.95,Partial,
2,2025-08-29,136.77,37.84,Paid,2025-09-07
2,2025-09-28,494.75,80.45,Paid,2025-10-13
3,2025-01-01,359.83,77.82,Unpaid,
3,2025-01-31,321.15,78.25,Partial,
3,2025-03-02,479.61,102.51,Paid,2025-03-16
3,2025-04-01,471.44,106.97,Unpaid,
3,2025-05-01,261.95,51.41,Partial,
3,2025-05-31,440.7,98.91,Unpaid,
3,2025-06-30,141.35,47.82,Unpaid,
3,2025-07-30,63.85,31.11,Paid,2025-08-05
3,2025-08-29,375.04,62.86,Partial,
3,2025-09-28,131.61,38.34,Unpaid,
4,2025-01-01,360.81,83.77,Paid,2025-01-02
4,2025-01-31,281.97,65.21,Partial,
4,2025-03-02,459.35,108.55,Paid,2025-03-08
4,2025-04-01,447.09,100.04,Unpaid,
4,2025-05-01,151.24,37.75,Paid,2025-05-13
4,2025-05-31,326.6,79.27,Paid,2025-06-08
4,2025-06-30,146.36,41.66,Unpaid,
4,2025-07-30,404.33,85.4,Unpaid,
4,2025-08-29,57.8,27.97,Paid,2025-09-11
4,2025-09-28,177.28,52.67,Partial,
5,2025-01-01,465.57,107.85,Paid,2025-01-15
5,2025-01-31,126.41,38.65,Paid,2025-02-04
5,2025-03-02,169.34,51.19,Partial,
5,2025-04-01,237.5,62.07,Unpaid,
5,2025-05-01,217.78,58.13,Unpaid,
5,2025-05-31,172.64,48.23,Paid,2025-06-05
5,2025-06-30,58.75,28.43,Paid,2025-07-02
5,2025-07-30,166.73,51.2,Partial,
5,2025-08-29,471.47,108.04,Partial,
5,2025-09-28,273.55,56.47,Unpaid,
6,2025-01-01,325.55,64.08,Unpaid,
6,2025-01-31,215.2,51.26,Paid,2025-02-07
6,2025-03-02,288.33,67.66,Partial,
6,2025-04-01,352.62,84.49,Unpaid,
6,2025-05-01,117.08,35.87,Unpaid,
6,2025-05-31,494.98,87.79,Paid,2025-06-06
6,2025-06-30,67.61,30.26,Partial,
6,2025-07-30,334.46,58.68,Partial,
6,2025-08-29,443.94,100.95,Unpaid,
6,2025-09-28,439.39,65.61,Unpaid,
7,2025-01-01,403.61,99.13,Unpaid,
7,2025-01-31,281.22,49.72,Partial,
7,2025-03-02,194.43,42.44,Unpaid,
7,2025-04-01,496.15,113.83,Unpaid,
7,2025-05-01,457.89,92.5,Paid,2025-05-01
7,2025-05-31,392.72,93.83,Paid,2025-06-05
7,2025-06-30,442.69,90.35,Paid,2025-06-30
7,2025-07-30,318.8,79.42,Paid,2025-08-05
7,2025-08-29,497.0,112.24,Unpaid,
7,2025-09-28,247.66,62.05,Unpaid,
8,2025-01-01,284.14,58.23,Unpaid,
8,2025-01-31,285.62,49.89,Unpaid,
8,2025-03-02,426.62,68.43,Partial,
8,2025-04-01,155.53,41.99,Partial,
8,2025-05-01,299.87,56.53,Partial,
8,2025-05-31,473.48,72.24,Unpaid,
8,2025-06-30,450.85,98.21,Unpaid,
8,2025-07-30,362.07,66.68,Paid,2025-08-10
8,2025-08-29,360.93,58.43,Paid,2025-09-12
8,2025-09-28,58.05,26.67,Paid,2025-10-01
9,2025-01-01,135.83,45.4,Partial,
9,2025-01-31,58.88,27.44,Paid,2025-02-01
9,2025-03-02,390.34,72.38,Paid,2025-03-11
9,2025-04-01,402.78,93.25,Unpaid,
9,2025-05-01,250.24,65.92,Unpaid,
9,2025-05-31,274.75,58.23,Partial,
9,2025-06-30,216.26,43.85,Partial,
9,2025-07-30,203.97,47.02,Paid,2025-07-31
9,2025-08-29,445.77,106.35,Unpaid,
9,2025-09-28,317.31,73.64,Partial,
10,2025-01-01,249.96,69.54,Paid,2025-01-07
10,2025-01-31,284.54,74.67,Paid,2025-02-01
10,2025-03-02,168.8,51.24,Unpaid,
10,2025-04-01,51.66,28.77,Paid,2025-04-06
10,2025-05-01,101.14,37.76,Unpaid,
10,2025-05-31,199.98,58.43,Unpaid,
10,2025-06-30,332.88,78.4,Partial,
10,2025-07-30,106.33,37.26,Partial,
10,2025-08-29,202.35,57.46,Paid,2025-09-08
10,2025-09-28,470.54,81.09,Partial,
11,2025-01-01,433.46,98.15,Partial,
11,2025-01-31,266.25,69.4,Partial,
11,2025-03-02,429.02,101.68,Partial,
11,2025-04-01,337.03,80.51,Unpaid,
11,2025-05-01,262.98,50.77,Unpaid,
11,2025-05-31,286.93,54.4,Partial,
11,2025-06-30,290.33,61.34,Unpaid,
11,2025-07-30,264.36,48.68,Unpaid,
11,2025-08-29,130.67,46.12,Unpaid,
11,2025-09-28,391.98,80.9,Unpaid,
12,2025-01-01,94.15,34.56,Partial,
12,2025-01-31,346.18,60.38,Paid,2025-02-15
12,2025-03-02,115.79,33.22,Unpaid,
12,2025-04-01,294.35,62.22,Paid,2025-04-09
12,2025-05-01,363.67,87.52,Paid,2025-05-14
12,2025-05-31,474.38,110.16,Partial,
12,2025-06-30,394.52,62.79,Partial,
12,2025-07-30,391.44,59.42,Unpaid,
12,2025-08-29,82.08,30.59,Paid,2025-09-08
12,2025-09-28,93.21,38.2,Partial,
13,2025-01-01,345.18,58.31,Partial,
13,2025-01-31,491.2,96.73,Unpaid,
13,2025-03-02,91.26,29.74,Paid,2025-03-09
13,2025-04-01,396.41,79.24,Paid,2025-04-03
13,2025-05-01,310.71,81.28,Unpaid,
13,2025-05-31,343.08,72.0,Paid,2025-06-06
13,2025-06-30,89.91,31.74,Unpaid,
13,2025-07-30,309.11,53.68,Paid,2025-08-13
13,2025-08-29,90.96,29.63,Unpaid,
13,2025-09-28,205.09,59.76,Unpaid,
14,2025-01-01,376.79,81.52,Partial,
14,2025-01-31,237.98,53.01,Unpaid,
14,2025-03-02,331.87,85.51,Unpaid,
14,2025-04-01,115.83,36.97,Paid,2025-04-06
14,2025-05-01,358.01,87.85,Partial,
14,2025-05-31,466.0,97.95,Paid,2025-05-31
14,2025-06-30,275.69,69.01,Paid,2025-07-11
14,2025-07-30,273.73,51.92,Unpaid,
14,2025-08-29,60.67,30.9,Unpaid,
14,2025-09-28,210.11,52.51,Partial,
15,2025-01-01,360.17,69.25,Paid,2025-01-07
15,2025-01-31,486.67,111.48,Partial,
15,2025-03-02,150.99,49.92,Paid,2025-03-04
15,2025-04-01,202.88,54.73,Partial,
15,2025-05-01,172.03,41.2,Partial,
15,2025-05-31,100.47,38.35,Paid,2025-06-02
15,2025-06-30,345.12,87.55,Unpaid,
15,2025-07-30,109.57,31.26,Unpaid,
15,2025-08-29,308.32,77.94,Paid,2025-09-01
15,2025-09-28,355.82,61.07,Unpaid,
16,2025-01-01,154.09,42.54,Partial,
16,2025-01-31,64.02,31.19,Paid,2025-02-13
16,2025-03-02,273.22,71.1,Unpaid,
16,2025-04-01,490.43,117.94,Partial,
16,2025-05-01,335.91,62.12,Paid,2025-05-01
16,2025-05-31,409.73,74.52,Partial,
16,2025-06-30,212.32,57.05,Partial,
16,2025-07-30,485.39,115.49,Paid,2025-08-09
16,2025-08-29,258.93,69.39,Paid,2025-09-05
16,2025-09-28,489.13,69.0,Partial,
17,2025-01-01,183.41,42.14,Unpaid,
17,2025-01-31,417.3,71.94,Paid,2025-02-13
17,2025-03-02,316.06,66.78,Paid,2025-03-09
17,2025-04-01,484.34,99.23,Unpaid,
17,2025-05-01,240.72,44.96,Partial,
17,2025-05-31,119.98,42.05,Partial,
17,2025-06-30,174.31,44.95,Paid,2025-07-13
17,2025-07-30,431.66,101.17,Partial,
17,2025-08-29,377.45,67.64,Partial,
17,2025-09-28,349.81,77.24,Paid,2025-10-05
18,2025-01-01,158.37,47.62,Unpaid,
18,2025-01-31,223.79,63.92,Unpaid,
18,2025-03-02,341.61,59.99,Paid,2025-03-06
18,2025-04-01,248.23,48.43,Unpaid,
18,2025-05-01,399.6,70.14,Unpaid,
18,2025-05-31,108.55,38.32,Unpaid,
18,2025-06-30,168.1,41.03,Unpaid,
18,2025-07-30,142.18,44.87,Unpaid,
18,2025-08-29,86.34,37.26,Unpaid,
18,2025-09-28,431.88,75.83,Paid,2025-10-08
19,2025-01-01,279.87,65.65,Unpaid,
19,2025-01-31,73.01,29.55,Partial,
19,2025-03-02,344.74,77.17,Paid,2025-03-07
19,2025-04-01,98.95,30.97,Paid,2025-04-11
19,2025-05-01,385.86,93.46,Paid,2025-05-04
19,2025-05-31,112.21,32.31,Unpaid,
19,2025-06-30,118.68,32.14,Unpaid,
19,2025-07-30,56.85,26.35,Partial,
19,2025-08-29,312.82,57.77,Paid,2025-09-06
19,2025-09-28,472.69,69.11,Unpaid,
20,2025-01-01,127.98,34.45,Paid,2025-01-04
20,2025-01-31,185.98,49.9,Partial,
20,2025-03-02,103.78,30.78,Unpaid,
20,2025-04-01,377.39,86.96,Unpaid,
20,2025-05-01,445.06,105.45,Partial,
20,2025-05-31,266.75,51.34,Unpaid,
20,2025-06-30,181.24,46.27,Unpaid,
20,2025-07-30,438.83,102.12,Unpaid,
20,2025-08-29,263.7,59.25,Paid,2025-09-05
20,2025-09-28,126.68,42.9,Unpaid,
21,2025-01-01,405.61,76.21,Partial,
21,2025-01-31,487.56,70.93,Paid,2025-02-08
21,2025-03-02,132.48,37.53,Partial,
21,2025-04-01,269.59,62.5,Paid,2025-04-07
21,2025-05-01,388.88,83.12,Paid,2025-05-07
21,2025-05-31,397.89,78.69,Partial,
21,2025-06-30,95.61,33.97,Unpaid,
21,2025-07-30,495.16,86.76,Unpaid,
21,2025-08-29,412.61,94.45,Partial,
21,2025-09-28,89.69,32.98,Paid,2025-10-10
22,2025-01-01,195.46,42.57,Unpaid,
22,2025-01-31,360.35,74.95,Partial,
22,2025-03-02,497.96,102.59,Unpaid,
22,2025-04-01,96.88,31.58,Paid,2025-04-06
22,2025-05-01,489.48,86.3,Paid,2025-05-15
22,2025-05-31,380.47,74.23,Partial,
22,2025-06-30,167.9,46.97,Unpaid,
22,2025-07-30,492.84,74.66,Paid,2025-08-01
22,2025-08-29,405.6,71.56,Unpaid,
22,2025-09-28,322.28,62.52,Paid,2025-10-12
23,2025-01-01,253.76,50.41,Unpaid,
23,2025-01-31,321.28,65.28,Partial,
23,2025-03-02,408.64,77.92,Paid,2025-03-13
23,2025-04-01,400.47,76.06,Paid,2025-04-01
23,2025-05-01,184.65,46.12,Partial,
23,2025-05-31,316.13,78.77,Unpaid,
23,2025-06-30,265.55,68.19,Unpaid,
23,2025-07-30,140.03,45.38,Unpaid,
23,2025-08-29,325.56,69.57,Partial,
23,2025-09-28,113.61,31.83,Paid,2025-10-05
24,2025-01-01,481.79,90.81,Unpaid,
24,2025-01-31,182.18,42.84,Paid,2025-02-01
24,2025-03-02,117.66,42.45,Partial,
24,2025-04-01,133.11,40.55,Paid,2025-04-08
24,2025-05-01,314.56,65.6,Partial,
24,2025-05-31,247.84,64.66,Unpaid,
24,2025-06-30,327.18,62.21,Unpaid,
24,2025-07-30,267.18,68.33,Partial,
24,2025-08-29,265.62,62.85,Partial,
24,2025-09-28,362.94,60.71,Unpaid,
25,2025-01-01,325.71,63.09,Partial,
25,2025-01-31,247.9,56.77,Unpaid,
25,2025-03-02,308.53,51.89,Unpaid,
25,2025-04-01,392.1,90.72,Paid,2025-04-01
25,2025-05-01,499.32,98.83,Partial,
25,2025-05-31,334.06,85.66,Paid,2025-06-13
25,2025-06-30,392.33,87.0,Unpaid,
25,2025-07-30,478.61,81.33,Partial,
25,2025-08-29,280.07,58.7,Partial,
25,2025-09-28,167.51,50.65,Paid,2025-10-05
26,2025-01-01,391.54,90.86,Partial,
26,2025-01-31,295.16,62.19,Paid,2025-02-12
26,2025-03-02,98.55,37.94,Paid,2025-03-15
26,2025-04-01,244.04,53.38,Unpaid,
26,2025-05-01,169.16,37.17,Partial,
26,2025-05-31,121.2,34.66,Paid,2025-06-15
26,2025-06-30,278.56,49.96,Unpaid,
26,2025-07-30,233.04,56.26,Paid,2025-08-03
26,2025-08-29,406.36,66.22,Unpaid,
26,2025-09-28,340.84,86.98,Partial,
27,2025-01-01,374.07,62.62,Partial,
27,2025-01-31,194.84,44.76,Unpaid,
27,2025-03-02,393.48,97.17,Unpaid,
27,2025-04-01,153.22,47.62,Paid,2025-04-01
27,2025-05-01,402.55,95.3,Paid,2025-05-05
27,2025-05-31,150.76,35.58,Partial,
27,2025-06-30,328.46,55.6,Paid,2025-07-07
27,2025-07-30,281.94,59.5,Partial,
27,2025-08-29,251.52,64.49,Partial,
27,2025-09-28,173.1,50.82,Partial,
28,2025-01-01,194.17,40.32,Partial,
28,2025-01-31,477.38,87.41,Unpaid,
28,2025-03-02,293.45,63.23,Paid,2025-03-06
28,2025-04-01,281.38,72.79,Unpaid,
28,2025-05-01,258.66,65.36,Paid,2025-05-09
28,2025-05-31,243.85,62.05,Partial,
28,2025-06-30,368.78,67.28,Paid,2025-07-11
28,2025-07-30,262.86,61.21,Unpaid,
28,2025-08-29,313.32,63.98,Partial,
28,2025-09-28,52.77,29.28,Paid,2025-10-02
29,2025-01-01,50.04,27.16,Partial,
29,2025-01-31,408.56,88.86,Partial,
29,2025-03-02,134.22,37.78,Paid,2025-03-04
29,2025-04-01,55.56,30.22,Unpaid,
29,2025-05-01,61.93,28.19,Unpaid,
29,2025-05-31,168.42,41.37,Paid,2025-05-31
29,2025-06-30,86.83,36.22,Paid,2025-07-06
29,2025-07-30,278.3,61.23,Paid,2025-08-04
29,2025-08-29,311.5,74.42,Unpaid,
29,2025-09-28,274.22,57.54,Paid,2025-10-02
30,2025-01-01,147.92,40.85,Partial,
30,2025-01-31,70.92,33.65,Paid,2025-02-04
30,2025-03-02,64.0,28.97,Paid,2025-03-04
30,2025-04-01,134.92,45.89,Paid,2025-04-14
30,2025-05-01,320.71,52.74,Paid,2025-05-05
30,2025-05-31,188.52,49.67,Unpaid,
30,2025-06-30,158.56,35.96,Partial,
30,2025-07-30,373.16,68.01,Unpaid,
30,2025-08-29,257.31,66.07,Partial,
30,2025-09-28,106.26,40.31,Unpaid,
31,2025-01-01,495.99,102.76,Paid,2025-01-02
31,2025-01-31,77.14,33.85,Unpaid,
31,2025-03-02,204.04,57.04,Paid,2025-03-06
31,2025-04-01,391.98,94.21,Paid,2025-04-14
31,2025-05-01,97.51,36.25,Unpaid,
31,2025-05-31,340.61,81.95,Paid,2025-06-04
31,2025-06-30,469.43,100.79,Partial,
31,2025-07-30,376.89,66.4,Partial,
31,2025-08-29,55.45,30.61,Partial,
31,2025-09-28,369.3,86.18,Unpaid,
32,2025-01-01,484.94,114.87,Partial,
32,2025-01-31,339.65,84.54,Paid,2025-02-15
32,2025-03-02,216.36,62.84,Unpaid,
32,2025-04-01,315.98,55.08,Paid,2025-04-04
32,2025-05-01,418.14,88.72,Unpaid,
32,2025-05-31,417.27,76.58,Unpaid,
32,2025-06-30,310.62,58.2,Unpaid,
32,2025-07-30,479.06,88.26,Paid,2025-08-08
32,2025-08-29,331.54,72.43,Paid,2025-08-31
32,2025-09-28,194.68,44.56,Paid,2025-09-28
33,2025-01-01,210.55,53.32,Unpaid,
33,2025-01-31,159.96,40.43,Paid,2025-02-14
33,2025-03-02,246.94,46.66,Unpaid,
33,2025-04-01,404.98,85.53,Unpaid,
33,2025-05-01,268.27,69.18,Unpaid,
33,2025-05-31,265.76,59.6,Partial,
33,2025-06-30,100.73,30.15,Paid,2025-07-04
33,2025-07-30,350.98,89.3,Unpaid,
33,2025-08-29,273.99,57.25,Partial,
33,2025-09-28,192.35,46.69,Paid,2025-10-08
34,2025-01-01,156.52,45.61,Paid,2025-01-13
34,2025-01-31,196.48,53.47,Partial,
34,2025-03-02,456.13,103.35,Unpaid,
34,2025-04-01,311.02,57.14,Paid,2025-04-09
34,2025-05-01,291.45,59.24,Paid,2025-05-08
34,2025-05-31,83.71,30.19,Unpaid,
34,2025-06-30,308.04,57.07,Paid,2025-07-15
34,2025-07-30,397.23,85.32,Unpaid,
34,2025-08-29,381.91,83.97,Paid,2025-09-08
34,2025-09-28,410.01,96.6,Partial,
35,2025-01-01,74.76,28.87,Paid,2025-01-03
35,2025-01-31,440.98,103.58,Partial,
35,2025-03-02,298.1,62.25,Partial,
35,2025-04-01,124.05,37.62,Unpaid,
35,2025-05-01,290.45,59.64,Partial,
35,2025-05-31,447.82,70.62,Unpaid,
35,2025-06-30,243.08,61.55,Partial,
35,2025-07-30,221.22,62.05,Unpaid,
35,2025-08-29,201.83,44.68,Paid,2025-09-04
35,2025-09-28,88.33,37.01,Paid,2025-10-07
36,2025-01-01,265.51,61.72,Paid,2025-01-01
36,2025-01-31,252.17,63.14,Unpaid,
36,2025-03-02,362.47,58.09,Unpaid,
36,2025-04-01,98.23,38.26,Partial,
36,2025-05-01,134.49,34.33,Partial,
36,2025-05-31,335.28,64.53,Unpaid,
36,2025-06-30,389.24,72.74,Unpaid,
36,2025-07-30,75.99,32.07,Partial,
36,2025-08-29,89.78,35.32,Paid,2025-08-29
36,2025-09-28,361.69,90.64,Paid,2025-09-30
37,2025-01-01,454.51,71.96,Paid,2025-01-08
37,2025-01-31,142.97,34.5,Partial,
37,2025-03-02,267.49,65.1,Partial,
37,2025-04-01,311.54,65.67,Partial,
37,2025-05-01,240.12,48.53,Partial,
37,2025-05-31,234.96,56.01,Partial,
37,2025-06-30,368.47,64.73,Partial,
37,2025-07-30,230.56,64.54,Paid,2025-08-01
37,2025-08-29,239.74,60.8,Partial,
37,2025-09-28,421.82,93.15,Partial,
38,2025-01-01,287.84,67.38,Paid,2025-01-09
38,2025-01-31,82.53,36.1,Unpaid,
38,2025-03-02,352.5,70.32,Partial,
38,2025-04-01,463.18,96.51,Paid,2025-04-02
38,2025-05-01,341.0,75.03,Unpaid,
38,2025-05-31,459.4,80.6,Partial,
38,2025-06-30,103.75,31.45,Paid,2025-06-30
38,2025-07-30,327.42,53.58,Unpaid,
38,2025-08-29,225.88,59.58,Unpaid,
38,2025-09-28,342.49,63.37,Unpaid,
39,2025-01-01,310.09,71.98,Unpaid,
39,2025-01-31,215.76,59.19,Unpaid,
39,2025-03-02,327.98,58.67,Unpaid,
39,2025-04-01,126.24,41.35,Unpaid,
39,2025-05-01,347.13,68.6,Paid,2025-05-09
39,2025-05-31,415.03,62.89,Partial,
39,2025-06-30,332.29,85.85,Partial,
39,2025-07-30,425.75,69.89,Paid,2025-08-03
39,2025-08-29,58.74,28.97,Partial,
39,2025-09-28,218.44,63.18,Partial,
40,2025-01-01,326.31,59.44,Paid,2025-01-08
40,2025-01-31,104.85,36.68,Unpaid,
40,2025-03-02,248.61,65.65,Unpaid,
40,2025-04-01,402.79,84.25,Partial,
40,2025-05-01,224.81,55.22,Paid,2025-05-11
40,2025-05-31,155.54,47.55,Paid,2025-05-31
40,2025-06-30,209.1,42.78,Paid,2025-07-08
40,2025-07-30,363.83,91.04,Unpaid,
40,2025-08-29,191.12,51.08,Unpaid,
40,2025-09-28,323.78,75.14,Partial,
41,2025-01-01,282.3,48.96,Partial,
41,2025-01-31,325.94,82.99,Paid,2025-02-08
41,2025-03-02,319.38,55.37,Paid,2025-03-15
41,2025-04-01,219.83,51.11,Paid,2025-04-03
41,2025-05-01,57.78,27.51,Unpaid,
41,2025-05-31,70.43,28.19,Unpaid,
41,2025-06-30,308.72,71.93,Partial,
41,2025-07-30,283.93,55.11,Partial,
41,2025-08-29,240.19,51.19,Paid,2025-09-02
41,2025-09-28,307.32,71.52,Paid,2025-10-07
42,2025-01-01,472.97,83.33,Paid,2025-01-07
42,2025-01-31,250.25,64.34,Paid,2025-02-01
42,2025-03-02,244.46,51.72,Paid,2025-03-14
42,2025-04-01,389.12,62.66,Partial,
42,2025-05-01,50.8,27.48,Unpaid,
42,2025-05-31,344.73,67.5,Unpaid,
42,2025-06-30,203.96,58.34,Paid,2025-07-14
42,2025-07-30,77.1,31.4,Paid,2025-08-08
42,2025-08-29,151.29,47.39,Unpaid,
42,2025-09-28,117.26,32.93,Unpaid,
43,2025-01-01,91.12,35.95,Unpaid,
43,2025-01-31,246.78,57.61,Paid,2025-02-10
43,2025-03-02,401.41,72.62,Unpaid,
43,2025-04-01,116.42,31.68,Paid,2025-04-16
43,2025-05-01,485.7,80.39,Paid,2025-05-14
43,2025-05-31,280.56,60.38,Partial,
43,2025-06-30,262.11,61.95,Paid,2025-07-04
43,2025-07-30,415.02,102.09,Partial,
43,2025-08-29,237.39,44.03,Paid,2025-08-31
43,2025-09-28,71.83,32.49,Paid,2025-10-09
44,2025-01-01,409.18,66.96,Partial,
44,2025-01-31,391.93,77.86,Unpaid,
44,2025-03-02,266.93,50.91,Unpaid,
44,2025-04-01,412.29,71.73,Paid,2025-04-06
44,2025-05-01,364.98,69.58,Partial,
44,2025-05-31,133.94,46.39,Paid,2025-06-12
44,2025-06-30,103.37,34.62,Unpaid,
44,2025-07-30,423.86,86.01,Paid,2025-08-07
44,2025-08-29,112.37,32.53,Paid,2025-09-04
44,2025-09-28,107.32,37.13,Unpaid,
45,2025-01-01,472.35,107.82,Unpaid,
45,2025-01-31,294.06,77.21,Paid,2025-02-11
45,2025-03-02,337.8,64.66,Unpaid,
45,2025-04-01,394.4,67.21,Partial,
45,2025-05-01,267.54,59.9,Paid,2025-05-06
45,2025-05-31,373.53,72.88,Partial,
45,2025-06-30,270.24,60.33,Paid,2025-07-03
45,2025-07-30,277.39,54.38,Paid,2025-07-30
45,2025-08-29,255.37,48.56,Unpaid,
45,2025-09-28,134.17,34.74,Partial,
46,2025-01-01,475.04,67.82,Paid,2025-01-01
46,2025-01-31,454.52,85.97,Partial,
46,2025-03-02,353.96,88.29,Partial,
46,2025-04-01,179.16,38.41,Unpaid,
46,2025-05-01,297.87,78.9,Paid,2025-05-07
46,2025-05-31,119.83,32.11,Paid,2025-06-14
46,2025-06-30,221.3,59.89,Paid,2025-07-09
46,2025-07-30,198.95,48.07,Partial,
46,2025-08-29,177.33,52.53,Unpaid,
46,2025-09-28,303.17,73.64,Paid,2025-10-11
47,2025-01-01,456.16,104.03,Paid,2025-01-01
47,2025-01-31,348.71,81.62,Paid,2025-02-11
47,2025-03-02,348.24,77.48,Unpaid,
47,2025-04-01,444.91,75.49,Paid,2025-04-04
47,2025-05-01,425.09,94.81,Paid,2025-05-11
47,2025-05-31,389.37,85.13,Partial,
47,2025-06-30,268.74,61.15,Unpaid,
47,2025-07-30,419.53,62.43,Paid,2025-08-04
47,2025-08-29,420.35,70.82,Partial,
47,2025-09-28,490.02,89.61,Partial,
48,2025-01-01,65.92,30.78,Partial,
48,2025-01-31,214.9,46.31,Paid,2025-02-06
48,2025-03-02,181.13,49.4,Unpaid,
48,2025-04-01,155.84,44.62,Paid,2025-04-02
48,2025-05-01,299.43,75.42,Paid,2025-05-08
48,2025-05-31,51.48,25.98,Partial,
48,2025-06-30,258.15,60.21,Paid,2025-07-09
48,2025-07-30,238.39,48.39,Partial,
48,2025-08-29,404.51,71.13,Unpaid,
48,2025-09-28,374.14,84.35,Unpaid,
49,2025-01-01,170.4,42.93,Paid,2025-01-10
49,2025-01-31,344.35,75.05,Unpaid,
49,2025-03-02,253.18,62.24,Unpaid,
49,2025-04-01,226.74,47.35,Paid,2025-04-09
49,2025-05-01,255.3,69.95,Paid,2025-05-10
49,2025-05-31,243.82,62.24,Unpaid,
49,2025-06-30,241.36,50.84,Partial,
49,2025-07-30,431.19,72.62,Paid,2025-08-04
49,2025-08-29,416.55,72.2,Partial,
49,2025-09-28,302.3,65.39,Unpaid,
50,2025-01-01,269.29,68.59,Paid,2025-01-03
50,2025-01-31,363.21,60.58,Partial,
50,2025-03-02,466.68,72.83,Paid,2025-03-10
50,2025-04-01,160.17,37.61,Unpaid,
50,2025-05-01,294.22,56.12,Partial,
50,2025-05-31,93.39,36.48,Unpaid,
50,2025-06-30,112.06,37.81,Partial,
50,2025-07-30,114.03,35.04,Partial,
50,2025-08-29,155.43,43.51,Unpaid,
50,2025-09-28,195.85,39.7,Paid,2025-10-03
51,2025-01-01,131.53,34.7,Partial,
51,2025-01-31,381.05,96.06,Paid,2025-01-31
51,2025-03-02,371.62,68.5,Partial,
51,2025-04-01,170.57,47.88,Unpaid,
51,2025-05-01,415.72,79.84,Unpaid,
51,2025-05-31,311.62,64.06,Unpaid,
51,2025-06-30,496.34,71.32,Partial,
51,2025-07-30,480.92,85.39,Partial,
51,2025-08-29,353.89,78.26,Paid,2025-09-11
51,2025-09-28,441.2,68.37,Partial,
52,2025-01-01,350.8,65.17,Unpaid,
52,2025-01-31,173.25,49.03,Unpaid,
52,2025-03-02,239.49,65.74,Paid,2025-03-11
52,2025-04-01,77.33,33.81,Paid,2025-04-11
52,2025-05-01,172.8,38.53,Paid,2025-05-04
52,2025-05-31,129.35,45.78,Unpaid,
52,2025-06-30,224.5,48.87,Unpaid,
52,2025-07-30,329.59,73.2,Partial,
52,2025-08-29,166.24,46.76,Paid,2025-09-13
52,2025-09-28,99.58,35.19,Partial,
53,2025-01-01,411.21,75.89,Partial,
53,2025-01-31,319.92,64.62,Partial,
53,2025-03-02,97.66,36.49,Unpaid,
53,2025-04-01,367.4,91.38,Paid,2025-04-01
53,2025-05-01,311.56,68.8,Paid,2025-05-09
53,2025-05-31,107.23,35.01,Paid,2025-06-06
53,2025-06-30,479.98,89.08,Partial,
53,2025-07-30,212.13,51.36,Paid,2025-08-13
53,2025-08-29,104.36,32.73,Unpaid,
53,2025-09-28,469.84,97.96,Paid,2025-10-02
54,2025-01-01,481.15,107.53,Paid,2025-01-01
54,2025-01-31,391.64,60.29,Paid,2025-02-02
54,2025-03-02,438.49,81.95,Paid,2025-03-11
54,2025-04-01,103.55,32.56,Unpaid,
54,2025-05-01,209.95,45.0,Unpaid,
54,2025-05-31,409.38,67.4,Unpaid,
54,2025-06-30,354.36,69.56,Partial,
54,2025-07-30,152.76,43.06,Paid,2025-08-10
54,2025-08-29,247.43,67.51,Paid,2025-09-04
54,2025-09-28,167.55,42.25,Unpaid,
55,2025-01-01,426.27,72.26,Unpaid,
55,2025-01-31,143.73,39.54,Paid,2025-02-13
55,2025-03-02,410.83,66.69,Paid,2025-03-06
55,2025-04-01,220.6,49.57,Unpaid,
55,2025-05-01,263.98,51.44,Partial,
55,2025-05-31,186.5,41.55,Unpaid,
55,2025-06-30,73.41,34.05,Partial,
55,2025-07-30,280.36,67.19,Paid,2025-07-30
55,2025-08-29,319.32,59.22,Paid,2025-09-03
55,2025-09-28,67.28,30.53,Paid,2025-10-05
56,2025-01-01,399.81,85.41,Partial,
56,2025-01-31,150.3,35.61,Unpaid,
56,2025-03-02,111.09,42.18,Unpaid,
56,2025-04-01,69.6,30.31,Paid,2025-04-06
56,2025-05-01,252.07,63.22,Partial,
56,2025-05-31,396.3,90.99,Unpaid,
56,2025-06-30,420.76,64.56,Unpaid,
56,2025-07-30,131.39,34.99,Paid,2025-08-07
56,2025-08-29,302.96,55.06,Paid,2025-08-29
56,2025-09-28,50.4,26.41,Paid,2025-09-30
57,2025-01-01,209.53,48.39,Unpaid,
57,2025-01-31,349.95,82.68,Partial,
57,2025-03-02,444.53,107.67,Unpaid,
57,2025-04-01,94.54,35.87,Partial,
57,2025-05-01,335.58,65.95,Paid,2025-05-05
57,2025-05-31,395.48,96.43,Unpaid,
57,2025-06-30,426.14,68.21,Unpaid,
57,2025-07-30,457.66,95.9,Partial,
57,2025-08-29,56.63,30.19,Paid,2025-09-09
57,2025-09-28,215.75,58.72,Unpaid,
58,2025-01-01,172.01,52.51,Unpaid,
58,2025-01-31,150.69,36.77,Partial,
58,2025-03-02,370.04,72.99,Unpaid,
58,2025-04-01,85.31,34.84,Paid,2025-04-15
58,2025-05-01,258.2,63.55,Unpaid,
58,2025-05-31,388.1,92.0,Partial,
58,2025-06-30,66.26,29.07,Paid,2025-07-14
58,2025-07-30,439.56,91.61,Paid,2025-07-30
58,2025-08-29,141.6,39.29,Unpaid,
58,2025-09-28,252.52,54.1,Partial,
59,2025-01-01,357.62,91.45,Paid,2025-01-02
59,2025-01-31,358.02,71.64,Paid,2025-02-05
59,2025-03-02,213.73,52.54,Partial,
59,2025-04-01,258.88,46.3,Partial,
59,2025-05-01,225.18,57.79,Paid,2025-05-08
59,2025-05-31,168.5,39.1,Unpaid,
59,2025-06-30,291.92,78.17,Paid,2025-07-08
59,2025-07-30,61.27,31.02,Paid,2025-08-07
59,2025-08-29,55.46,27.68,Paid,2025-09-08
59,2025-09-28,476.68,111.53,Partial,
60,2025-01-01,360.23,78.82,Partial,
60,2025-01-31,318.5,72.51,Partial,
60,2025-03-02,145.06,37.84,Unpaid,
60,2025-04-01,87.8,34.33,Unpaid,
60,2025-05-01,452.52,89.18,Unpaid,
60,2025-05-31,367.66,67.21,Paid,2025-06-07
60,2025-06-30,412.68,90.94,Partial,
60,2025-07-30,211.6,45.78,Paid,2025-08-03
60,2025-08-29,416.72,83.76,Partial,
60,2025-09-28,189.84,54.04,Partial,
61,2025-01-01,260.44,55.18,Unpaid,
61,2025-01-31,217.02,52.37,Partial,
61,2025-03-02,206.7,58.91,Paid,2025-03-07
61,2025-04-01,493.97,97.2,Partial,
61,2025-05-01,244.94,65.26,Paid,2025-05-13
61,2025-05-31,466.55,87.46,Paid,2025-06-07
61,2025-06-30,60.8,29.48,Paid,2025-07-08
61,2025-07-30,232.69,50.49,Partial,
61,2025-08-29,397.06,79.59,Paid,2025-09-06
61,2025-09-28,269.68,68.12,Paid,2025-10-07
62,2025-01-01,79.45,34.81,Partial,
62,2025-01-31,107.05,36.82,Partial,
62,2025-03-02,208.16,58.29,Unpaid,
62,2025-04-01,223.23,57.44,Unpaid,
62,2025-05-01,74.71,32.32,Partial,
62,2025-05-31,491.62,93.28,Partial,
62,2025-06-30,269.7,55.28,Paid,2025-07-14
62,2025-07-30,334.21,81.61,Unpaid,
62,2025-08-29,97.56,33.63,Unpaid,
62,2025-09-28,473.15,105.23,Paid,2025-10-10
63,2025-01-01,399.31,75.7,Paid,2025-01-04
63,2025-01-31,358.01,75.09,Unpaid,
63,2025-03-02,226.42,56.78,Unpaid,
63,2025-04-01,422.67,83.89,Unpaid,
63,2025-05-01,209.41,60.72,Partial,
63,2025-05-31,419.24,92.61,Paid,2025-06-09
63,2025-06-30,52.05,30.04,Partial,
63,2025-07-30,275.6,58.01,Partial,
63,2025-08-29,196.89,58.51,Partial,
63,2025-09-28,425.79,85.96,Partial,
64,2025-01-01,59.79,27.52,Paid,2025-01-12
64,2025-01-31,440.03,85.06,Unpaid,
64,2025-03-02,169.28,40.9,Partial,
64,2025-04-01,114.12,35.08,Partial,
64,2025-05-01,432.2,64.13,Partial,
64,2025-05-31,290.91,52.27,Paid,2025-06-03
64,2025-06-30,121.99,44.06,Paid,2025-07-04
64,2025-07-30,298.25,54.18,Unpaid,
64,2025-08-29,463.73,72.85,Unpaid,
64,2025-09-28,254.06,59.34,Paid,2025-10-05
65,2025-01-01,201.86,56.52,Partial,
65,2025-01-31,482.2,101.07,Paid,2025-02-10
65,2025-03-02,404.75,95.42,Paid,2025-03-10
65,2025-04-01,269.61,63.21,Partial,
65,2025-05-01,70.88,32.97,Unpaid,
65,2025-05-31,439.19,96.67,Partial,
65,2025-06-30,128.54,36.64,Unpaid,
65,2025-07-30,402.44,80.38,Paid,2025-08-02
65,2025-08-29,299.04,70.23,Paid,2025-08-31
65,2025-09-28,288.44,61.28,Partial,
66,2025-01-01,325.4,72.0,Partial,
66,2025-01-31,244.78,62.81,Unpaid,
66,2025-03-02,345.59,56.5,Unpaid,
66,2025-04-01,445.86,69.54,Partial,
66,2025-05-01,442.64,72.86,Unpaid,
66,2025-05-31,311.16,63.69,Partial,
66,2025-06-30,121.53,33.71,Unpaid,
66,2025-07-30,70.93,30.72,Partial,
66,2025-08-29,222.89,59.86,Paid,2025-09-04
66,2025-09-28,146.67,36.18,Unpaid,
67,2025-01-01,448.86,66.45,Unpaid,
67,2025-01-31,196.87,49.05,Unpaid,
67,2025-03-02,193.88,55.83,Unpaid,
67,2025-04-01,488.99,93.26,Paid,2025-04-07
67,2025-05-01,374.3,89.54,Partial,
67,2025-05-31,109.12,33.57,Paid,2025-06-02
67,2025-06-30,394.59,77.68,Partial,
67,2025-07-30,477.97,101.1,Unpaid,
67,2025-08-29,407.9,85.16,Unpaid,
67,2025-09-28,142.84,36.34,Partial,
68,2025-01-01,68.56,29.64,Unpaid,
68,2025-01-31,276.03,63.42,Unpaid,
68,2025-03-02,411.11,72.08,Partial,
68,2025-04-01,390.32,93.99,Partial,
68,2025-05-01,475.54,68.72,Partial,
68,2025-05-31,186.86,54.58,Paid,2025-06-08
68,2025-06-30,77.01,28.76,Paid,2025-06-30
68,2025-07-30,75.68,33.25,Unpaid,
68,2025-08-29,262.51,62.54,Unpaid,
68,2025-09-28,477.24,107.2,Partial,
69,2025-01-01,138.21,44.19,Partial,
69,2025-01-31,487.15,94.09,Paid,2025-02-11
69,2025-03-02,79.18,33.54,Paid,2025-03-08
69,2025-04-01,118.66,32.84,Paid,2025-04-03
69,2025-05-01,250.48,48.29,Paid,2025-05-08
69,2025-05-31,132.51,37.17,Unpaid,
69,2025-06-30,63.11,29.95,Paid,2025-07-15
69,2025-07-30,244.67,46.8,Partial,
69,2025-08-29,275.07,48.68,Paid,2025-08-29
69,2025-09-28,152.15,45.87,Unpaid,
70,2025-01-01,248.13,68.98,Unpaid,
70,2025-01-31,459.7,66.32,Unpaid,
70,2025-03-02,194.15,57.98,Paid,2025-03-16
70,2025-04-01,352.8,55.5,Paid,2025-04-05
70,2025-05-01,53.47,28.28,Partial,
70,2025-05-31,228.06,56.07,Unpaid,
70,2025-06-30,462.37,78.32,Paid,2025-07-10
70,2025-07-30,86.12,30.02,Unpaid,
70,2025-08-29,280.36,64.06,Unpaid,
70,2025-09-28,66.45,30.15,Paid,2025-10-13
71,2025-01-01,286.41,61.35,Unpaid,
71,2025-01-31,362.59,73.83,Paid,2025-02-10
71,2025-03-02,322.21,62.76,Partial,
71,2025-04-01,372.41,62.3,Partial,
71,2025-05-01,95.89,32.06,Unpaid,
71,2025-05-31,123.93,40.84,Unpaid,
71,2025-06-30,319.09,58.25,Paid,2025-07-07
71,2025-07-30,172.41,49.89,Unpaid,
71,2025-08-29,81.23,31.05,Unpaid,
71,2025-09-28,205.9,44.48,Unpaid,
72,2025-01-01,431.12,75.67,Paid,2025-01-13
72,2025-01-31,304.68,80.48,Partial,
72,2025-03-02,141.61,34.83,Paid,2025-03-14
72,2025-04-01,55.77,27.27,Paid,2025-04-03
72,2025-05-01,247.01,45.88,Paid,2025-05-01
72,2025-05-31,315.82,57.24,Paid,2025-06-15
72,2025-06-30,447.42,73.98,Paid,2025-07-13
72,2025-07-30,152.53,42.24,Paid,2025-08-11
72,2025-08-29,192.57,51.35,Paid,2025-09-07
72,2025-09-28,91.66,37.53,Unpaid,
73,2025-01-01,474.29,85.08,Unpaid,
73,2025-01-31,326.33,66.54,Paid,2025-02-12
73,2025-03-02,398.13,92.65,Unpaid,
73,2025-04-01,61.7,26.86,Partial,
73,2025-05-01,302.39,79.21,Partial,
73,2025-05-31,444.79,106.38,Partial,
73,2025-06-30,161.84,41.41,Partial,
73,2025-07-30,309.1,60.57,Unpaid,
73,2025-08-29,149.79,42.45,Unpaid,
73,2025-09-28,204.42,55.38,Paid,2025-10-01
74,2025-01-01,273.52,61.59,Unpaid,
74,2025-01-31,51.03,25.13,Paid,2025-02-06
74,2025-03-02,383.38,90.81,Paid,2025-03-06
74,2025-04-01,50.68,27.81,Unpaid,
74,2025-05-01,411.38,66.37,Partial,
74,2025-05-31,63.39,32.23,Partial,
74,2025-06-30,498.38,103.25,Paid,2025-07-13
74,2025-07-30,468.39,73.31,Partial,
74,2025-08-29,434.49,96.14,Unpaid,
74,2025-09-28,207.71,54.21,Unpaid,
75,2025-01-01,232.21,64.56,Unpaid,
75,2025-01-31,310.32,52.61,Partial,
75,2025-03-02,241.04,61.59,Paid,2025-03-03
75,2025-04-01,78.13,34.1,Paid,2025-04-03
75,2025-05-01,394.88,91.01,Partial,
75,2025-05-31,418.29,76.55,Paid,2025-06-05
75,2025-06-30,215.93,51.4,Partial,
75,2025-07-30,468.74,105.82,Partial,
75,2025-08-29,172.16,50.55,Paid,2025-09-07
75,2025-09-28,127.46,34.58,Paid,2025-10-05
76,2025-01-01,429.18,89.07,Partial,
76,2025-01-31,67.71,31.74,Unpaid,
76,2025-03-02,241.73,52.29,Paid,2025-03-07
76,2025-04-01,227.77,63.99,Unpaid,
76,2025-05-01,202.84,49.37,Partial,
76,2025-05-31,152.11,47.44,Partial,
76,2025-06-30,110.25,34.59,Partial,
76,2025-07-30,320.36,67.64,Partial,
76,2025-08-29,411.57,90.32,Unpaid,
76,2025-09-28,86.76,36.41,Unpaid,
77,2025-01-01,409.83,75.84,Paid,2025-01-14
77,2025-01-31,393.99,94.44,Unpaid,
77,2025-03-02,107.55,32.35,Partial,
77,2025-04-01,416.82,69.63,Partial,
77,2025-05-01,224.99,48.08,Partial,
77,2025-05-31,53.24,26.76,Unpaid,
77,2025-06-30,122.15,43.65,Paid,2025-07-15
77,2025-07-30,165.04,47.12,Partial,
77,2025-08-29,178.38,43.66,Partial,
77,2025-09-28,396.66,65.86,Unpaid,
78,2025-01-01,498.09,90.06,Unpaid,
78,2025-01-31,311.58,81.44,Paid,2025-02-10
78,2025-03-02,60.99,31.34,Unpaid,
78,2025-04-01,296.5,71.22,Partial,
78,2025-05-01,370.63,57.68,Partial,
78,2025-05-31,208.67,52.17,Paid,2025-06-08
78,2025-06-30,299.7,55.57,Unpaid,
78,2025-07-30,254.99,48.08,Unpaid,
78,2025-08-29,77.6,27.8,Partial,
78,2025-09-28,206.0,46.82,Unpaid,
79,2025-01-01,434.69,87.45,Unpaid,
79,2025-01-31,318.85,82.56,Paid,2025-02-08
79,2025-03-02,373.81,83.19,Partial,
79,2025-04-01,167.53,46.06,Partial,
79,2025-05-01,249.89,46.85,Paid,2025-05-06
79,2025-05-31,196.01,58.61,Unpaid,
79,2025-06-30,319.75,77.15,Unpaid,
79,2025-07-30,361.4,59.19,Unpaid,
79,2025-08-29,450.34,72.03,Partial,
79,2025-09-28,203.19,44.84,Partial,
80,2025-01-01,316.55,52.77,Paid,2025-01-02
80,2025-01-31,114.18,42.24,Unpaid,
80,2025-03-02,497.38,72.04,Paid,2025-03-07
80,2025-04-01,297.08,55.24,Paid,2025-04-08
80,2025-05-01,486.36,99.9,Paid,2025-05-16
80,2025-05-31,282.18,49.69,Partial,
80,2025-06-30,51.24,27.6,Paid,2025-07-08
80,2025-07-30,101.4,36.87,Partial,
80,2025-08-29,317.09,60.23,Unpaid,
80,2025-09-28,352.02,71.06,Unpaid,
81,2025-01-01,454.65,82.54,Unpaid,
81,2025-01-31,190.9,49.54,Partial,
81,2025-03-02,269.37,66.49,Paid,2025-03-11
81,2025-04-01,393.37,79.13,Partial,
81,2025-05-01,278.3,69.83,Unpaid,
81,2025-05-31,490.59,93.06,Unpaid,
81,2025-06-30,129.62,39.69,Unpaid,
81,2025-07-30,241.63,63.49,Partial,
81,2025-08-29,151.86,46.58,Partial,
81,2025-09-28,50.91,27.98,Partial,
82,2025-01-01,409.61,63.26,Partial,
82,2025-01-31,410.98,91.77,Partial,
82,2025-03-02,437.7,71.88,Paid,2025-03-14
82,2025-04-01,344.24,88.52,Paid,2025-04-10
82,2025-05-01,227.55,43.55,Paid,2025-05-10
82,2025-05-31,97.44,31.87,Paid,2025-06-03
82,2025-06-30,83.1,29.22,Paid,2025-07-10
82,2025-07-30,181.62,51.83,Partial,
82,2025-08-29,440.69,100.89,Partial,
82,2025-09-28,217.3,47.79,Partial,
83,2025-01-01,393.74,78.18,Paid,2025-01-13
83,2025-01-31,249.65,52.99,Unpaid,
83,2025-03-02,441.83,67.9,Partial,
83,2025-04-01,121.85,34.84,Unpaid,
83,2025-05-01,148.55,36.71,Unpaid,
83,2025-05-31,63.2,28.41,Unpaid,
83,2025-06-30,476.2,87.5,Partial,
83,2025-07-30,432.88,80.7,Unpaid,
83,2025-08-29,53.19,28.72,Unpaid,
83,2025-09-28,464.58,92.49,Paid,2025-10-01
84,2025-01-01,97.66,38.05,Paid,2025-01-14
84,2025-01-31,161.48,40.89,Unpaid,
84,2025-03-02,280.0,63.84,Partial,
84,2025-04-01,341.0,82.45,Unpaid,
84,2025-05-01,200.86,58.14,Paid,2025-05-16
84,2025-05-31,294.15,64.6,Paid,2025-06-11
84,2025-06-30,442.29,78.85,Partial,
84,2025-07-30,80.59,33.25,Paid,2025-08-09
84,2025-08-29,89.7,36.69,Partial,
84,2025-09-28,374.35,76.55,Unpaid,
85,2025-01-01,82.64,29.06,Partial,
85,2025-01-31,488.25,80.73,Paid,2025-02-14
85,2025-03-02,127.67,38.17,Partial,
85,2025-04-01,264.45,64.04,Partial,
85,2025-05-01,241.32,56.02,Partial,
85,2025-05-31,64.11,31.59,Partial,
85,2025-06-30,483.5,94.18,Unpaid,
85,2025-07-30,353.45,63.19,Paid,2025-08-03
85,2025-08-29,284.04,57.21,Paid,2025-09-01
85,2025-09-28,383.59,59.91,Unpaid,
86,2025-01-01,263.78,64.33,Unpaid,
86,2025-01-31,428.61,69.23,Partial,
86,2025-03-02,331.69,65.35,Paid,2025-03-15
86,2025-04-01,469.32,107.31,Unpaid,
86,2025-05-01,324.8,82.35,Partial,
86,2025-05-31,125.28,37.44,Unpaid,
86,2025-06-30,426.2,67.43,Unpaid,
86,2025-07-30,55.9,29.01,Partial,
86,2025-08-29,162.35,40.8,Paid,2025-09-09
86,2025-09-28,306.01,54.46,Unpaid,
87,2025-01-01,74.41,30.46,Paid,2025-01-05
87,2025-01-31,267.15,58.69,Paid,2025-02-14
87,2025-03-02,276.23,65.23,Partial,
87,2025-04-01,106.28,31.91,Unpaid,
87,2025-05-01,480.76,93.19,Paid,2025-05-03
87,2025-05-31,383.82,85.72,Unpaid,
87,2025-06-30,396.26,93.83,Paid,2025-07-10
87,2025-07-30,496.35,75.27,Paid,2025-08-04
87,2025-08-29,225.21,48.56,Partial,
87,2025-09-28,240.85,62.02,Unpaid,
88,2025-01-01,166.86,45.79,Partial,
88,2025-01-31,494.15,88.78,Paid,2025-02-08
88,2025-03-02,242.42,64.87,Partial,
88,2025-04-01,447.42,71.22,Paid,2025-04-08
88,2025-05-01,91.44,34.88,Partial,
88,2025-05-31,85.84,31.31,Unpaid,
88,2025-06-30,400.2,62.86,Partial,
88,2025-07-30,457.95,105.38,Paid,2025-08-05
88,2025-08-29,400.64,75.59,Unpaid,
88,2025-09-28,185.83,50.57,Partial,
89,2025-01-01,175.92,53.98,Partial,
89,2025-01-31,86.83,32.95,Unpaid,
89,2025-03-02,111.91,34.99,Partial,
89,2025-04-01,459.93,69.32,Partial,
89,2025-05-01,259.31,71.15,Paid,2025-05-01
89,2025-05-31,468.25,74.47,Unpaid,
89,2025-06-30,306.12,63.81,Unpaid,
89,2025-07-30,100.75,32.56,Paid,2025-08-02
89,2025-08-29,283.92,67.04,Unpaid,
89,2025-09-28,149.94,39.94,Partial,
90,2025-01-01,362.75,57.95,Unpaid,
90,2025-01-31,448.94,94.86,Unpaid,
90,2025-03-02,304.59,70.43,Paid,2025-03-02
90,2025-04-01,258.7,46.22,Paid,2025-04-08
90,2025-05-01,244.43,67.07,Unpaid,
90,2025-05-31,119.85,38.13,Paid,2025-06-02
90,2025-06-30,454.17,91.69,Partial,
90,2025-07-30,153.64,43.67,Partial,
90,2025-08-29,385.05,90.77,Paid,2025-09-03
90,2025-09-28,288.1,73.18,Partial,
91,2025-01-01,292.34,54.06,Paid,2025-01-15
91,2025-01-31,338.79,84.25,Unpaid,
91,2025-03-02,417.87,80.87,Partial,
91,2025-04-01,370.76,68.34,Paid,2025-04-09
91,2025-05-01,408.31,61.56,Unpaid,
91,2025-05-31,75.92,28.92,Paid,2025-06-15
91,2025-06-30,383.04,82.05,Paid,2025-07-14
91,2025-07-30,190.8,50.03,Paid,2025-08-06
91,2025-08-29,261.25,64.24,Paid,2025-09-06
91,2025-09-28,252.56,67.03,Paid,2025-10-07
92,2025-01-01,497.33,112.31,Partial,
92,2025-01-31,485.16,72.86,Unpaid,
92,2025-03-02,129.05,33.06,Partial,
92,2025-04-01,240.21,62.47,Unpaid,
92,2025-05-01,389.77,61.96,Unpaid,
92,2025-05-31,248.77,59.07,Unpaid,
92,2025-06-30,101.85,34.27,Paid,2025-07-09
92,2025-07-30,337.96,73.64,Partial,
92,2025-08-29,420.65,79.59,Partial,
92,2025-09-28,83.75,36.52,Partial,
93,2025-01-01,454.12,110.1,Partial,
93,2025-01-31,138.71,47.24,Paid,2025-02-10
93,2025-03-02,409.39,88.11,Paid,2025-03-14
93,2025-04-01,236.61,46.83,Partial,
93,2025-05-01,204.34,40.87,Partial,
93,2025-05-31,185.05,49.09,Unpaid,
93,2025-06-30,71.42,29.64,Partial,
93,2025-07-30,63.8,29.87,Unpaid,
93,2025-08-29,371.5,71.24,Paid,2025-09-05
93,2025-09-28,289.98,63.53,Partial,
94,2025-01-01,50.82,29.58,Paid,2025-01-13
94,2025-01-31,60.97,28.71,Paid,2025-02-03
94,2025-03-02,475.17,78.61,Partial,
94,2025-04-01,140.0,40.27,Partial,
94,2025-05-01,429.58,99.19,Unpaid,
94,2025-05-31,54.25,28.51,Partial,
94,2025-06-30,321.42,70.99,Paid,2025-07-03
94,2025-07-30,485.8,98.5,Unpaid,
94,2025-08-29,406.65,100.33,Paid,2025-08-30
94,2025-09-28,240.99,51.95,Unpaid,
95,2025-01-01,254.5,67.81,Paid,2025-01-14
95,2025-01-31,58.23,27.35,Partial,
95,2025-03-02,64.37,26.94,Partial,
95,2025-04-01,480.32,75.12,Unpaid,
95,2025-05-01,487.65,71.28,Paid,2025-05-03
95,2025-05-31,192.83,57.58,Unpaid,
95,2025-06-30,392.46,61.27,Paid,2025-07-04
95,2025-07-30,75.71,29.99,Unpaid,
95,2025-08-29,141.93,41.7,Unpaid,
95,2025-09-28,408.81,80.79,Unpaid,
96,2025-01-01,209.99,50.04,Paid,2025-01-08
96,2025-01-31,204.58,53.5,Unpaid,
96,2025-03-02,175.58,40.87,Paid,2025-03-05
96,2025-04-01,126.56,39.66,Unpaid,
96,2025-05-01,286.09,69.02,Paid,2025-05-07
96,2025-05-31,54.24,27.59,Partial,
96,2025-06-30,466.92,97.93,Partial,
96,2025-07-30,107.1,40.27,Partial,
96,2025-08-29,273.25,63.68,Partial,
96,2025-09-28,301.84,74.03,Partial,
97,2025-01-01,120.39,32.64,Paid,2025-01-06
97,2025-01-31,133.9,36.98,Paid,2025-02-12
97,2025-03-02,483.18,113.69,Paid,2025-03-07
97,2025-04-01,207.5,52.37,Unpaid,
97,2025-05-01,263.37,59.01,Paid,2025-05-11
97,2025-05-31,351.34,78.07,Paid,2025-06-01
97,2025-06-30,416.11,94.41,Unpaid,
97,2025-07-30,257.12,66.51,Partial,
97,2025-08-29,459.65,77.33,Paid,2025-09-10
97,2025-09-28,380.69,61.06,Paid,2025-10-05
98,2025-01-01,153.16,48.2,Unpaid,
98,2025-01-31,160.59,36.65,Unpaid,
98,2025-03-02,214.23,60.35,Unpaid,
98,2025-04-01,171.37,40.96,Paid,2025-04-01
98,2025-05-01,229.45,65.42,Paid,2025-05-14
98,2025-05-31,317.07,59.36,Unpaid,
98,2025-06-30,290.92,66.38,Partial,
98,2025-07-30,323.65,59.57,Unpaid,
98,2025-08-29,297.01,66.7,Unpaid,
98,2025-09-28,377.93,75.44,Paid,2025-10-12
99,2025-01-01,170.11,37.41,Unpaid,
99,2025-01-31,469.85,69.4,Paid,2025-02-03
99,2025-03-02,219.09,53.34,Partial,
99,2025-04-01,166.51,36.85,Partial,
99,2025-05-01,228.45,65.21,Paid,2025-05-03
99,2025-05-31,494.54,110.54,Paid,2025-06-15
99,2025-06-30,362.18,59.89,Partial,
99,2025-07-30,234.31,51.9,Paid,2025-08-04
99,2025-08-29,229.66,48.7,Unpaid,
99,2025-09-28,228.48,62.15,Paid,2025-10-10
100,2025-01-01,437.66,100.25,Partial,
100,2025-01-31,453.49,105.91,Partial,
100,2025-03-02,268.79,63.17,Paid,2025-03-03
100,2025-04-01,102.23,33.27,Partial,
100,2025-05-01,334.74,67.78,Paid,2025-05-03
100,2025-05-31,456.41,92.48,Partial,
100,2025-06-30,204.4,40.71,Paid,2025-07-05
100,2025-07-30,452.23,94.16,Partial,
100,2025-08-29,400.15,66.13,Unpaid,
100,2025-09-28,182.72,43.75,Unpaid,
101,2025-01-01,118.02,35.49,Partial,
101,2025-01-31,433.2,96.27,Paid,2025-02-09
101,2025-03-02,169.69,52.5,Paid,2025-03-14
101,2025-04-01,263.99,58.14,Partial,
101,2025-05-01,177.26,44.57,Partial,
101,2025-05-31,494.12,108.18,Paid,2025-06-01
101,2025-06-30,308.87,52.08,Unpaid,
101,2025-07-30,287.35,72.72,Unpaid,
101,2025-08-29,187.39,46.77,Paid,2025-09-13
101,2025-09-28,231.17,50.79,Unpaid,
102,2025-01-01,412.4,72.44,Unpaid,
102,2025-01-31,424.17,100.84,Partial,
102,2025-03-02,371.95,60.45,Unpaid,
102,2025-04-01,296.32,60.18,Unpaid,
102,2025-05-01,170.62,53.74,Partial,
102,2025-05-31,432.13,67.8,Partial,
102,2025-06-30,400.7,64.05,Partial,
102,2025-07-30,237.97,57.23,Partial,
102,2025-08-29,193.84,42.72,Paid,2025-09-05
102,2025-09-28,87.82,30.97,Paid,2025-10-05
103,2025-01-01,491.15,79.2,Unpaid,
103,2025-01-31,464.06,74.03,Unpaid,
103,2025-03-02,416.9,75.22,Unpaid,
103,2025-04-01,157.82,39.33,Paid,2025-04-01
103,2025-05-01,327.99,77.46,Partial,
103,2025-05-31,330.62,79.09,Partial,
103,2025-06-30,124.87,43.93,Paid,2025-07-05
103,2025-07-30,234.79,59.41,Partial,
103,2025-08-29,318.91,63.82,Paid,2025-09-10
103,2025-09-28,111.07,33.75,Paid,2025-10-04
104,2025-01-01,432.96,68.61,Partial,
104,2025-01-31,63.75,31.04,Partial,
104,2025-03-02,374.61,63.49,Partial,
104,2025-04-01,278.83,50.35,Partial,
104,2025-05-01,460.94,77.2,Paid,2025-05-11
104,2025-05-31,404.52,87.89,Partial,
104,2025-06-30,427.95,73.57,Paid,2025-07-06
104,2025-07-30,335.19,66.45,Paid,2025-07-30
104,2025-08-29,464.52,92.74,Partial,
104,2025-09-28,241.64,65.77,Partial,
105,2025-01-01,64.49,26.58,Paid,2025-01-09
105,2025-01-31,350.91,86.72,Paid,2025-02-12
105,2025-03-02,292.43,53.39,Partial,
105,2025-04-01,496.31,95.26,Unpaid,
105,2025-05-01,323.29,78.76,Unpaid,
105,2025-05-31,143.11,37.89,Unpaid,
105,2025-06-30,200.91,49.15,Paid,2025-07-14
105,2025-07-30,323.78,56.77,Partial,
105,2025-08-29,469.66,102.19,Paid,2025-09-12
105,2025-09-28,251.12,60.25,Paid,2025-10-11
106,2025-01-01,74.38,34.24,Unpaid,
106,2025-01-31,147.8,38.0,Partial,
106,2025-03-02,378.69,59.31,Unpaid,
106,2025-04-01,265.58,60.36,Paid,2025-04-06
106,2025-05-01,193.41,48.98,Paid,2025-05-05
106,2025-05-31,317.14,73.43,Partial,
106,2025-06-30,141.27,43.64,Partial,
106,2025-07-30,74.75,33.82,Partial,
106,2025-08-29,216.06,44.13,Unpaid,
106,2025-09-28,336.99,53.76,Unpaid,
107,2025-01-01,484.5,109.19,Unpaid,
107,2025-01-31,84.28,31.76,Paid,2025-02-05
107,2025-03-02,461.33,98.62,Unpaid,
107,2025-04-01,339.74,71.78,Partial,
107,2025-05-01,475.69,95.31,Paid,2025-05-02
107,2025-05-31,340.29,76.53,Unpaid,
107,2025-06-30,325.45,79.74,Paid,2025-07-05
107,2025-07-30,262.4,58.73,Unpaid,
107,2025-08-29,451.32,77.52,Unpaid,
107,2025-09-28,482.71,112.3,Unpaid,
108,2025-01-01,334.56,59.19,Paid,2025-01-02
108,2025-01-31,297.83,62.06,Partial,
108,2025-03-02,246.98,65.14,Partial,
108,2025-04-01,278.49,66.59,Partial,
108,2025-05-01,412.0,89.06,Paid,2025-05-04
108,2025-05-31,185.08,50.31,Unpaid,
108,2025-06-30,482.73,105.72,Partial,
108,2025-07-30,333.79,80.61,Unpaid,
108,2025-08-29,378.62,61.0,Unpaid,
108,2025-09-28,368.3,76.12,Partial,
109,2025-01-01,445.71,73.77,Unpaid,
109,2025-01-31,314.92,76.73,Paid,2025-02-15
109,2025-03-02,173.8,41.71,Paid,2025-03-10
109,2025-04-01,495.27,86.12,Partial,
109,2025-05-01,107.38,32.15,Unpaid,
109,2025-05-31,281.4,50.9,Unpaid,
109,2025-06-30,219.53,46.36,Partial,
109,2025-07-30,390.77,85.72,Unpaid,
109,2025-08-29,56.72,26.47,Partial,
109,2025-09-28,130.11,44.8,Partial,
110,2025-01-01,117.57,35.66,Partial,
110,2025-01-31,229.09,60.53,Partial,
110,2025-03-02,138.33,47.67,Unpaid,
110,2025-04-01,191.32,55.45,Partial,
110,2025-05-01,228.91,64.43,Paid,2025-05-06
110,2025-05-31,345.2,58.14,Partial,
110,2025-06-30,58.49,28.53,Unpaid,
110,2025-07-30,419.23,88.45,Unpaid,
110,2025-08-29,72.06,31.31,Unpaid,
110,2025-09-28,427.62,77.66,Paid,2025-09-29
111,2025-01-01,129.3,44.8,Partial,
111,2025-01-31,466.26,75.06,Unpaid,
111,2025-03-02,294.93,57.03,Paid,2025-03-16
111,2025-04-01,444.99,103.47,Paid,2025-04-06
111,2025-05-01,168.62,41.32,Paid,2025-05-10
111,2025-05-31,462.92,71.58,Paid,2025-06-01
111,2025-06-30,89.66,29.89,Unpaid,
111,2025-07-30,428.49,96.97,Partial,
111,2025-08-29,143.89,42.07,Paid,2025-09-03
111,2025-09-28,163.67,45.49,Partial,
112,2025-01-01,279.52,74.15,Unpaid,
112,2025-01-31,407.59,75.0,Paid,2025-02-08
112,2025-03-02,373.07,70.1,Partial,
112,2025-04-01,372.88,82.14,Paid,2025-04-16
112,2025-05-01,397.65,77.97,Partial,
112,2025-05-31,464.08,70.18,Partial,
112,2025-06-30,76.77,28.95,Partial,
112,2025-07-30,189.37,46.05,Unpaid,
112,2025-08-29,111.92,32.84,Paid,2025-09-06
112,2025-09-28,147.22,44.47,Paid,2025-10-07
113,2025-01-01,221.43,42.33,Paid,2025-01-11
113,2025-01-31,157.14,51.23,Paid,2025-02-07
113,2025-03-02,60.21,31.75,Partial,
113,2025-04-01,347.9,74.45,Partial,
113,2025-05-01,416.16,68.99,Paid,2025-05-01
113,2025-05-31,102.16,32.04,Unpaid,
113,2025-06-30,52.97,28.44,Unpaid,
113,2025-07-30,425.55,64.62,Partial,
113,2025-08-29,93.34,32.25,Paid,2025-09-10
113,2025-09-28,183.43,54.47,Partial,
114,2025-01-01,216.49,54.48,Unpaid,
114,2025-01-31,132.95,45.06,Paid,2025-02-08
114,2025-03-02,366.35,63.11,Partial,
114,2025-04-01,492.96,75.41,Unpaid,
114,2025-05-01,319.37,77.66,Unpaid,
114,2025-05-31,318.75,65.24,Paid,2025-06-05
114,2025-06-30,173.42,43.01,Partial,
114,2025-07-30,278.39,48.4,Unpaid,
114,2025-08-29,177.9,45.82,Unpaid,
114,2025-09-28,109.31,34.43,Partial,
115,2025-01-01,284.83,63.05,Partial,
115,2025-01-31,270.35,70.83,Paid,2025-02-02
115,2025-03-02,459.83,96.04,Unpaid,
115,2025-04-01,375.97,58.82,Partial,
115,2025-05-01,211.5,58.67,Partial,
115,2025-05-31,309.99,64.41,Unpaid,
115,2025-06-30,124.06,43.06,Unpaid,
115,2025-07-30,493.34,96.27,Partial,
115,2025-08-29,69.35,29.42,Partial,
115,2025-09-28,371.72,61.46,Unpaid,
116,2025-01-01,492.96,75.31,Unpaid,
116,2025-01-31,328.58,84.72,Paid,2025-02-01
116,2025-03-02,297.56,68.38,Paid,2025-03-10
116,2025-04-01,69.37,29.78,Partial,
116,2025-05-01,54.43,26.36,Unpaid,
116,2025-05-31,342.35,56.19,Unpaid,
116,2025-06-30,282.21,48.36,Unpaid,
116,2025-07-30,250.55,52.49,Paid,2025-08-03
116,2025-08-29,305.95,54.48,Partial,
116,2025-09-28,489.17,92.0,Paid,2025-10-09
117,2025-01-01,449.82,78.47,Paid,2025-01-05
117,2025-01-31,352.61,65.8,Paid,2025-02-13
117,2025-03-02,337.28,60.44,Paid,2025-03-10
117,2025-04-01,399.58,86.76,Paid,2025-04-13
117,2025-05-01,378.01,74.91,Unpaid,
117,2025-05-31,457.39,103.53,Partial,
117,2025-06-30,231.54,58.99,Partial,
117,2025-07-30,218.93,46.33,Unpaid,
117,2025-08-29,183.61,49.6,Unpaid,
117,2025-09-28,378.78,86.81,Unpaid,
118,2025-01-01,122.27,43.52,Unpaid,
118,2025-01-31,249.2,60.99,Unpaid,
118,2025-03-02,53.37,30.32,Unpaid,
118,2025-04-01,391.76,73.86,Unpaid,
118,2025-05-01,109.13,35.05,Partial,
118,2025-05-31,362.98,61.58,Partial,
118,2025-06-30,251.38,60.17,Partial,
118,2025-07-30,111.56,39.3,Paid,2025-08-06
118,2025-08-29,121.69,37.16,Unpaid,
118,2025-09-28,315.68,52.23,Partial,
119,2025-01-01,129.14,39.69,Partial,
119,2025-01-31,162.28,36.99,Unpaid,
119,2025-03-02,215.02,47.19,Paid,2025-03-05
119,2025-04-01,303.14,53.16,Paid,2025-04-12
119,2025-05-01,127.21,41.79,Unpaid,
119,2025-05-31,165.67,41.54,Unpaid,
119,2025-06-30,153.47,47.13,Paid,2025-07-15
119,2025-07-30,487.55,108.3,Partial,
119,2025-08-29,242.33,51.39,Paid,2025-09-13
119,2025-09-28,454.89,84.76,Unpaid,
120,2025-01-01,73.53,31.08,Partial,
120,2025-01-31,451.08,95.62,Partial,
120,2025-03-02,103.91,40.58,Paid,2025-03-17
120,2025-04-01,217.02,51.77,Partial,
120,2025-05-01,177.41,42.26,Partial,
120,2025-05-31,215.82,47.81,Paid,2025-06-13
120,2025-06-30,93.06,32.82,Unpaid,
120,2025-07-30,368.42,76.84,Partial,
120,2025-08-29,334.99,56.71,Paid,2025-09-09
120,2025-09-28,323.13,70.0,Partial,
121,2025-01-01,182.07,49.08,Paid,2025-01-06
121,2025-01-31,195.71,48.7,Paid,2025-02-06
121,2025-03-02,342.99,57.19,Paid,2025-03-07
121,2025-04-01,55.61,28.59,Partial,
121,2025-05-01,109.95,38.98,Partial,
121,2025-05-31,235.02,50.58,Partial,
121,2025-06-30,158.22,43.18,Paid,2025-07-08
121,2025-07-30,411.12,87.38,Paid,2025-08-03
121,2025-08-29,477.49,105.55,Unpaid,
121,2025-09-28,115.84,42.13,Unpaid,
122,2025-01-01,293.63,55.88,Unpaid,
122,2025-01-31,475.05,110.96,Partial,
122,2025-03-02,425.63,66.17,Unpaid,
122,2025-04-01,81.41,32.84,Partial,
122,2025-05-01,460.23,89.67,Paid,2025-05-12
122,2025-05-31,62.49,29.61,Partial,
122,2025-06-30,117.66,41.52,Paid,2025-07-12
122,2025-07-30,102.16,39.71,Partial,
122,2025-08-29,140.55,47.27,Partial,
122,2025-09-28,111.73,33.35,Unpaid,
123,2025-01-01,412.8,63.91,Paid,2025-01-13
123,2025-01-31,381.61,80.99,Unpaid,
123,2025-03-02,419.59,74.3,Partial,
123,2025-04-01,340.53,86.85,Partial,
123,2025-05-01,395.35,84.97,Partial,
123,2025-05-31,161.32,45.97,Unpaid,
123,2025-06-30,482.64,112.75,Paid,2025-07-09
123,2025-07-30,270.79,51.28,Partial,
123,2025-08-29,61.23,29.92,Partial,
123,2025-09-28,151.4,42.64,Partial,
124,2025-01-01,422.08,97.11,Unpaid,
124,2025-01-31,319.11,51.94,Unpaid,
124,2025-03-02,340.39,78.7,Paid,2025-03-10
124,2025-04-01,227.36,56.1,Paid,2025-04-13
124,2025-05-01,172.93,37.67,Paid,2025-05-07
124,2025-05-31,161.07,44.53,Unpaid,
124,2025-06-30,377.53,80.78,Unpaid,
124,2025-07-30,455.61,103.9,Paid,2025-08-11
124,2025-08-29,68.86,31.73,Partial,
124,2025-09-28,293.49,59.31,Paid,2025-10-03
125,2025-01-01,305.87,67.46,Paid,2025-01-10
125,2025-01-31,344.51,64.02,Partial,
125,2025-03-02,191.4,42.07,Paid,2025-03-16
125,2025-04-01,459.16,101.76,Unpaid,
125,2025-05-01,463.11,96.86,Paid,2025-05-01
125,2025-05-31,493.07,77.75,Partial,
125,2025-06-30,265.48,47.11,Partial,
125,2025-07-30,90.27,31.86,Unpaid,
125,2025-08-29,66.6,26.73,Unpaid,
125,2025-09-28,79.11,34.66,Partial,
126,2025-01-01,203.42,60.52,Partial,
126,2025-01-31,333.0,67.27,Partial,
126,2025-03-02,428.68,64.26,Partial,
126,2025-04-01,410.51,77.88,Unpaid,
126,2025-05-01,86.03,34.19,Unpaid,
126,2025-05-31,245.5,45.54,Partial,
126,2025-06-30,363.49,60.1,Partial,
126,2025-07-30,426.62,71.23,Unpaid,
126,2025-08-29,300.32,68.04,Unpaid,
126,2025-09-28,79.66,29.42,Unpaid,
127,2025-01-01,252.13,56.9,Paid,2025-01-16
127,2025-01-31,137.46,47.29,Paid,2025-02-08
127,2025-03-02,99.37,31.57,Partial,
127,2025-04-01,132.23,38.25,Partial,
127,2025-05-01,448.84,108.47,Partial,
127,2025-05-31,386.13,95.7,Partial,
127,2025-06-30,144.01,37.03,Paid,2025-07-11
127,2025-07-30,460.6,99.47,Unpaid,
127,2025-08-29,493.48,71.23,Unpaid,
127,2025-09-28,168.76,52.85,Paid,2025-10-07
128,2025-01-01,158.29,39.57,Paid,2025-01-16
128,2025-01-31,374.71,58.57,Paid,2025-01-31
128,2025-03-02,290.51,57.02,Paid,2025-03-07
128,2025-04-01,184.29,38.76,Partial,
128,2025-05-01,358.55,85.3,Paid,2025-05-14
128,2025-05-31,94.28,31.04,Unpaid,
128,2025-06-30,374.1,57.54,Partial,
128,2025-07-30,427.65,77.78,Partial,
128,2025-08-29,146.03,37.37,Unpaid,
128,2025-09-28,265.92,68.42,Partial,
129,2025-01-01,433.1,78.19,Unpaid,
129,2025-01-31,308.87,78.88,Partial,
129,2025-03-02,274.08,73.79,Partial,
129,2025-04-01,50.09,25.28,Unpaid,
129,2025-05-01,211.84,58.91,Unpaid,
129,2025-05-31,348.76,80.75,Partial,
129,2025-06-30,406.53,79.54,Paid,2025-07-14
129,2025-07-30,147.37,40.65,Partial,
129,2025-08-29,368.0,64.24,Unpaid,
129,2025-09-28,346.07,82.45,Unpaid,
130,2025-01-01,480.56,68.37,Partial,
130,2025-01-31,221.69,55.53,Paid,2025-02-08
130,2025-03-02,277.3,49.31,Unpaid,
130,2025-04-01,236.87,62.68,Partial,
130,2025-05-01,297.84,65.17,Unpaid,
130,2025-05-31,467.87,101.14,Paid,2025-06-09
130,2025-06-30,159.2,50.29,Partial,
130,2025-07-30,197.3,59.43,Paid,2025-08-04
130,2025-08-29,204.58,59.9,Partial,
130,2025-09-28,305.38,56.74,Paid,2025-10-13
131,2025-01-01,88.91,29.85,Partial,
131,2025-01-31,181.18,54.59,Paid,2025-02-03
131,2025-03-02,382.66,68.6,Partial,
131,2025-04-01,178.84,46.91,Paid,2025-04-15
131,2025-05-01,484.36,77.45,Unpaid,
131,2025-05-31,388.9,63.97,Unpaid,
131,2025-06-30,342.13,55.55,Partial,
131,2025-07-30,334.27,76.78,Unpaid,
131,2025-08-29,91.83,29.93,Partial,
131,2025-09-28,408.69,78.4,Partial,
132,2025-01-01,251.19,56.06,Paid,2025-01-08
132,2025-01-31,404.05,84.41,Partial,
132,2025-03-02,212.88,55.21,Paid,2025-03-11
132,2025-04-01,54.78,26.8,Unpaid,
132,2025-05-01,458.08,77.09,Unpaid,
132,2025-05-31,241.4,56.22,Unpaid,
132,2025-06-30,264.96,57.37,Partial,
132,2025-07-30,360.73,81.12,Paid,2025-08-09
132,2025-08-29,448.53,74.33,Partial,
132,2025-09-28,328.92,54.2,Partial,
133,2025-01-01,89.37,33.32,Paid,2025-01-08
133,2025-01-31,481.11,112.47,Paid,2025-02-13
133,2025-03-02,54.25,26.5,Partial,
133,2025-04-01,241.15,57.71,Paid,2025-04-09
133,2025-05-01,108.46,36.8,Unpaid,
133,2025-05-31,436.46,89.34,Partial,
133,2025-06-30,235.7,57.47,Unpaid,
133,2025-07-30,306.14,73.88,Paid,2025-08-03
133,2025-08-29,341.38,69.89,Partial,
133,2025-09-28,460.8,111.7,Unpaid,
134,2025-01-01,256.15,64.52,Unpaid,
134,2025-01-31,76.97,34.17,Unpaid,
134,2025-03-02,341.51,67.78,Paid,2025-03-03
134,2025-04-01,98.71,31.12,Paid,2025-04-14
134,2025-05-01,124.36,33.38,Partial,
134,2025-05-31,246.75,59.6,Unpaid,
134,2025-06-30,63.83,31.33,Partial,
134,2025-07-30,243.69,64.13,Unpaid,
134,2025-08-29,134.66,46.36,Paid,2025-09-01
134,2025-09-28,421.9,62.93,Paid,2025-10-07
135,2025-01-01,154.4,37.74,Partial,
135,2025-01-31,159.22,48.28,Paid,2025-02-09
135,2025-03-02,311.12,68.94,Paid,2025-03-17
135,2025-04-01,74.46,28.14,Unpaid,
135,2025-05-01,487.53,110.94,Unpaid,
135,2025-05-31,283.29,61.63,Partial,
135,2025-06-30,69.67,30.59,Unpaid,
135,2025-07-30,179.95,47.88,Paid,2025-08-06
135,2025-08-29,435.33,101.15,Unpaid,
135,2025-09-28,192.1,47.26,Partial,
136,2025-01-01,434.49,63.63,Paid,2025-01-13
136,2025-01-31,410.58,70.68,Partial,
136,2025-03-02,299.42,59.21,Partial,
136,2025-04-01,425.9,100.99,Unpaid,
136,2025-05-01,409.59,90.34,Unpaid,
136,2025-05-31,259.52,50.49,Paid,2025-06-08
136,2025-06-30,292.19,69.64,Partial,
136,2025-07-30,238.06,61.84,Unpaid,
136,2025-08-29,429.6,70.47,Unpaid,
136,2025-09-28,183.1,38.99,Partial,
137,2025-01-01,425.04,100.89,Paid,2025-01-12
137,2025-01-31,236.53,49.73,Unpaid,
137,2025-03-02,404.45,81.88,Partial,
137,2025-04-01,354.49,85.46,Partial,
137,2025-05-01,382.76,77.7,Unpaid,
137,2025-05-31,53.92,26.08,Unpaid,
137,2025-06-30,207.84,51.19,Paid,2025-07-05
137,2025-07-30,392.19,95.34,Paid,2025-07-31
137,2025-08-29,476.22,109.25,Unpaid,
137,2025-09-28,320.21,57.15,Unpaid,
138,2025-01-01,468.17,89.95,Unpaid,
138,2025-01-31,294.42,65.17,Unpaid,
138,2025-03-02,357.46,90.34,Partial,
138,2025-04-01,434.81,89.32,Partial,
138,2025-05-01,106.9,33.95,Paid,2025-05-01
138,2025-05-31,81.42,32.49,Partial,
138,2025-06-30,288.85,55.46,Paid,2025-07-15
138,2025-07-30,441.16,95.15,Paid,2025-08-10
138,2025-08-29,147.6,41.47,Unpaid,
138,2025-09-28,202.64,48.34,Unpaid,
139,2025-01-01,295.28,51.52,Partial,
139,2025-01-31,411.23,84.58,Partial,
139,2025-03-02,273.96,69.52,Unpaid,
139,2025-04-01,383.32,83.57,Partial,
139,2025-05-01,445.65,72.21,Paid,2025-05-12
139,2025-05-31,137.24,40.37,Paid,2025-06-07
139,2025-06-30,483.42,73.47,Unpaid,
139,2025-07-30,403.55,64.57,Partial,
139,2025-08-29,491.62,117.84,Unpaid,
139,2025-09-28,207.18,41.19,Partial,
140,2025-01-01,228.16,59.94,Partial,
140,2025-01-31,309.38,60.6,Paid,2025-02-01
140,2025-03-02,432.69,75.75,Partial,
140,2025-04-01,151.92,38.77,Unpaid,
140,2025-05-01,50.02,27.71,Paid,2025-05-02
140,2025-05-31,272.22,64.46,Unpaid,
140,2025-06-30,441.66,67.78,Paid,2025-07-05
140,2025-07-30,414.52,78.46,Unpaid,
140,2025-08-29,61.01,29.93,Partial,
140,2025-09-28,437.7,93.07,Partial,
141,2025-01-01,464.91,98.79,Partial,
141,2025-01-31,136.33,43.13,Partial,
141,2025-03-02,382.06,71.34,Unpaid,
141,2025-04-01,66.13,29.19,Paid,2025-04-08
141,2025-05-01,254.37,52.77,Paid,2025-05-13
141,2025-05-31,146.93,43.48,Unpaid,
141,2025-06-30,78.91,31.03,Unpaid,
141,2025-07-30,183.14,53.11,Paid,2025-08-10
141,2025-08-29,261.89,56.57,Unpaid,
141,2025-09-28,116.24,31.85,Unpaid,
142,2025-01-01,189.46,54.29,Paid,2025-01-13
142,2025-01-31,51.78,29.81,Paid,2025-02-08
142,2025-03-02,484.14,96.71,Unpaid,
142,2025-04-01,59.37,27.9,Paid,2025-04-02
142,2025-05-01,193.1,40.99,Unpaid,
142,2025-05-31,460.32,84.54,Partial,
142,2025-06-30,77.89,28.49,Partial,
142,2025-07-30,185.86,47.67,Partial,
142,2025-08-29,199.26,53.25,Paid,2025-09-06
142,2025-09-28,331.21,81.47,Unpaid,
143,2025-01-01,489.25,87.79,Unpaid,
143,2025-01-31,297.86,64.97,Unpaid,
143,2025-03-02,344.04,60.56,Partial,
143,2025-04-01,159.2,47.96,Paid,2025-04-05
143,2025-05-01,223.2,61.88,Paid,2025-05-04
143,2025-05-31,147.63,49.34,Paid,2025-06-05
143,2025-06-30,305.86,57.64,Unpaid,
143,2025-07-30,470.2,67.04,Paid,2025-08-03
143,2025-08-29,290.54,76.14,Unpaid,
143,2025-09-28,157.63,44.75,Paid,2025-10-03
144,2025-01-01,207.88,56.91,Partial,
144,2025-01-31,115.72,42.77,Unpaid,
144,2025-03-02,303.44,76.41,Unpaid,
144,2025-04-01,389.88,61.36,Paid,2025-04-16
144,2025-05-01,315.32,53.85,Partial,
144,2025-05-31,127.81,45.12,Unpaid,
144,2025-06-30,459.36,78.05,Unpaid,
144,2025-07-30,442.86,106.52,Partial,
144,2025-08-29,350.79,70.29,Unpaid,
144,2025-09-28,351.43,85.58,Partial,
145,2025-01-01,162.0,52.34,Unpaid,
145,2025-01-31,355.69,82.89,Paid,2025-02-08
145,2025-03-02,401.4,86.22,Unpaid,
145,2025-04-01,68.28,28.05,Paid,2025-04-06
145,2025-05-01,347.78,79.3,Unpaid,
145,2025-05-31,171.52,45.86,Paid,2025-06-14
145,2025-06-30,66.12,31.27,Partial,
145,2025-07-30,272.59,51.75,Paid,2025-08-02
145,2025-08-29,230.49,55.09,Partial,
145,2025-09-28,229.31,49.27,Partial,
146,2025-01-01,51.14,25.76,Partial,
146,2025-01-31,112.1,38.99,Unpaid,
146,2025-03-02,350.44,72.48,Unpaid,
146,2025-04-01,69.57,33.12,Unpaid,
146,2025-05-01,145.87,36.37,Partial,
146,2025-05-31,476.05,106.96,Unpaid,
146,2025-06-30,76.84,33.44,Unpaid,
146,2025-07-30,490.34,105.73,Unpaid,
146,2025-08-29,211.98,47.72,Unpaid,
146,2025-09-28,80.82,28.88,Partial,
147,2025-01-01,55.9,27.34,Partial,
147,2025-01-31,103.75,37.88,Partial,
147,2025-03-02,185.57,53.37,Paid,2025-03-09
147,2025-04-01,463.9,79.9,Paid,2025-04-06
147,2025-05-01,350.47,88.21,Partial,
147,2025-05-31,91.89,32.54,Unpaid,
147,2025-06-30,421.0,65.01,Partial,
147,2025-07-30,338.04,66.13,Partial,
147,2025-08-29,68.84,30.58,Partial,
147,2025-09-28,388.16,95.28,Unpaid,
148,2025-01-01,496.32,92.65,Paid,2025-01-09
148,2025-01-31,258.6,69.63,Partial,
148,2025-03-02,67.65,32.84,Partial,
148,2025-04-01,305.19,75.72,Unpaid,
148,2025-05-01,341.17,82.31,Unpaid,
148,2025-05-31,469.71,104.9,Unpaid,
148,2025-06-30,466.79,88.62,Partial,
148,2025-07-30,63.54,27.36,Unpaid,
148,2025-08-29,93.35,30.58,Partial,
148,2025-09-28,52.71,28.61,Partial,
149,2025-01-01,472.86,100.91,Unpaid,
149,2025-01-31,468.27,71.37,Partial,
149,2025-03-02,410.1,72.68,Unpaid,
149,2025-04-01,383.83,80.72,Paid,2025-04-07
149,2025-05-01,475.77,101.51,Unpaid,
149,2025-05-31,201.13,56.51,Partial,
149,2025-06-30,266.19,72.76,Unpaid,
149,2025-07-30,282.79,72.08,Partial,
149,2025-08-29,110.07,36.25,Unpaid,
149,2025-09-28,202.24,54.94,Partial,
150,2025-01-01,282.77,58.24,Paid,2025-01-05
150,2025-01-31,324.35,60.89,Partial,
150,2025-03-02,439.82,81.25,Paid,2025-03-12
150,2025-04-01,266.28,52.64,Partial,
150,2025-05-01,151.13,37.06,Unpaid,
150,2025-05-31,491.53,108.32,Paid,2025-06-04
150,2025-06-30,222.18,60.23,Paid,2025-07-01
150,2025-07-30,362.09,67.69,Unpaid,
150,2025-08-29,53.87,30.36,Paid,2025-09-02
150,2025-09-28,170.49,51.78,Unpaid,
151,2025-01-01,289.16,59.73,Paid,2025-01-10
151,2025-01-31,196.75,53.98,Paid,2025-02-12
151,2025-03-02,409.98,73.32,Partial,
151,2025-04-01,166.59,41.04,Paid,2025-04-09
151,2025-05-01,423.92,64.21,Paid,2025-05-02
151,2025-05-31,130.82,40.75,Partial,
151,2025-06-30,421.42,75.17,Paid,2025-07-01
151,2025-07-30,430.81,98.8,Partial,
151,2025-08-29,428.91,73.75,Partial,
151,2025-09-28,440.93,84.3,Paid,2025-10-08
152,2025-01-01,433.77,85.49,Partial,
152,2025-01-31,191.86,57.08,Partial,
152,2025-03-02,426.61,82.92,Paid,2025-03-12
152,2025-04-01,147.61,37.96,Paid,2025-04-15
152,2025-05-01,465.61,74.71,Unpaid,
152,2025-05-31,445.6,102.26,Unpaid,
152,2025-06-30,361.48,58.79,Unpaid,
152,2025-07-30,224.94,45.37,Unpaid,
152,2025-08-29,374.0,85.01,Paid,2025-09-10
152,2025-09-28,326.4,67.83,Paid,2025-10-13
153,2025-01-01,304.67,51.95,Partial,
153,2025-01-31,347.79,63.43,Partial,
153,2025-03-02,101.77,36.04,Unpaid,
153,2025-04-01,363.52,80.48,Paid,2025-04-14
153,2025-05-01,223.7,56.16,Partial,
153,2025-05-31,291.36,78.11,Paid,2025-05-31
153,2025-06-30,174.16,45.12,Unpaid,
153,2025-07-30,109.95,34.89,Paid,2025-08-02
153,2025-08-29,268.24,49.03,Paid,2025-09-03
153,2025-09-28,58.95,31.13,Unpaid,
154,2025-01-01,491.23,102.91,Partial,
154,2025-01-31,267.35,52.77,Partial,
154,2025-03-02,171.71,52.05,Unpaid,
154,2025-04-01,208.21,41.66,Partial,
154,2025-05-01,468.02,67.8,Unpaid,
154,2025-05-31,395.83,89.79,Paid,2025-06-15
154,2025-06-30,159.12,43.07,Partial,
154,2025-07-30,282.38,63.16,Unpaid,
154,2025-08-29,323.55,72.13,Unpaid,
154,2025-09-28,91.41,30.99,Partial,
155,2025-01-01,404.65,85.09,Unpaid,
155,2025-01-31,377.38,62.46,Partial,
155,2025-03-02,232.1,54.1,Paid,2025-03-03
155,2025-04-01,364.32,90.99,Paid,2025-04-02
155,2025-05-01,268.26,53.6,Unpaid,
155,2025-05-31,333.31,69.01,Unpaid,
155,2025-06-30,134.62,43.13,Partial,
155,2025-07-30,364.84,85.18,Paid,2025-08-02
155,2025-08-29,121.4,44.18,Unpaid,
155,2025-09-28,387.86,85.63,Unpaid,
156,2025-01-01,58.44,28.56,Partial,
156,2025-01-31,451.35,108.1,Partial,
156,2025-03-02,213.23,45.12,Unpaid,
156,2025-04-01,446.54,104.38,Paid,2025-04-12
156,2025-05-01,153.16,49.07,Unpaid,
156,2025-05-31,398.35,66.7,Partial,
156,2025-06-30,249.06,58.46,Partial,
156,2025-07-30,384.07,73.84,Unpaid,
156,2025-08-29,438.75,70.65,Paid,2025-09-06
156,2025-09-28,468.36,109.38,Unpaid,
157,2025-01-01,458.8,95.93,Unpaid,
157,2025-01-31,319.4,71.72,Partial,
157,2025-03-02,396.04,77.47,Paid,2025-03-05
157,2025-04-01,250.26,69.14,Partial,
157,2025-05-01,315.92,63.54,Paid,2025-05-11
157,2025-05-31,415.24,91.01,Partial,
157,2025-06-30,393.77,89.4,Unpaid,
157,2025-07-30,235.81,46.51,Partial,
157,2025-08-29,192.51,57.56,Partial,
157,2025-09-28,364.9,83.84,Partial,
158,2025-01-01,370.21,59.75,Paid,2025-01-06
158,2025-01-31,308.94,62.33,Paid,2025-02-10
158,2025-03-02,266.56,68.38,Paid,2025-03-09
158,2025-04-01,171.18,50.35,Unpaid,
158,2025-05-01,498.52,107.19,Partial,
158,2025-05-31,265.67,67.41,Partial,
158,2025-06-30,190.61,40.82,Paid,2025-07-06
158,2025-07-30,313.78,71.63,Paid,2025-08-13
158,2025-08-29,476.76,77.47,Unpaid,
158,2025-09-28,434.72,67.73,Paid,2025-10-01
159,2025-01-01,473.28,78.69,Paid,2025-01-11
159,2025-01-31,92.27,32.87,Unpaid,
159,2025-03-02,236.13,61.8,Paid,2025-03-03
159,2025-04-01,373.59,74.18,Paid,2025-04-08
159,2025-05-01,79.09,29.17,Partial,
159,2025-05-31,206.73,56.81,Paid,2025-06-14
159,2025-06-30,389.52,95.25,Partial,
159,2025-07-30,255.18,57.5,Paid,2025-08-01
159,2025-08-29,111.2,40.44,Paid,2025-08-31
159,2025-09-28,101.93,36.41,Paid,2025-10-04
160,2025-01-01,55.92,26.86,Partial,
160,2025-01-31,370.33,60.15,Paid,2025-02-15
160,2025-03-02,314.57,61.4,Partial,
160,2025-04-01,279.89,56.96,Unpaid,
160,2025-05-01,331.38,59.58,Unpaid,
160,2025-05-31,300.92,75.71,Partial,
160,2025-06-30,443.49,67.37,Partial,
160,2025-07-30,273.49,59.93,Paid,2025-08-12
160,2025-08-29,415.94,79.46,Paid,2025-08-30
160,2025-09-28,95.07,37.2,Paid,2025-09-29
161,2025-01-01,169.26,45.0,Unpaid,
161,2025-01-31,94.92,37.67,Paid,2025-02-04
161,2025-03-02,192.64,56.65,Paid,2025-03-03
161,2025-04-01,310.75,58.26,Partial,
161,2025-05-01,340.64,86.26,Paid,2025-05-07
161,2025-05-31,166.04,44.53,Partial,
161,2025-06-30,442.39,79.95,Unpaid,
161,2025-07-30,59.36,28.28,Partial,
161,2025-08-29,278.58,68.21,Unpaid,
161,2025-09-28,224.63,54.06,Unpaid,
162,2025-01-01,298.42,76.95,Unpaid,
162,2025-01-31,387.84,80.43,Unpaid,
162,2025-03-02,216.39,55.23,Unpaid,
162,2025-04-01,455.83,87.33,Partial,
162,2025-05-01,160.73,43.66,Partial,
162,2025-05-31,310.13,71.86,Partial,
162,2025-06-30,166.39,52.75,Partial,
162,2025-07-30,122.1,43.36,Paid,2025-08-02
162,2025-08-29,195.75,56.68,Unpaid,
162,2025-09-28,186.0,57.01,Paid,2025-09-29
163,2025-01-01,339.14,59.41,Partial,
163,2025-01-31,65.19,28.53,Unpaid,
163,2025-03-02,451.42,89.39,Unpaid,
163,2025-04-01,429.58,93.62,Paid,2025-04-15
163,2025-05-01,98.91,34.21,Unpaid,
163,2025-05-31,395.0,94.4,Partial,
163,2025-06-30,366.19,59.78,Unpaid,
163,2025-07-30,403.14,87.41,Partial,
163,2025-08-29,403.5,61.84,Partial,
163,2025-09-28,204.27,43.54,Paid,2025-09-29
164,2025-01-01,220.44,52.19,Unpaid,
164,2025-01-31,274.94,64.77,Paid,2025-02-12
164,2025-03-02,257.36,55.46,Unpaid,
164,2025-04-01,474.29,96.79,Partial,
164,2025-05-01,236.1,57.6,Partial,
164,2025-05-31,125.23,34.48,Unpaid,
164,2025-06-30,492.13,113.86,Unpaid,
164,2025-07-30,59.25,26.82,Partial,
164,2025-08-29,306.24,56.1,Unpaid,
164,2025-09-28,260.81,57.55,Unpaid,
165,2025-01-01,85.63,30.12,Unpaid,
165,2025-01-31,483.06,110.51,Paid,2025-02-09
165,2025-03-02,123.36,41.79,Unpaid,
165,2025-04-01,268.85,73.52,Unpaid,
165,2025-05-01,109.91,41.87,Unpaid,
165,2025-05-31,361.71,78.62,Partial,
165,2025-06-30,131.46,39.12,Unpaid,
165,2025-07-30,279.61,63.21,Paid,2025-08-06
165,2025-08-29,342.91,64.17,Paid,2025-09-10
165,2025-09-28,108.31,33.17,Partial,
166,2025-01-01,229.82,63.62,Unpaid,
166,2025-01-31,182.09,39.48,Partial,
166,2025-03-02,106.25,36.22,Partial,
166,2025-04-01,327.55,69.71,Unpaid,
166,2025-05-01,314.43,69.74,Paid,2025-05-03
166,2025-05-31,488.17,112.83,Unpaid,
166,2025-06-30,254.68,53.01,Unpaid,
166,2025-07-30,266.38,48.84,Partial,
166,2025-08-29,209.32,45.74,Partial,
166,2025-09-28,264.57,61.46,Partial,
167,2025-01-01,397.28,62.15,Partial,
167,2025-01-31,114.76,39.02,Paid,2025-01-31
167,2025-03-02,342.2,78.81,Paid,2025-03-08
167,2025-04-01,84.95,34.93,Unpaid,
167,2025-05-01,189.65,56.51,Unpaid,
167,2025-05-31,226.07,54.67,Paid,2025-06-01
167,2025-06-30,458.35,87.85,Unpaid,
167,2025-07-30,83.8,31.2,Paid,2025-08-10
167,2025-08-29,387.46,62.5,Paid,2025-09-11
167,2025-09-28,241.46,62.69,Partial,
168,2025-01-01,409.11,88.11,Partial,
168,2025-01-31,370.92,63.76,Paid,2025-02-13
168,2025-03-02,460.2,108.09,Paid,2025-03-14
168,2025-04-01,344.19,68.42,Unpaid,
168,2025-05-01,446.97,106.49,Partial,
168,2025-05-31,281.6,58.25,Paid,2025-06-07
168,2025-06-30,213.13,46.05,Partial,
168,2025-07-30,360.34,68.67,Partial,
168,2025-08-29,70.08,30.9,Paid,2025-08-29
168,2025-09-28,258.8,46.07,Unpaid,
169,2025-01-01,212.42,52.78,Unpaid,
169,2025-01-31,246.57,66.59,Paid,2025-02-04
169,2025-03-02,380.63,93.19,Paid,2025-03-06
169,2025-04-01,157.23,45.3,Unpaid,
169,2025-05-01,358.51,86.44,Unpaid,
169,2025-05-31,427.42,93.6,Unpaid,
169,2025-06-30,348.56,79.18,Paid,2025-07-08
169,2025-07-30,88.23,34.95,Partial,
169,2025-08-29,435.16,83.69,Unpaid,
169,2025-09-28,236.47,51.17,Paid,2025-10-10
170,2025-01-01,143.76,37.9,Paid,2025-01-09
170,2025-01-31,400.27,84.74,Unpaid,
170,2025-03-02,197.73,58.29,Unpaid,
170,2025-04-01,381.42,68.83,Paid,2025-04-12
170,2025-05-01,53.87,29.08,Partial,
170,2025-05-31,259.68,54.93,Partial,
170,2025-06-30,298.03,72.01,Partial,
170,2025-07-30,309.12,79.28,Unpaid,
170,2025-08-29,353.54,61.95,Paid,2025-09-13
170,2025-09-28,445.93,87.02,Unpaid,
171,2025-01-01,495.58,114.96,Partial,
171,2025-01-31,172.28,44.76,Paid,2025-02-04
171,2025-03-02,427.59,95.4,Paid,2025-03-07
171,2025-04-01,454.26,102.77,Partial,
171,2025-05-01,389.71,80.12,Partial,
171,2025-05-31,253.54,52.8,Partial,
171,2025-06-30,372.99,79.74,Paid,2025-07-13
171,2025-07-30,398.19,92.33,Paid,2025-07-31
171,2025-08-29,323.99,68.65,Unpaid,
171,2025-09-28,107.31,31.15,Paid,2025-10-07
172,2025-01-01,452.0,106.08,Paid,2025-01-14
172,2025-01-31,324.72,72.81,Paid,2025-02-06
172,2025-03-02,157.32,46.54,Partial,
172,2025-04-01,285.56,56.4,Partial,
172,2025-05-01,118.68,38.61,Unpaid,
172,2025-05-31,433.77,94.84,Unpaid,
172,2025-06-30,84.34,35.7,Paid,2025-07-12
172,2025-07-30,419.99,78.26,Partial,
172,2025-08-29,390.84,93.74,Unpaid,
172,2025-09-28,106.82,37.96,Paid,2025-09-30
173,2025-01-01,482.69,107.31,Unpaid,
173,2025-01-31,228.62,57.61,Partial,
173,2025-03-02,363.07,70.94,Unpaid,
173,2025-04-01,50.1,25.37,Unpaid,
173,2025-05-01,348.4,70.71,Paid,2025-05-15
173,2025-05-31,93.33,34.59,Unpaid,
173,2025-06-30,77.4,31.38,Paid,2025-07-10
173,2025-07-30,397.27,64.47,Partial,
173,2025-08-29,213.0,45.12,Unpaid,
173,2025-09-28,106.73,37.7,Unpaid,
174,2025-01-01,155.28,48.83,Unpaid,
174,2025-01-31,199.13,47.31,Unpaid,
174,2025-03-02,93.81,30.17,Paid,2025-03-14
174,2025-04-01,348.18,61.84,Unpaid,
174,2025-05-01,462.77,76.94,Partial,
174,2025-05-31,235.96,51.53,Paid,2025-06-07
174,2025-06-30,206.51,54.7,Partial,
174,2025-07-30,403.68,60.9,Partial,
174,2025-08-29,467.44,97.21,Paid,2025-09-01
174,2025-09-28,412.87,100.03,Unpaid,
175,2025-01-01,111.39,33.7,Partial,
175,2025-01-31,99.17,33.02,Partial,
175,2025-03-02,119.53,32.96,Paid,2025-03-15
175,2025-04-01,179.3,50.36,Paid,2025-04-11
175,2025-05-01,432.04,81.71,Paid,2025-05-06
175,2025-05-31,223.39,47.17,Paid,2025-06-12
175,2025-06-30,312.24,51.29,Paid,2025-07-10
175,2025-07-30,173.11,46.87,Partial,
175,2025-08-29,481.34,83.42,Partial,
175,2025-09-28,106.26,31.8,Paid,2025-10-03
176,2025-01-01,413.86,84.01,Paid,2025-01-15
176,2025-01-31,424.06,101.47,Partial,
176,2025-03-02,481.89,88.95,Paid,2025-03-09
176,2025-04-01,92.16,30.43,Partial,
176,2025-05-01,63.56,27.47,Unpaid,
176,2025-05-31,77.82,33.21,Paid,2025-06-10
176,2025-06-30,209.27,61.33,Unpaid,
176,2025-07-30,67.25,33.09,Unpaid,
176,2025-08-29,302.87,62.9,Unpaid,
176,2025-09-28,79.32,31.22,Paid,2025-09-30
177,2025-01-01,499.76,104.41,Unpaid,
177,2025-01-31,268.07,50.2,Unpaid,
177,2025-03-02,285.39,76.04,Partial,
177,2025-04-01,285.27,65.18,Paid,2025-04-11
177,2025-05-01,472.78,70.81,Paid,2025-05-12
177,2025-05-31,96.29,34.16,Unpaid,
177,2025-06-30,450.85,68.89,Paid,2025-07-06
177,2025-07-30,208.66,59.44,Partial,
177,2025-08-29,469.77,90.47,Unpaid,
177,2025-09-28,124.89,37.27,Paid,2025-10-04
178,2025-01-01,223.12,64.58,Paid,2025-01-12
178,2025-01-31,103.23,36.74,Partial,
178,2025-03-02,328.86,63.44,Unpaid,
178,2025-04-01,380.29,94.86,Unpaid,
178,2025-05-01,482.59,71.13,Partial,
178,2025-05-31,288.58,53.74,Unpaid,
178,2025-06-30,281.62,74.82,Partial,
178,2025-07-30,282.9,58.5,Partial,
178,2025-08-29,266.95,62.08,Unpaid,
178,2025-09-28,208.63,51.5,Unpaid,
179,2025-01-01,268.31,66.85,Paid,2025-01-06
179,2025-01-31,211.53,60.49,Partial,
179,2025-03-02,226.05,43.6,Partial,
179,2025-04-01,473.6,76.32,Partial,
179,2025-05-01,124.41,44.78,Paid,2025-05-12
179,2025-05-31,308.33,78.91,Paid,2025-06-15
179,2025-06-30,269.95,63.89,Unpaid,
179,2025-07-30,162.98,37.19,Paid,2025-08-03
179,2025-08-29,169.48,51.51,Paid,2025-08-30
179,2025-09-28,362.24,61.6,Paid,2025-10-10
180,2025-01-01,79.41,29.36,Partial,
180,2025-01-31,181.81,45.51,Paid,2025-02-07
180,2025-03-02,493.64,72.28,Unpaid,
180,2025-04-01,104.75,39.7,Unpaid,
180,2025-05-01,297.27,77.82,Unpaid,
180,2025-05-31,318.63,81.4,Unpaid,
180,2025-06-30,268.76,70.44,Paid,2025-07-15
180,2025-07-30,454.76,75.79,Paid,2025-08-06
180,2025-08-29,180.35,50.96,Paid,2025-09-07
180,2025-09-28,375.07,84.21,Paid,2025-10-03
181,2025-01-01,162.13,40.48,Partial,
181,2025-01-31,249.19,53.8,Paid,2025-02-14
181,2025-03-02,244.21,63.98,Partial,
181,2025-04-01,293.31,63.21,Paid,2025-04-08
181,2025-05-01,81.16,32.71,Paid,2025-05-16
181,2025-05-31,360.52,73.49,Unpaid,
181,2025-06-30,94.59,37.37,Partial,
181,2025-07-30,220.16,49.04,Partial,
181,2025-08-29,399.25,89.05,Paid,2025-09-08
181,2025-09-28,413.26,89.74,Paid,2025-10-01
182,2025-01-01,370.05,85.96,Partial,
182,2025-01-31,84.04,35.99,Paid,2025-01-31
182,2025-03-02,478.88,96.6,Partial,
182,2025-04-01,407.13,96.91,Paid,2025-04-02
182,2025-05-01,443.02,102.89,Unpaid,
182,2025-05-31,178.96,55.37,Partial,
182,2025-06-30,64.1,30.64,Partial,
182,2025-07-30,78.97,30.29,Paid,2025-08-08
182,2025-08-29,311.53,53.08,Unpaid,
182,2025-09-28,330.46,61.92,Partial,
183,2025-01-01,86.09,29.1,Partial,
183,2025-01-31,143.67,36.09,Unpaid,
183,2025-03-02,338.02,58.39,Paid,2025-03-11
183,2025-04-01,213.36,47.18,Paid,2025-04-04
183,2025-05-01,199.89,51.24,Partial,
183,2025-05-31,482.54,115.24,Partial,
183,2025-06-30,165.51,37.81,Paid,2025-07-11
183,2025-07-30,296.55,77.67,Paid,2025-08-02
183,2025-08-29,227.28,48.25,Paid,2025-08-29
183,2025-09-28,407.8,78.66,Unpaid,
184,2025-01-01,321.26,63.29,Paid,2025-01-03
184,2025-01-31,335.69,66.19,Unpaid,
184,2025-03-02,417.66,101.25,Unpaid,
184,2025-04-01,260.21,69.43,Paid,2025-04-11
184,2025-05-01,106.24,39.49,Paid,2025-05-14
184,2025-05-31,429.83,90.92,Paid,2025-06-02
184,2025-06-30,468.51,70.14,Paid,2025-07-11
184,2025-07-30,91.96,35.6,Paid,2025-08-10
184,2025-08-29,307.6,53.99,Unpaid,
184,2025-09-28,238.79,48.96,Unpaid,
185,2025-01-01,245.34,51.91,Partial,
185,2025-01-31,425.35,81.38,Partial,
185,2025-03-02,180.71,52.51,Partial,
185,2025-04-01,56.09,30.22,Unpaid,
185,2025-05-01,213.6,48.46,Unpaid,
185,2025-05-31,225.36,54.8,Paid,2025-06-01
185,2025-06-30,234.94,54.37,Paid,2025-07-01
185,2025-07-30,195.44,52.92,Paid,2025-08-08
185,2025-08-29,454.84,83.52,Paid,2025-09-06
185,2025-09-28,180.77,56.07,Paid,2025-09-30
186,2025-01-01,327.78,66.29,Partial,
186,2025-01-31,360.21,83.62,Paid,2025-02-15
186,2025-03-02,390.67,83.04,Partial,
186,2025-04-01,324.84,79.46,Paid,2025-04-09
186,2025-05-01,193.77,48.53,Partial,
186,2025-05-31,211.21,60.24,Unpaid,
186,2025-06-30,238.42,44.44,Paid,2025-07-04
186,2025-07-30,204.41,43.81,Paid,2025-08-02
186,2025-08-29,413.89,85.97,Unpaid,
186,2025-09-28,251.79,68.62,Partial,
187,2025-01-01,313.22,59.6,Partial,
187,2025-01-31,425.72,66.65,Unpaid,
187,2025-03-02,123.15,34.35,Paid,2025-03-16
187,2025-04-01,393.15,95.11,Unpaid,
187,2025-05-01,331.07,73.42,Paid,2025-05-01
187,2025-05-31,70.01,27.72,Paid,2025-06-11
187,2025-06-30,416.18,62.2,Partial,
187,2025-07-30,368.18,75.44,Paid,2025-07-30
187,2025-08-29,78.47,35.03,Unpaid,
187,2025-09-28,394.84,78.81,Partial,
188,2025-01-01,291.3,58.08,Unpaid,
188,2025-01-31,263.61,50.65,Unpaid,
188,2025-03-02,200.22,47.88,Paid,2025-03-09
188,2025-04-01,66.62,26.73,Unpaid,
188,2025-05-01,127.55,40.18,Partial,
188,2025-05-31,221.28,45.1,Partial,
188,2025-06-30,450.21,76.86,Unpaid,
188,2025-07-30,368.14,76.58,Unpaid,
188,2025-08-29,379.97,65.55,Unpaid,
188,2025-09-28,269.58,65.9,Paid,2025-10-02
189,2025-01-01,87.41,32.58,Unpaid,
189,2025-01-31,468.64,84.68,Paid,2025-02-01
189,2025-03-02,350.43,70.79,Paid,2025-03-11
189,2025-04-01,398.26,87.4,Paid,2025-04-07
189,2025-05-01,193.34,54.07,Paid,2025-05-16
189,2025-05-31,365.67,80.99,Partial,
189,2025-06-30,95.89,35.62,Paid,2025-07-12
189,2025-07-30,317.44,64.44,Paid,2025-08-06
189,2025-08-29,355.78,57.34,Partial,
189,2025-09-28,91.61,35.18,Partial,
190,2025-01-01,491.2,106.45,Unpaid,
190,2025-01-31,160.64,50.44,Unpaid,
190,2025-03-02,238.53,53.48,Unpaid,
190,2025-04-01,376.62,71.64,Paid,2025-04-11
190,2025-05-01,154.76,36.0,Partial,
190,2025-05-31,357.32,65.3,Partial,
190,2025-06-30,422.1,83.4,Partial,
190,2025-07-30,261.3,69.02,Unpaid,
190,2025-08-29,279.3,66.38,Paid,2025-09-10
190,2025-09-28,166.98,43.49,Paid,2025-10-13
191,2025-01-01,364.68,91.36,Unpaid,
191,2025-01-31,288.38,62.2,Paid,2025-02-02
191,2025-03-02,458.09,80.96,Partial,
191,2025-04-01,71.23,29.17,Unpaid,
191,2025-05-01,415.98,88.24,Partial,
191,2025-05-31,428.43,79.21,Unpaid,
191,2025-06-30,250.18,50.26,Partial,
191,2025-07-30,148.88,35.66,Paid,2025-07-30
191,2025-08-29,68.28,33.38,Paid,2025-09-11
191,2025-09-28,403.88,79.18,Paid,2025-09-29
192,2025-01-01,64.75,31.99,Paid,2025-01-07
192,2025-01-31,173.68,51.11,Unpaid,
192,2025-03-02,434.65,88.62,Partial,
192,2025-04-01,184.21,54.65,Paid,2025-04-07
192,2025-05-01,394.14,75.77,Partial,
192,2025-05-31,482.36,70.22,Unpaid,
192,2025-06-30,193.16,48.34,Unpaid,
192,2025-07-30,253.09,69.42,Unpaid,
192,2025-08-29,388.33,81.69,Paid,2025-09-04
192,2025-09-28,371.58,84.75,Partial,
193,2025-01-01,233.64,54.01,Partial,
193,2025-01-31,426.54,69.15,Partial,
193,2025-03-02,328.54,60.16,Paid,2025-03-12
193,2025-04-01,421.27,95.39,Unpaid,
193,2025-05-01,253.44,47.48,Partial,
193,2025-05-31,221.44,60.39,Partial,
193,2025-06-30,376.13,82.11,Paid,2025-07-13
193,2025-07-30,126.78,39.02,Unpaid,
193,2025-08-29,428.04,100.23,Unpaid,
193,2025-09-28,138.09,34.51,Paid,2025-10-06
194,2025-01-01,106.62,31.18,Unpaid,
194,2025-01-31,147.93,37.45,Unpaid,
194,2025-03-02,267.34,48.36,Partial,
194,2025-04-01,498.13,74.69,Partial,
194,2025-05-01,416.87,64.72,Partial,
194,2025-05-31,120.77,43.84,Unpaid,
194,2025-06-30,480.64,115.07,Partial,
194,2025-07-30,279.01,54.78,Unpaid,
194,2025-08-29,302.65,73.81,Partial,
194,2025-09-28,209.47,46.74,Paid,2025-09-28
195,2025-01-01,275.65,66.23,Unpaid,
195,2025-01-31,319.33,81.13,Partial,
195,2025-03-02,339.71,77.82,Paid,2025-03-15
195,2025-04-01,479.17,112.72,Partial,
195,2025-05-01,404.96,98.18,Partial,
195,2025-05-31,410.8,94.94,Unpaid,
195,2025-06-30,463.11,93.63,Paid,2025-07-05
195,2025-07-30,152.29,47.39,Partial,
195,2025-08-29,211.24,43.73,Paid,2025-08-30
195,2025-09-28,469.95,93.96,Partial,
196,2025-01-01,445.97,107.09,Partial,
196,2025-01-31,320.6,53.42,Unpaid,
196,2025-03-02,415.91,61.91,Partial,
196,2025-04-01,394.64,77.21,Partial,
196,2025-05-01,381.62,73.59,Paid,2025-05-04
196,2025-05-31,350.08,59.93,Paid,2025-06-01
196,2025-06-30,466.79,109.89,Paid,2025-07-08
196,2025-07-30,364.29,87.29,Paid,2025-08-08
196,2025-08-29,95.78,33.54,Partial,
196,2025-09-28,226.1,56.26,Partial,
197,2025-01-01,203.94,52.7,Unpaid,
197,2025-01-31,441.33,98.44,Unpaid,
197,2025-03-02,414.46,73.78,Unpaid,
197,2025-04-01,210.28,50.55,Paid,2025-04-01
197,2025-05-01,316.68,77.71,Partial,
197,2025-05-31,368.19,57.45,Unpaid,
197,2025-06-30,227.01,51.82,Partial,
197,2025-07-30,382.27,91.04,Unpaid,
197,2025-08-29,115.39,34.31,Partial,
197,2025-09-28,482.78,78.59,Partial,
198,2025-01-01,172.91,42.75,Paid,2025-01-16
198,2025-01-31,55.54,27.29,Paid,2025-02-02
198,2025-03-02,408.33,95.8,Partial,
198,2025-04-01,285.8,61.03,Partial,
198,2025-05-01,335.86,69.2,Unpaid,
198,2025-05-31,184.75,49.12,Partial,
198,2025-06-30,313.2,67.27,Partial,
198,2025-07-30,322.92,83.53,Unpaid,
198,2025-08-29,489.74,89.3,Unpaid,
198,2025-09-28,485.77,80.67,Partial,
199,2025-01-01,115.5,34.54,Paid,2025-01-10
199,2025-01-31,306.38,52.62,Paid,2025-02-10
199,2025-03-02,173.8,41.38,Partial,
199,2025-04-01,462.48,110.97,Unpaid,
199,2025-05-01,266.97,50.58,Paid,2025-05-01
199,2025-05-31,104.51,39.5,Unpaid,
199,2025-06-30,309.11,51.54,Partial,
199,2025-07-30,59.35,31.09,Paid,2025-07-31
199,2025-08-29,127.02,36.95,Partial,
199,2025-09-28,143.21,38.45,Partial,
200,2025-01-01,193.2,56.85,Unpaid,
200,2025-01-31,119.92,42.01,Paid,2025-02-11
200,2025-03-02,467.97,85.35,Unpaid,
200,2025-04-01,160.56,42.94,Paid,2025-04-09
200,2025-05-01,489.49,93.71,Unpaid,
200,2025-05-31,67.6,28.82,Paid,2025-06-01
200,2025-06-30,390.98,84.32,Unpaid,
200,2025-07-30,231.08,51.33,Unpaid,
200,2025-08-29,189.62,56.13,Partial,
200,2025-09-28,86.12,36.26,Unpaid,
201,2025-01-01,103.58,39.2,Unpaid,
201,2025-01-31,58.31,28.67,Unpaid,
201,2025-03-02,354.76,76.54,Partial,
201,2025-04-01,447.92,97.93,Partial,
201,2025-05-01,183.22,53.35,Paid,2025-05-13
201,2025-05-31,110.12,40.0,Paid,2025-06-06
201,2025-06-30,317.14,52.91,Unpaid,
201,2025-07-30,414.24,65.73,Paid,2025-08-07
201,2025-08-29,358.91,68.19,Partial,
201,2025-09-28,313.07,68.46,Partial,
202,2025-01-01,474.23,111.15,Paid,2025-01-10
202,2025-01-31,440.88,64.85,Partial,
202,2025-03-02,263.72,47.6,Paid,2025-03-12
202,2025-04-01,434.95,72.0,Unpaid,
202,2025-05-01,345.31,80.96,Partial,
202,2025-05-31,296.78,72.92,Paid,2025-06-03
202,2025-06-30,180.15,40.62,Unpaid,
202,2025-07-30,497.59,85.32,Unpaid,
202,2025-08-29,336.68,76.92,Paid,2025-09-04
202,2025-09-28,447.71,101.82,Paid,2025-10-13
203,2025-01-01,243.45,63.8,Paid,2025-01-09
203,2025-01-31,361.92,90.23,Partial,
203,2025-03-02,142.7,40.46,Partial,
203,2025-04-01,283.0,54.75,Unpaid,
203,2025-05-01,222.8,43.14,Partial,
203,2025-05-31,212.94,48.69,Paid,2025-06-10
203,2025-06-30,52.49,25.41,Paid,2025-07-08
203,2025-07-30,397.91,77.71,Paid,2025-08-02
203,2025-08-29,374.59,74.76,Paid,2025-09-08
203,2025-09-28,85.47,36.65,Unpaid,
204,2025-01-01,227.67,47.15,Paid,2025-01-14
204,2025-01-31,137.29,45.22,Paid,2025-02-13
204,2025-03-02,486.03,114.49,Partial,
204,2025-04-01,69.51,32.47,Unpaid,
204,2025-05-01,181.86,46.52,Unpaid,
204,2025-05-31,114.6,32.57,Unpaid,
204,2025-06-30,443.38,70.81,Partial,
204,2025-07-30,177.23,42.31,Partial,
204,2025-08-29,437.55,69.47,Paid,2025-09-07
204,2025-09-28,78.21,33.87,Unpaid,
205,2025-01-01,254.9,55.08,Partial,
205,2025-01-31,468.95,68.63,Partial,
205,2025-03-02,269.86,58.58,Partial,
205,2025-04-01,226.82,43.94,Unpaid,
205,2025-05-01,285.0,51.27,Paid,2025-05-10
205,2025-05-31,179.92,46.73,Paid,2025-06-01
205,2025-06-30,467.51,101.37,Partial,
205,2025-07-30,437.04,68.02,Unpaid,
205,2025-08-29,279.73,49.38,Partial,
205,2025-09-28,434.26,87.82,Partial,
206,2025-01-01,396.68,74.36,Partial,
206,2025-01-31,454.76,96.57,Unpaid,
206,2025-03-02,145.11,43.71,Paid,2025-03-05
206,2025-04-01,94.79,32.99,Unpaid,
206,2025-05-01,401.46,62.19,Partial,
206,2025-05-31,216.96,58.41,Unpaid,
206,2025-06-30,415.71,91.49,Paid,2025-07-12
206,2025-07-30,393.46,67.89,Partial,
206,2025-08-29,394.85,94.4,Unpaid,
206,2025-09-28,429.88,100.62,Partial,
207,2025-01-01,403.0,100.45,Unpaid,
207,2025-01-31,152.68,47.56,Paid,2025-02-12
207,2025-03-02,318.59,77.57,Partial,
207,2025-04-01,140.31,36.87,Paid,2025-04-01
207,2025-05-01,95.06,37.69,Unpaid,
207,2025-05-31,225.91,57.73,Paid,2025-06-09
207,2025-06-30,89.99,34.32,Paid,2025-07-05
207,2025-07-30,65.59,26.68,Paid,2025-08-14
207,2025-08-29,261.88,71.03,Partial,
207,2025-09-28,173.93,46.09,Paid,2025-10-11
208,2025-01-01,130.52,45.69,Partial,
208,2025-01-31,475.05,106.31,Unpaid,
208,2025-03-02,255.36,49.52,Partial,
208,2025-04-01,66.67,27.77,Partial,
208,2025-05-01,379.98,65.98,Partial,
208,2025-05-31,348.9,87.31,Unpaid,
208,2025-06-30,83.17,30.53,Unpaid,
208,2025-07-30,158.41,38.02,Partial,
208,2025-08-29,365.64,61.56,Partial,
208,2025-09-28,228.32,60.74,Paid,2025-10-12
209,2025-01-01,103.89,31.97,Unpaid,
209,2025-01-31,364.34,83.38,Partial,
209,2025-03-02,338.5,69.19,Unpaid,
209,2025-04-01,205.19,47.61,Unpaid,
209,2025-05-01,270.81,73.97,Partial,
209,2025-05-31,422.63,67.15,Partial,
209,2025-06-30,362.35,91.06,Partial,
209,2025-07-30,78.02,32.57,Partial,
209,2025-08-29,496.66,99.32,Unpaid,
209,2025-09-28,140.02,39.72,Unpaid,
210,2025-01-01,368.42,67.13,Paid,2025-01-05
210,2025-01-31,385.98,93.1,Unpaid,
210,2025-03-02,91.98,36.05,Unpaid,
210,2025-04-01,295.57,51.86,Paid,2025-04-02
210,2025-05-01,214.21,54.13,Unpaid,
210,2025-05-31,117.86,33.2,Partial,
210,2025-06-30,209.69,50.42,Unpaid,
210,2025-07-30,341.49,77.68,Paid,2025-08-06
210,2025-08-29,386.6,96.73,Paid,2025-09-12
210,2025-09-28,406.48,71.21,Paid,2025-09-30
211,2025-01-01,477.91,94.37,Partial,
211,2025-01-31,133.65,33.77,Unpaid,
211,2025-03-02,143.42,37.33,Partial,
211,2025-04-01,206.77,47.6,Unpaid,
211,2025-05-01,279.42,66.12,Paid,2025-05-04
211,2025-05-31,141.37,38.95,Paid,2025-06-02
211,2025-06-30,175.9,47.99,Paid,2025-07-05
211,2025-07-30,61.6,28.05,Partial,
211,2025-08-29,323.48,83.64,Paid,2025-09-09
211,2025-09-28,352.69,58.33,Unpaid,
212,2025-01-01,116.88,32.21,Partial,
212,2025-01-31,220.95,62.9,Partial,
212,2025-03-02,439.99,82.6,Paid,2025-03-15
212,2025-04-01,169.79,37.7,Paid,2025-04-01
212,2025-05-01,450.35,72.66,Partial,
212,2025-05-31,151.89,44.58,Paid,2025-06-04
212,2025-06-30,328.04,85.19,Partial,
212,2025-07-30,255.06,54.37,Paid,2025-07-31
212,2025-08-29,292.5,62.03,Paid,2025-08-31
212,2025-09-28,167.67,44.64,Paid,2025-10-06
213,2025-01-01,164.3,49.97,Partial,
213,2025-01-31,357.11,87.7,Partial,
213,2025-03-02,280.28,65.14,Unpaid,
213,2025-04-01,81.97,29.48,Paid,2025-04-15
213,2025-05-01,397.31,60.5,Paid,2025-05-10
213,2025-05-31,466.64,81.18,Partial,
213,2025-06-30,138.47,44.88,Partial,
213,2025-07-30,117.14,39.81,Unpaid,
213,2025-08-29,143.48,42.73,Paid,2025-09-04
213,2025-09-28,68.93,31.16,Partial,
214,2025-01-01,66.92,31.61,Unpaid,
214,2025-01-31,446.39,76.64,Paid,2025-02-06
214,2025-03-02,296.79,53.12,Partial,
214,2025-04-01,494.5,118.05,Partial,
214,2025-05-01,279.84,56.24,Partial,
214,2025-05-31,304.54,61.33,Unpaid,
214,2025-06-30,426.08,82.0,Paid,2025-07-12
214,2025-07-30,392.89,83.13,Paid,2025-08-14
214,2025-08-29,414.79,73.71,Paid,2025-09-01
214,2025-09-28,320.39,70.84,Unpaid,
215,2025-01-01,72.57,30.41,Paid,2025-01-07
215,2025-01-31,469.22,107.61,Unpaid,
215,2025-03-02,349.3,87.67,Paid,2025-03-11
215,2025-04-01,254.6,50.88,Unpaid,
215,2025-05-01,321.1,83.99,Paid,2025-05-01
215,2025-05-31,221.68,48.15,Partial,
215,2025-06-30,105.91,32.78,Partial,
215,2025-07-30,280.01,58.38,Paid,2025-08-04
215,2025-08-29,196.56,56.71,Partial,
215,2025-09-28,151.0,35.29,Paid,2025-10-12
216,2025-01-01,385.41,73.34,Paid,2025-01-05
216,2025-01-31,286.81,50.1,Paid,2025-02-07
216,2025-03-02,484.52,100.09,Unpaid,
216,2025-04-01,295.05,63.2,Partial,
216,2025-05-01,351.32,83.45,Unpaid,
216,2025-05-31,381.91,74.4,Paid,2025-05-31
216,2025-06-30,413.58,74.52,Unpaid,
216,2025-07-30,435.97,90.24,Unpaid,
216,2025-08-29,72.37,30.53,Paid,2025-08-30
216,2025-09-28,314.88,81.77,Paid,2025-10-01
217,2025-01-01,310.17,78.91,Paid,2025-01-11
217,2025-01-31,112.47,40.98,Unpaid,
217,2025-03-02,363.5,84.88,Unpaid,
217,2025-04-01,304.33,79.69,Paid,2025-04-03
217,2025-05-01,93.57,32.36,Paid,2025-05-14
217,2025-05-31,171.12,49.89,Unpaid,
217,2025-06-30,215.63,45.34,Partial,
217,2025-07-30,65.26,31.52,Paid,2025-07-30
217,2025-08-29,250.9,55.86,Partial,
217,2025-09-28,266.16,47.13,Paid,2025-10-04
218,2025-01-01,156.28,49.15,Partial,
218,2025-01-31,237.39,59.98,Partial,
218,2025-03-02,378.45,82.73,Paid,2025-03-13
218,2025-04-01,437.05,92.3,Paid,2025-04-03
218,2025-05-01,263.96,69.37,Partial,
218,2025-05-31,94.09,37.87,Paid,2025-06-02
218,2025-06-30,365.18,75.93,Partial,
218,2025-07-30,83.37,35.45,Unpaid,
218,2025-08-29,430.86,80.13,Partial,
218,2025-09-28,114.5,36.26,Unpaid,
219,2025-01-01,382.86,75.9,Unpaid,
219,2025-01-31,390.94,95.12,Partial,
219,2025-03-02,261.14,64.09,Paid,2025-03-02
219,2025-04-01,324.79,69.23,Paid,2025-04-06
219,2025-05-01,220.08,42.47,Unpaid,
219,2025-05-31,267.26,51.89,Paid,2025-06-09
219,2025-06-30,369.94,66.02,Paid,2025-07-12
219,2025-07-30,370.48,76.36,Unpaid,
219,2025-08-29,337.6,63.98,Paid,2025-09-11
219,2025-09-28,396.37,85.88,Paid,2025-10-03
220,2025-01-01,261.02,61.61,Unpaid,
220,2025-01-31,215.34,52.5,Partial,
220,2025-03-02,198.18,58.52,Partial,
220,2025-04-01,73.92,30.49,Unpaid,
220,2025-05-01,343.11,64.0,Paid,2025-05-09
220,2025-05-31,367.05,65.97,Paid,2025-06-03
220,2025-06-30,210.66,48.78,Unpaid,
220,2025-07-30,180.75,55.62,Partial,
220,2025-08-29,136.67,38.48,Paid,2025-09-04
220,2025-09-28,146.18,38.0,Unpaid,
221,2025-01-01,146.09,43.5,Paid,2025-01-09
221,2025-01-31,458.87,97.05,Partial,
221,2025-03-02,84.53,31.59,Partial,
221,2025-04-01,236.22,60.58,Paid,2025-04-14
221,2025-05-01,255.09,47.56,Partial,
221,2025-05-31,75.05,34.19,Partial,
221,2025-06-30,236.15,45.0,Paid,2025-07-14
221,2025-07-30,259.62,47.51,Partial,
221,2025-08-29,469.1,107.28,Partial,
221,2025-09-28,341.44,72.27,Partial,
222,2025-01-01,257.53,52.11,Partial,
222,2025-01-31,368.51,75.17,Partial,
222,2025-03-02,83.46,35.56,Paid,2025-03-05
222,2025-04-01,191.61,49.46,Unpaid,
222,2025-05-01,432.76,78.49,Partial,
222,2025-05-31,377.09,74.4,Paid,2025-06-11
222,2025-06-30,301.25,64.21,Unpaid,
222,2025-07-30,111.14,36.51,Partial,
222,2025-08-29,270.23,47.91,Partial,
222,2025-09-28,379.59,68.0,Unpaid,
223,2025-01-01,416.47,93.17,Paid,2025-01-01
223,2025-01-31,116.96,32.24,Partial,
223,2025-03-02,156.14,37.26,Unpaid,
223,2025-04-01,425.05,69.07,Partial,
223,2025-05-01,245.57,65.86,Unpaid,
223,2025-05-31,376.92,78.52,Partial,
223,2025-06-30,153.36,37.1,Partial,
223,2025-07-30,79.13,30.1,Unpaid,
223,2025-08-29,244.92,45.98,Partial,
223,2025-09-28,472.08,101.57,Unpaid,
224,2025-01-01,437.11,86.29,Partial,
224,2025-01-31,323.66,62.28,Partial,
224,2025-03-02,337.38,87.28,Unpaid,
224,2025-04-01,297.3,78.04,Partial,
224,2025-05-01,156.93,38.61,Partial,
224,2025-05-31,456.67,78.37,Unpaid,
224,2025-06-30,340.28,57.97,Partial,
224,2025-07-30,165.81,47.01,Partial,
224,2025-08-29,307.35,51.99,Unpaid,
224,2025-09-28,263.52,64.23,Partial,
225,2025-01-01,158.02,47.49,Unpaid,
225,2025-01-31,136.76,37.57,Unpaid,
225,2025-03-02,337.37,81.93,Partial,
225,2025-04-01,380.63,62.79,Paid,2025-04-16
225,2025-05-01,330.53,81.56,Partial,
225,2025-05-31,339.05,68.89,Paid,2025-06-09
225,2025-06-30,255.86,46.24,Unpaid,
225,2025-07-30,205.86,56.31,Partial,
225,2025-08-29,388.01,72.23,Unpaid,
225,2025-09-28,60.33,28.39,Unpaid,
226,2025-01-01,105.19,31.02,Paid,2025-01-16
226,2025-01-31,448.01,73.82,Unpaid,
226,2025-03-02,306.92,74.54,Partial,
226,2025-04-01,464.36,75.02,Unpaid,
226,2025-05-01,130.7,33.4,Unpaid,
226,2025-05-31,345.44,75.13,Paid,2025-06-10
226,2025-06-30,351.5,63.45,Unpaid,
226,2025-07-30,255.9,62.57,Unpaid,
226,2025-08-29,187.02,43.02,Paid,2025-09-08
226,2025-09-28,365.6,77.7,Unpaid,
227,2025-01-01,215.64,56.71,Partial,
227,2025-01-31,104.92,32.1,Partial,
227,2025-03-02,296.37,61.69,Partial,
227,2025-04-01,447.88,75.28,Paid,2025-04-10
227,2025-05-01,311.77,72.33,Unpaid,
227,2025-05-31,80.68,32.37,Partial,
227,2025-06-30,139.91,38.63,Partial,
227,2025-07-30,256.26,56.71,Partial,
227,2025-08-29,61.38,30.9,Unpaid,
227,2025-09-28,318.2,83.13,Unpaid,
228,2025-01-01,263.82,65.89,Partial,
228,2025-01-31,443.97,80.93,Paid,2025-02-12
228,2025-03-02,142.31,39.53,Unpaid,
228,2025-04-01,84.69,28.69,Paid,2025-04-11
228,2025-05-01,435.38,73.68,Paid,2025-05-12
228,2025-05-31,257.65,52.56,Partial,
228,2025-06-30,109.8,37.2,Partial,
228,2025-07-30,246.32,51.42,Unpaid,
228,2025-08-29,57.89,26.33,Unpaid,
228,2025-09-28,163.71,48.93,Partial,
229,2025-01-01,247.3,59.64,Paid,2025-01-02
229,2025-01-31,68.58,27.18,Partial,
229,2025-03-02,410.17,93.94,Unpaid,
229,2025-04-01,356.79,84.67,Paid,2025-04-11
229,2025-05-01,375.43,84.99,Unpaid,
229,2025-05-31,88.55,32.01,Unpaid,
229,2025-06-30,397.5,67.25,Unpaid,
229,2025-07-30,218.39,47.58,Paid,2025-08-03
229,2025-08-29,202.64,55.18,Partial,
229,2025-09-28,264.71,56.83,Partial,
230,2025-01-01,110.39,33.13,Unpaid,
230,2025-01-31,237.97,44.5,Partial,
230,2025-03-02,354.69,88.28,Paid,2025-03-05
230,2025-04-01,353.04,79.99,Partial,
230,2025-05-01,405.64,72.14,Partial,
230,2025-05-31,303.3,74.53,Unpaid,
230,2025-06-30,182.51,47.97,Unpaid,
230,2025-07-30,91.35,38.24,Paid,2025-08-14
230,2025-08-29,382.41,93.11,Paid,2025-09-09
230,2025-09-28,457.94,87.3,Partial,
231,2025-01-01,449.38,72.2,Unpaid,
231,2025-01-31,330.14,59.19,Unpaid,
231,2025-03-02,161.99,36.76,Paid,2025-03-13
231,2025-04-01,418.88,78.45,Paid,2025-04-03
231,2025-05-01,397.96,99.55,Partial,
231,2025-05-31,160.91,43.29,Unpaid,
231,2025-06-30,422.38,80.93,Unpaid,
231,2025-07-30,420.73,81.03,Partial,
231,2025-08-29,194.76,50.87,Unpaid,
231,2025-09-28,430.0,67.27,Unpaid,
232,2025-01-01,138.37,34.62,Partial,
232,2025-01-31,107.32,33.56,Paid,2025-02-14
232,2025-03-02,65.77,32.72,Partial,
232,2025-04-01,265.01,66.3,Partial,
232,2025-05-01,367.89,86.63,Unpaid,
232,2025-05-31,50.37,29.6,Paid,2025-06-09
232,2025-06-30,270.32,71.88,Partial,
232,2025-07-30,443.6,80.79,Unpaid,
232,2025-08-29,85.24,30.91,Unpaid,
232,2025-09-28,67.68,30.72,Partial,
233,2025-01-01,329.1,59.78,Partial,
233,2025-01-31,235.37,62.15,Unpaid,
233,2025-03-02,384.71,94.62,Unpaid,
233,2025-04-01,324.97,68.24,Paid,2025-04-02
233,2025-05-01,187.59,53.41,Paid,2025-05-09
233,2025-05-31,59.67,27.56,Unpaid,
233,2025-06-30,162.11,41.49,Partial,
233,2025-07-30,414.43,84.79,Paid,2025-08-01
233,2025-08-29,97.92,37.5,Unpaid,
233,2025-09-28,150.96,39.98,Partial,
234,2025-01-01,475.77,88.67,Unpaid,
234,2025-01-31,181.24,39.02,Unpaid,
234,2025-03-02,245.83,60.34,Paid,2025-03-04
234,2025-04-01,71.15,28.15,Partial,
234,2025-05-01,295.73,69.57,Partial,
234,2025-05-31,153.97,37.96,Unpaid,
234,2025-06-30,297.39,70.21,Partial,
234,2025-07-30,493.3,99.47,Unpaid,
234,2025-08-29,429.52,79.17,Partial,
234,2025-09-28,121.58,34.21,Paid,2025-10-02
235,2025-01-01,350.01,84.69,Unpaid,
235,2025-01-31,68.55,30.55,Unpaid,
235,2025-03-02,277.08,63.07,Unpaid,
235,2025-04-01,75.26,30.35,Partial,
235,2025-05-01,185.21,41.98,Paid,2025-05-07
235,2025-05-31,413.8,79.16,Unpaid,
235,2025-06-30,202.95,53.38,Partial,
235,2025-07-30,262.06,46.31,Unpaid,
235,2025-08-29,491.5,102.88,Unpaid,
235,2025-09-28,230.48,51.67,Unpaid,
236,2025-01-01,325.71,52.86,Paid,2025-01-02
236,2025-01-31,228.32,51.36,Paid,2025-02-08
236,2025-03-02,444.19,74.46,Paid,2025-03-14
236,2025-04-01,477.85,93.9,Unpaid,
236,2025-05-01,399.71,62.26,Unpaid,
236,2025-05-31,307.31,64.0,Unpaid,
236,2025-06-30,249.53,55.48,Unpaid,
236,2025-07-30,59.35,26.12,Unpaid,
236,2025-08-29,323.15,59.58,Paid,2025-09-12
236,2025-09-28,438.04,99.32,Unpaid,
237,2025-01-01,344.99,87.03,Partial,
237,2025-01-31,241.54,56.08,Paid,2025-02-06
237,2025-03-02,55.71,25.86,Partial,
237,2025-04-01,388.98,93.05,Partial,
237,2025-05-01,481.16,84.74,Partial,
237,2025-05-31,87.71,30.7,Unpaid,
237,2025-06-30,114.43,35.93,Partial,
237,2025-07-30,414.74,70.02,Partial,
237,2025-08-29,320.88,61.21,Unpaid,
237,2025-09-28,376.85,64.74,Paid,2025-10-13
238,2025-01-01,332.66,72.83,Unpaid,
238,2025-01-31,302.98,71.94,Unpaid,
238,2025-03-02,234.68,43.65,Partial,
238,2025-04-01,207.64,51.74,Paid,2025-04-04
238,2025-05-01,74.61,32.44,Paid,2025-05-03
238,2025-05-31,170.43,44.15,Paid,2025-06-13
238,2025-06-30,434.65,69.24,Unpaid,
238,2025-07-30,168.81,50.58,Paid,2025-08-08
238,2025-08-29,242.55,45.71,Partial,
238,2025-09-28,302.37,71.13,Unpaid,
239,2025-01-01,300.02,58.82,Partial,
239,2025-01-31,274.89,53.3,Unpaid,
239,2025-03-02,411.61,64.16,Paid,2025-03-02
239,2025-04-01,444.62,70.51,Partial,
239,2025-05-01,458.94,106.35,Paid,2025-05-14
239,2025-05-31,431.66,98.51,Paid,2025-06-14
239,2025-06-30,234.51,60.86,Paid,2025-07-09
239,2025-07-30,186.36,57.17,Paid,2025-08-13
239,2025-08-29,422.95,69.53,Paid,2025-09-09
239,2025-09-28,344.79,62.85,Paid,2025-10-09
240,2025-01-01,275.83,48.77,Paid,2025-01-02
240,2025-01-31,321.14,52.69,Paid,2025-02-08
240,2025-03-02,421.47,98.64,Partial,
240,2025-04-01,337.65,54.87,Paid,2025-04-12
240,2025-05-01,365.69,62.73,Unpaid,
240,2025-05-31,487.22,90.82,Partial,
240,2025-06-30,150.71,36.65,Paid,2025-07-04
240,2025-07-30,309.9,81.17,Unpaid,
240,2025-08-29,157.95,51.26,Partial,
240,2025-09-28,204.79,44.74,Paid,2025-10-03
241,2025-01-01,201.79,58.16,Unpaid,
241,2025-01-31,236.37,66.83,Unpaid,
241,2025-03-02,418.82,82.65,Partial,
241,2025-04-01,219.66,61.5,Unpaid,
241,2025-05-01,283.46,56.79,Partial,
241,2025-05-31,205.25,57.26,Paid,2025-06-06
241,2025-06-30,203.97,51.45,Unpaid,
241,2025-07-30,267.31,55.75,Paid,2025-08-11
241,2025-08-29,422.05,65.48,Partial,
241,2025-09-28,419.28,94.31,Paid,2025-09-30
242,2025-01-01,210.33,49.0,Partial,
242,2025-01-31,335.88,76.56,Unpaid,
242,2025-03-02,356.32,83.87,Paid,2025-03-09
242,2025-04-01,184.01,49.01,Partial,
242,2025-05-01,61.55,31.9,Paid,2025-05-14
242,2025-05-31,200.8,45.91,Paid,2025-06-15
242,2025-06-30,204.68,60.59,Unpaid,
242,2025-07-30,411.68,90.03,Partial,
242,2025-08-29,89.33,35.72,Unpaid,
242,2025-09-28,352.1,65.75,Unpaid,
243,2025-01-01,105.4,30.86,Paid,2025-01-12
243,2025-01-31,443.18,90.73,Unpaid,
243,2025-03-02,136.49,38.13,Paid,2025-03-12
243,2025-04-01,110.26,41.01,Paid,2025-04-05
243,2025-05-01,412.85,81.25,Partial,
243,2025-05-31,383.36,68.55,Partial,
243,2025-06-30,165.13,45.76,Paid,2025-07-04
243,2025-07-30,132.24,45.22,Paid,2025-08-02
243,2025-08-29,177.64,50.93,Partial,
243,2025-09-28,89.34,34.0,Partial,
244,2025-01-01,433.97,63.95,Unpaid,
244,2025-01-31,249.76,63.47,Unpaid,
244,2025-03-02,165.9,46.01,Partial,
244,2025-04-01,436.64,89.72,Unpaid,
244,2025-05-01,336.3,56.49,Paid,2025-05-02
244,2025-05-31,74.21,33.51,Unpaid,
244,2025-06-30,358.35,67.88,Partial,
244,2025-07-30,149.29,41.69,Unpaid,
244,2025-08-29,474.8,110.71,Unpaid,
244,2025-09-28,289.38,57.62,Partial,
245,2025-01-01,349.96,62.88,Partial,
245,2025-01-31,421.39,102.95,Partial,
245,2025-03-02,268.97,58.02,Paid,2025-03-16
245,2025-04-01,316.54,60.98,Partial,
245,2025-05-01,448.35,108.46,Paid,2025-05-03
245,2025-05-31,222.59,63.01,Paid,2025-06-08
245,2025-06-30,114.54,40.71,Partial,
245,2025-07-30,429.46,70.2,Partial,
245,2025-08-29,437.37,97.09,Paid,2025-09-12
245,2025-09-28,284.11,49.71,Paid,2025-10-09
246,2025-01-01,346.42,81.21,Partial,
246,2025-01-31,329.05,58.44,Partial,
246,2025-03-02,311.51,59.25,Paid,2025-03-03
246,2025-04-01,145.96,38.86,Unpaid,
246,2025-05-01,414.3,93.5,Partial,
246,2025-05-31,355.5,70.95,Paid,2025-06-08
246,2025-06-30,435.28,96.19,Paid,2025-07-01
246,2025-07-30,409.56,87.33,Unpaid,
246,2025-08-29,277.95,63.28,Partial,
246,2025-09-28,125.86,39.14,Unpaid,
247,2025-01-01,389.86,91.84,Unpaid,
247,2025-01-31,229.88,62.83,Paid,2025-02-01
247,2025-03-02,143.19,41.91,Paid,2025-03-14
247,2025-04-01,123.23,38.34,Unpaid,
247,2025-05-01,274.88,74.17,Partial,
247,2025-05-31,264.21,66.99,Partial,
247,2025-06-30,93.55,38.59,Unpaid,
247,2025-07-30,272.77,52.4,Unpaid,
247,2025-08-29,242.91,46.98,Partial,
247,2025-09-28,422.05,85.31,Unpaid,
248,2025-01-01,161.86,38.98,Partial,
248,2025-01-31,226.38,56.36,Partial,
248,2025-03-02,428.17,67.83,Partial,
248,2025-04-01,268.95,50.59,Unpaid,
248,2025-05-01,57.73,26.04,Unpaid,
248,2025-05-31,206.71,59.43,Paid,2025-06-07
248,2025-06-30,402.71,69.04,Paid,2025-07-03
248,2025-07-30,239.03,56.08,Unpaid,
248,2025-08-29,375.85,71.09,Paid,2025-09-12
248,2025-09-28,298.47,65.48,Partial,
249,2025-01-01,408.16,65.18,Partial,
249,2025-01-31,385.2,66.92,Partial,
249,2025-03-02,292.82,66.05,Partial,
249,2025-04-01,437.46,107.07,Unpaid,
249,2025-05-01,366.86,75.7,Paid,2025-05-16
249,2025-05-31,409.41,66.04,Unpaid,
249,2025-06-30,91.4,34.33,Unpaid,
249,2025-07-30,415.7,62.7,Paid,2025-08-12
249,2025-08-29,249.08,67.65,Paid,2025-08-29
249,2025-09-28,266.1,65.92,Partial,
250,2025-01-01,73.46,28.46,Partial,
250,2025-01-31,273.35,58.66,Partial,
250,2025-03-02,91.72,33.48,Unpaid,
250,2025-04-01,198.8,50.57,Unpaid,
250,2025-05-01,437.76,64.59,Paid,2025-05-01
250,2025-05-31,288.91,64.66,Paid,2025-06-05
250,2025-06-30,122.05,33.6,Partial,
250,2025-07-30,305.86,64.86,Partial,
250,2025-08-29,290.4,52.67,Partial,
250,2025-09-28,495.64,98.63,Paid,2025-10-01
251,2025-01-01,363.61,59.99,Paid,2025-01-07
251,2025-01-31,339.33,65.7,Partial,
251,2025-03-02,284.25,73.56,Paid,2025-03-08
251,2025-04-01,250.96,51.11,Unpaid,
251,2025-05-01,242.64,49.8,Paid,2025-05-07
251,2025-05-31,402.12,78.57,Paid,2025-06-15
251,2025-06-30,258.63,46.17,Partial,
251,2025-07-30,486.4,82.21,Partial,
251,2025-08-29,69.89,27.2,Partial,
251,2025-09-28,153.15,43.99,Unpaid,
252,2025-01-01,208.66,52.43,Paid,2025-01-08
252,2025-01-31,348.91,66.83,Unpaid,
252,2025-03-02,414.98,80.99,Partial,
252,2025-04-01,310.63,51.27,Paid,2025-04-05
252,2025-05-01,218.61,49.82,Unpaid,
252,2025-05-31,371.65,63.75,Unpaid,
252,2025-06-30,411.51,73.04,Paid,2025-06-30
252,2025-07-30,124.94,35.46,Unpaid,
252,2025-08-29,265.64,73.13,Partial,
252,2025-09-28,416.7,72.74,Unpaid,
253,2025-01-01,137.76,44.33,Partial,
253,2025-01-31,188.62,44.21,Partial,
253,2025-03-02,131.2,35.05,Paid,2025-03-03
253,2025-04-01,150.05,36.74,Unpaid,
253,2025-05-01,455.33,88.13,Paid,2025-05-05
253,2025-05-31,312.38,80.64,Paid,2025-06-01
253,2025-06-30,261.08,56.6,Paid,2025-07-08
253,2025-07-30,495.6,94.09,Paid,2025-08-14
253,2025-08-29,347.85,73.33,Paid,2025-09-10
253,2025-09-28,97.25,33.47,Unpaid,
254,2025-01-01,55.19,25.56,Unpaid,
254,2025-01-31,347.68,81.22,Unpaid,
254,2025-03-02,115.37,32.69,Unpaid,
254,2025-04-01,367.61,85.06,Unpaid,
254,2025-05-01,249.71,60.52,Paid,2025-05-15
254,2025-05-31,293.96,56.89,Paid,2025-06-05
254,2025-06-30,112.18,35.8,Unpaid,
254,2025-07-30,418.38,63.12,Paid,2025-08-14
254,2025-08-29,431.79,68.4,Paid,2025-09-06
254,2025-09-28,436.78,97.8,Partial,
255,2025-01-01,447.53,108.83,Paid,2025-01-04
255,2025-01-31,405.88,64.07,Partial,
255,2025-03-02,318.21,58.5,Partial,
255,2025-04-01,63.02,32.47,Unpaid,
255,2025-05-01,144.41,46.39,Partial,
255,2025-05-31,74.55,28.06,Partial,
255,2025-06-30,482.56,102.2,Unpaid,
255,2025-07-30,466.33,104.26,Unpaid,
255,2025-08-29,460.29,86.21,Unpaid,
255,2025-09-28,383.02,70.34,Partial,
256,2025-01-01,131.39,33.83,Paid,2025-01-13
256,2025-01-31,353.29,82.01,Paid,2025-02-12
256,2025-03-02,166.67,37.12,Unpaid,
256,2025-04-01,426.32,69.17,Paid,2025-04-14
256,2025-05-01,367.34,81.39,Paid,2025-05-09
256,2025-05-31,340.55,82.11,Paid,2025-06-14
256,2025-06-30,126.07,39.15,Partial,
256,2025-07-30,422.1,99.87,Partial,
256,2025-08-29,167.92,39.99,Paid,2025-08-31
256,2025-09-28,87.39,31.71,Unpaid,
257,2025-01-01,244.98,60.51,Paid,2025-01-13
257,2025-01-31,99.74,37.31,Unpaid,
257,2025-03-02,444.86,70.28,Paid,2025-03-16
257,2025-04-01,256.27,48.54,Partial,
257,2025-05-01,307.06,63.67,Paid,2025-05-15
257,2025-05-31,451.26,86.39,Unpaid,
257,2025-06-30,286.92,75.87,Unpaid,
257,2025-07-30,397.17,72.12,Unpaid,
257,2025-08-29,293.97,55.61,Paid,2025-09-05
257,2025-09-28,352.05,71.43,Partial,
258,2025-01-01,434.53,74.31,Unpaid,
258,2025-01-31,368.29,90.88,Unpaid,
258,2025-03-02,286.76,61.7,Unpaid,
258,2025-04-01,222.89,58.04,Paid,2025-04-15
258,2025-05-01,114.34,40.97,Partial,
258,2025-05-31,444.05,107.3,Partial,
258,2025-06-30,447.25,76.06,Partial,
258,2025-07-30,193.81,39.91,Paid,2025-08-12
258,2025-08-29,77.27,28.35,Unpaid,
258,2025-09-28,464.9,111.88,Unpaid,
259,2025-01-01,322.39,70.8,Paid,2025-01-14
259,2025-01-31,262.09,57.46,Unpaid,
259,2025-03-02,497.43,111.53,Unpaid,
259,2025-04-01,62.28,28.34,Partial,
259,2025-05-01,83.9,29.18,Paid,2025-05-11
259,2025-05-31,368.14,91.55,Unpaid,
259,2025-06-30,188.81,41.67,Partial,
259,2025-07-30,228.77,44.81,Paid,2025-08-01
259,2025-08-29,175.69,44.39,Partial,
259,2025-09-28,125.51,42.44,Paid,2025-10-11
260,2025-01-01,302.06,75.01,Paid,2025-01-04
260,2025-01-31,205.08,41.13,Paid,2025-02-06
260,2025-03-02,404.86,78.58,Paid,2025-03-09
260,2025-04-01,170.07,52.78,Paid,2025-04-04
260,2025-05-01,473.9,78.05,Paid,2025-05-10
260,2025-05-31,228.08,62.45,Paid,2025-06-02
260,2025-06-30,178.3,54.03,Unpaid,
260,2025-07-30,91.79,31.85,Unpaid,
260,2025-08-29,309.88,68.99,Paid,2025-09-10
260,2025-09-28,470.25,82.37,Partial,
261,2025-01-01,498.66,80.93,Unpaid,
261,2025-01-31,461.52,109.59,Unpaid,
261,2025-03-02,50.06,28.53,Partial,
261,2025-04-01,259.63,58.99,Paid,2025-04-01
261,2025-05-01,82.72,30.19,Unpaid,
261,2025-05-31,76.89,33.73,Unpaid,
261,2025-06-30,143.52,41.25,Paid,2025-07-12
261,2025-07-30,178.59,49.05,Unpaid,
261,2025-08-29,468.53,90.56,Paid,2025-09-04
261,2025-09-28,323.15,63.44,Paid,2025-09-29
262,2025-01-01,386.54,77.76,Partial,
262,2025-01-31,380.7,69.98,Unpaid,
262,2025-03-02,253.65,58.32,Paid,2025-03-14
262,2025-04-01,401.74,77.42,Partial,
262,2025-05-01,378.55,76.59,Unpaid,
262,2025-05-31,488.88,84.73,Paid,2025-06-05
262,2025-06-30,169.97,53.4,Paid,2025-07-02
262,2025-07-30,381.02,62.25,Unpaid,
262,2025-08-29,218.17,48.96,Unpaid,
262,2025-09-28,322.49,64.43,Partial,
263,2025-01-01,107.71,33.12,Unpaid,
263,2025-01-31,286.79,75.42,Unpaid,
263,2025-03-02,275.71,49.5,Unpaid,
263,2025-04-01,428.47,63.53,Unpaid,
263,2025-05-01,461.27,70.64,Unpaid,
263,2025-05-31,232.13,65.85,Partial,
263,2025-06-30,170.59,44.38,Paid,2025-06-30
263,2025-07-30,122.18,40.8,Unpaid,
263,2025-08-29,359.33,69.79,Unpaid,
263,2025-09-28,409.74,67.23,Unpaid,
264,2025-01-01,98.59,33.21,Paid,2025-01-13
264,2025-01-31,498.42,75.16,Unpaid,
264,2025-03-02,337.14,71.09,Unpaid,
264,2025-04-01,190.85,57.1,Paid,2025-04-05
264,2025-05-01,217.46,60.06,Unpaid,
264,2025-05-31,214.64,52.36,Paid,2025-06-05
264,2025-06-30,235.25,51.88,Partial,
264,2025-07-30,377.76,76.87,Partial,
264,2025-08-29,306.15,62.52,Unpaid,
264,2025-09-28,264.23,71.84,Partial,
265,2025-01-01,476.38,100.2,Partial,
265,2025-01-31,421.73,96.61,Paid,2025-02-07
265,2025-03-02,317.76,58.61,Unpaid,
265,2025-04-01,56.19,29.75,Unpaid,
265,2025-05-01,175.06,37.96,Paid,2025-05-14
265,2025-05-31,482.34,100.17,Unpaid,
265,2025-06-30,88.98,33.32,Unpaid,
265,2025-07-30,466.6,108.61,Paid,2025-08-11
265,2025-08-29,181.85,38.7,Unpaid,
265,2025-09-28,141.69,40.59,Unpaid,
266,2025-01-01,307.46,51.78,Partial,
266,2025-01-31,365.34,86.04,Unpaid,
266,2025-03-02,204.99,44.53,Partial,
266,2025-04-01,448.19,104.22,Partial,
266,2025-05-01,424.91,93.0,Paid,2025-05-06
266,2025-05-31,141.05,40.36,Paid,2025-05-31
266,2025-06-30,80.31,29.56,Unpaid,
266,2025-07-30,338.28,62.46,Paid,2025-08-06
266,2025-08-29,215.8,55.22,Unpaid,
266,2025-09-28,401.67,76.41,Partial,
267,2025-01-01,162.19,47.03,Partial,
267,2025-01-31,421.92,73.05,Partial,
267,2025-03-02,262.44,59.75,Partial,
267,2025-04-01,226.48,59.46,Paid,2025-04-02
267,2025-05-01,420.73,86.02,Unpaid,
267,2025-05-31,283.1,68.73,Paid,2025-06-03
267,2025-06-30,300.5,70.36,Paid,2025-07-05
267,2025-07-30,393.28,83.19,Partial,
267,2025-08-29,350.07,77.77,Paid,2025-09-04
267,2025-09-28,253.82,57.65,Paid,2025-09-28
268,2025-01-01,149.68,47.06,Partial,
268,2025-01-31,192.25,42.92,Unpaid,
268,2025-03-02,102.53,34.33,Partial,
268,2025-04-01,386.21,66.47,Partial,
268,2025-05-01,106.43,35.57,Unpaid,
268,2025-05-31,103.74,39.06,Partial,
268,2025-06-30,74.68,28.24,Partial,
268,2025-07-30,139.34,35.95,Partial,
268,2025-08-29,327.08,59.91,Paid,2025-09-05
268,2025-09-28,458.21,110.82,Partial,
269,2025-01-01,446.9,103.65,Partial,
269,2025-01-31,241.11,60.78,Paid,2025-02-10
269,2025-03-02,389.59,64.78,Paid,2025-03-12
269,2025-04-01,217.86,49.96,Partial,
269,2025-05-01,364.79,62.25,Unpaid,
269,2025-05-31,211.55,60.47,Unpaid,
269,2025-06-30,59.87,26.8,Partial,
269,2025-07-30,234.21,59.0,Paid,2025-08-14
269,2025-08-29,129.0,34.57,Paid,2025-09-07
269,2025-09-28,485.93,92.12,Partial,
270,2025-01-01,457.02,96.75,Unpaid,
270,2025-01-31,436.88,99.68,Partial,
270,2025-03-02,67.11,29.99,Partial,
270,2025-04-01,267.81,47.55,Partial,
270,2025-05-01,256.16,47.86,Unpaid,
270,2025-05-31,95.42,38.65,Unpaid,
270,2025-06-30,454.29,86.94,Partial,
270,2025-07-30,436.47,65.46,Unpaid,
270,2025-08-29,340.19,60.5,Paid,2025-09-01
270,2025-09-28,191.83,40.74,Paid,2025-10-06
271,2025-01-01,299.54,79.69,Paid,2025-01-15
271,2025-01-31,373.34,85.9,Paid,2025-02-11
271,2025-03-02,225.64,64.5,Partial,
271,2025-04-01,389.1,83.15,Unpaid,
271,2025-05-01,488.94,79.51,Paid,2025-05-02
271,2025-05-31,340.02,54.55,Partial,
271,2025-06-30,420.66,74.8,Paid,2025-07-01
271,2025-07-30,455.83,107.29,Partial,
271,2025-08-29,451.02,78.79,Unpaid,
271,2025-09-28,409.71,74.25,Paid,2025-10-11
272,2025-01-01,452.65,79.71,Unpaid,
272,2025-01-31,71.56,30.76,Paid,2025-02-10
272,2025-03-02,149.51,41.22,Unpaid,
272,2025-04-01,100.42,37.67,Paid,2025-04-08
272,2025-05-01,81.79,35.83,Unpaid,
272,2025-05-31,181.26,39.6,Paid,2025-06-12
272,2025-06-30,226.16,60.95,Paid,2025-07-11
272,2025-07-30,212.55,54.64,Unpaid,
272,2025-08-29,348.99,65.47,Paid,2025-09-10
272,2025-09-28,83.98,36.27,Unpaid,
273,2025-01-01,397.56,61.59,Unpaid,
273,2025-01-31,426.57,76.4,Paid,2025-02-05
273,2025-03-02,135.55,34.88,Partial,
273,2025-04-01,493.77,115.21,Paid,2025-04-14
273,2025-05-01,363.84,66.19,Partial,
273,2025-05-31,52.86,27.8,Partial,
273,2025-06-30,416.03,65.98,Paid,2025-07-13
273,2025-07-30,101.83,31.21,Partial,
273,2025-08-29,337.64,57.86,Partial,
273,2025-09-28,74.91,28.15,Unpaid,
274,2025-01-01,418.47,97.93,Partial,
274,2025-01-31,349.33,56.11,Paid,2025-02-11
274,2025-03-02,69.34,27.1,Paid,2025-03-14
274,2025-04-01,132.21,44.81,Partial,
274,2025-05-01,80.77,35.54,Paid,2025-05-15
274,2025-05-31,428.13,69.02,Unpaid,
274,2025-06-30,155.33,49.21,Partial,
274,2025-07-30,457.44,91.57,Partial,
274,2025-08-29,203.38,47.26,Paid,2025-09-05
274,2025-09-28,92.84,34.07,Partial,
275,2025-01-01,140.46,42.24,Paid,2025-01-10
275,2025-01-31,485.72,82.66,Partial,
275,2025-03-02,471.96,76.13,Unpaid,
275,2025-04-01,495.86,85.03,Unpaid,
275,2025-05-01,235.85,57.09,Paid,2025-05-01
275,2025-05-31,232.1,64.98,Partial,
275,2025-06-30,412.28,100.92,Partial,
275,2025-07-30,271.82,59.93,Unpaid,
275,2025-08-29,374.56,89.03,Paid,2025-08-30
275,2025-09-28,370.01,86.27,Partial,
276,2025-01-01,334.36,83.36,Partial,
276,2025-01-31,91.19,29.78,Paid,2025-02-14
276,2025-03-02,273.39,62.49,Paid,2025-03-16
276,2025-04-01,175.53,53.82,Unpaid,
276,2025-05-01,451.41,77.98,Partial,
276,2025-05-31,399.33,96.93,Unpaid,
276,2025-06-30,463.39,111.64,Paid,2025-07-07
276,2025-07-30,137.21,39.39,Paid,2025-08-03
276,2025-08-29,212.79,44.62,Partial,
276,2025-09-28,289.17,64.59,Partial,
277,2025-01-01,475.0,103.83,Paid,2025-01-03
277,2025-01-31,460.9,106.54,Partial,
277,2025-03-02,333.73,53.38,Partial,
277,2025-04-01,224.07,46.31,Unpaid,
277,2025-05-01,140.08,41.81,Paid,2025-05-13
277,2025-05-31,191.96,40.65,Unpaid,
277,2025-06-30,64.77,32.43,Partial,
277,2025-07-30,142.18,38.2,Partial,
277,2025-08-29,59.96,28.96,Unpaid,
277,2025-09-28,197.56,52.3,Paid,2025-10-03
278,2025-01-01,205.58,53.92,Paid,2025-01-12
278,2025-01-31,232.24,44.94,Unpaid,
278,2025-03-02,438.75,106.2,Partial,
278,2025-04-01,253.12,61.75,Partial,
278,2025-05-01,62.75,31.74,Partial,
278,2025-05-31,257.26,48.61,Partial,
278,2025-06-30,383.0,67.79,Unpaid,
278,2025-07-30,107.41,39.43,Unpaid,
278,2025-08-29,304.16,50.94,Unpaid,
278,2025-09-28,223.6,49.88,Paid,2025-10-03
279,2025-01-01,100.13,38.79,Partial,
279,2025-01-31,68.29,28.48,Paid,2025-02-13
279,2025-03-02,113.85,39.48,Paid,2025-03-17
279,2025-04-01,134.74,38.9,Partial,
279,2025-05-01,103.39,32.3,Paid,2025-05-12
279,2025-05-31,64.39,32.17,Partial,
279,2025-06-30,333.16,80.75,Partial,
279,2025-07-30,116.65,38.41,Unpaid,
279,2025-08-29,483.7,78.69,Partial,
279,2025-09-28,245.77,64.78,Unpaid,
280,2025-01-01,369.4,79.01,Partial,
280,2025-01-31,268.83,70.6,Paid,2025-02-12
280,2025-03-02,124.97,33.35,Paid,2025-03-14
280,2025-04-01,205.31,45.65,Paid,2025-04-06
280,2025-05-01,160.46,46.97,Partial,
280,2025-05-31,169.94,51.59,Unpaid,
280,2025-06-30,198.79,55.12,Partial,
280,2025-07-30,126.11,44.47,Paid,2025-08-04
280,2025-08-29,83.56,32.65,Paid,2025-09-09
280,2025-09-28,179.47,49.08,Paid,2025-09-29
281,2025-01-01,56.23,28.3,Partial,
281,2025-01-31,411.89,94.48,Paid,2025-02-07
281,2025-03-02,459.67,111.35,Unpaid,
281,2025-04-01,443.82,98.13,Unpaid,
281,2025-05-01,273.37,65.21,Paid,2025-05-06
281,2025-05-31,431.07,81.45,Paid,2025-05-31
281,2025-06-30,69.1,28.94,Unpaid,
281,2025-07-30,331.0,73.69,Partial,
281,2025-08-29,371.23,88.73,Unpaid,
281,2025-09-28,394.51,77.61,Unpaid,
282,2025-01-01,453.01,93.16,Unpaid,
282,2025-01-31,197.19,42.47,Unpaid,
282,2025-03-02,362.22,71.02,Partial,
282,2025-04-01,456.38,73.39,Paid,2025-04-07
282,2025-05-01,96.06,32.4,Partial,
282,2025-05-31,461.98,73.18,Unpaid,
282,2025-06-30,243.76,58.0,Paid,2025-07-06
282,2025-07-30,467.4,68.83,Paid,2025-08-01
282,2025-08-29,216.17,58.5,Unpaid,
282,2025-09-28,481.01,85.35,Unpaid,
283,2025-01-01,286.07,58.05,Unpaid,
283,2025-01-31,408.88,74.66,Partial,
283,2025-03-02,347.23,85.85,Partial,
283,2025-04-01,276.9,57.96,Partial,
283,2025-05-01,377.78,83.87,Paid,2025-05-12
283,2025-05-31,499.78,95.8,Paid,2025-06-04
283,2025-06-30,218.25,53.1,Partial,
283,2025-07-30,265.74,47.53,Paid,2025-08-14
283,2025-08-29,258.62,70.61,Unpaid,
283,2025-09-28,120.34,41.62,Unpaid,
284,2025-01-01,322.45,57.65,Unpaid,
284,2025-01-31,170.57,52.1,Partial,
284,2025-03-02,315.26,82.58,Partial,
284,2025-04-01,462.82,77.86,Partial,
284,2025-05-01,241.79,62.11,Partial,
284,2025-05-31,189.43,49.21,Partial,
284,2025-06-30,112.02,40.78,Partial,
284,2025-07-30,495.66,80.82,Paid,2025-08-04
284,2025-08-29,230.06,62.09,Partial,
284,2025-09-28,51.95,26.77,Partial,
285,2025-01-01,139.1,41.94,Unpaid,
285,2025-01-31,400.19,84.96,Partial,
285,2025-03-02,234.47,51.24,Paid,2025-03-07
285,2025-04-01,96.32,33.01,Paid,2025-04-15
285,2025-05-01,59.39,30.46,Partial,
285,2025-05-31,425.73,66.71,Unpaid,
285,2025-06-30,263.84,65.11,Paid,2025-07-02
285,2025-07-30,434.38,82.54,Paid,2025-08-11
285,2025-08-29,311.41,67.94,Partial,
285,2025-09-28,301.89,73.87,Partial,
286,2025-01-01,141.76,34.36,Partial,
286,2025-01-31,328.05,56.79,Paid,2025-02-04
286,2025-03-02,416.85,103.11,Unpaid,
286,2025-04-01,272.67,72.22,Partial,
286,2025-05-01,142.81,41.29,Partial,
286,2025-05-31,257.74,70.87,Unpaid,
286,2025-06-30,405.79,71.16,Unpaid,
286,2025-07-30,255.3,48.64,Unpaid,
286,2025-08-29,301.62,61.04,Unpaid,
286,2025-09-28,377.95,85.01,Paid,2025-10-13
287,2025-01-01,137.34,35.13,Partial,
287,2025-01-31,144.47,34.94,Partial,
287,2025-03-02,172.87,51.85,Paid,2025-03-16
287,2025-04-01,215.5,52.5,Unpaid,
287,2025-05-01,275.33,58.76,Unpaid,
287,2025-05-31,128.85,42.76,Unpaid,
287,2025-06-30,104.48,37.01,Partial,
287,2025-07-30,355.41,69.2,Partial,
287,2025-08-29,284.88,74.68,Partial,
287,2025-09-28,316.01,52.96,Paid,2025-10-08
288,2025-01-01,363.21,76.31,Paid,2025-01-08
288,2025-01-31,102.13,34.02,Partial,
288,2025-03-02,339.22,70.27,Paid,2025-03-13
288,2025-04-01,253.1,48.37,Paid,2025-04-13
288,2025-05-01,491.5,88.04,Unpaid,
288,2025-05-31,360.37,59.73,Unpaid,
288,2025-06-30,206.98,43.01,Paid,2025-07-09
288,2025-07-30,212.0,57.91,Paid,2025-08-08
288,2025-08-29,127.45,42.61,Partial,
288,2025-09-28,164.26,44.21,Unpaid,
289,2025-01-01,59.11,30.3,Paid,2025-01-03
289,2025-01-31,239.98,53.97,Unpaid,
289,2025-03-02,111.65,39.81,Paid,2025-03-15
289,2025-04-01,218.59,51.33,Unpaid,
289,2025-05-01,343.72,62.02,Paid,2025-05-11
289,2025-05-31,85.24,35.95,Paid,2025-06-08
289,2025-06-30,182.89,41.59,Unpaid,
289,2025-07-30,462.18,102.98,Paid,2025-07-31
289,2025-08-29,120.34,32.8,Paid,2025-09-12
289,2025-09-28,393.45,67.23,Paid,2025-10-09
290,2025-01-01,285.84,59.69,Paid,2025-01-04
290,2025-01-31,232.49,55.32,Unpaid,
290,2025-03-02,139.51,37.99,Partial,
290,2025-04-01,386.69,81.46,Partial,
290,2025-05-01,198.5,44.63,Paid,2025-05-04
290,2025-05-31,328.01,66.21,Unpaid,
290,2025-06-30,437.94,102.17,Paid,2025-07-10
290,2025-07-30,421.81,72.72,Unpaid,
290,2025-08-29,194.29,55.53,Paid,2025-09-02
290,2025-09-28,441.19,100.68,Partial,
291,2025-01-01,210.54,57.73,Paid,2025-01-14
291,2025-01-31,112.98,41.31,Unpaid,
291,2025-03-02,99.49,36.7,Partial,
291,2025-04-01,481.23,110.04,Unpaid,
291,2025-05-01,484.15,94.51,Paid,2025-05-02
291,2025-05-31,94.92,38.08,Paid,2025-06-10
291,2025-06-30,106.6,34.72,Partial,
291,2025-07-30,247.18,60.16,Unpaid,
291,2025-08-29,248.47,50.58,Partial,
291,2025-09-28,62.68,30.17,Partial,
292,2025-01-01,106.51,40.02,Partial,
292,2025-01-31,186.88,51.66,Paid,2025-02-06
292,2025-03-02,193.57,58.37,Unpaid,
292,2025-04-01,224.38,49.2,Unpaid,
292,2025-05-01,162.97,49.48,Partial,
292,2025-05-31,180.73,51.24,Partial,
292,2025-06-30,69.21,31.83,Unpaid,
292,2025-07-30,322.04,77.85,Paid,2025-08-06
292,2025-08-29,426.0,70.45,Paid,2025-09-12
292,2025-09-28,327.32,75.38,Paid,2025-09-29
293,2025-01-01,311.61,62.23,Unpaid,
293,2025-01-31,72.92,30.74,Partial,
293,2025-03-02,51.01,27.85,Unpaid,
293,2025-04-01,197.77,45.04,Unpaid,
293,2025-05-01,485.17,94.6,Partial,
293,2025-05-31,134.57,37.38,Partial,
293,2025-06-30,128.44,44.0,Unpaid,
293,2025-07-30,481.66,83.02,Paid,2025-08-01
293,2025-08-29,118.81,36.65,Paid,2025-09-02
293,2025-09-28,79.31,30.58,Unpaid,
294,2025-01-01,117.74,34.55,Paid,2025-01-03
294,2025-01-31,484.1,80.26,Unpaid,
294,2025-03-02,199.55,59.57,Paid,2025-03-08
294,2025-04-01,234.2,57.45,Paid,2025-04-08
294,2025-05-01,80.09,34.81,Paid,2025-05-01
294,2025-05-31,114.17,40.87,Unpaid,
294,2025-06-30,424.03,80.98,Partial,
294,2025-07-30,275.23,68.32,Partial,
294,2025-08-29,161.69,37.56,Paid,2025-09-13
294,2025-09-28,236.73,48.99,Unpaid,
295,2025-01-01,52.01,28.7,Partial,
295,2025-01-31,96.12,31.14,Paid,2025-02-12
295,2025-03-02,192.1,58.07,Partial,
295,2025-04-01,436.71,104.96,Partial,
295,2025-05-01,55.74,26.08,Partial,
295,2025-05-31,169.87,45.89,Unpaid,
295,2025-06-30,309.55,78.1,Unpaid,
295,2025-07-30,125.14,36.98,Partial,
295,2025-08-29,382.32,68.01,Partial,
295,2025-09-28,344.79,72.78,Unpaid,
296,2025-01-01,241.6,55.9,Paid,2025-01-13
296,2025-01-31,51.58,29.44,Partial,
296,2025-03-02,123.27,37.59,Paid,2025-03-08
296,2025-04-01,124.56,43.52,Paid,2025-04-10
296,2025-05-01,180.1,51.5,Unpaid,
296,2025-05-31,339.82,71.31,Unpaid,
296,2025-06-30,389.87,87.27,Paid,2025-07-05
296,2025-07-30,109.86,34.71,Partial,
296,2025-08-29,412.96,71.24,Unpaid,
296,2025-09-28,91.88,30.41,Paid,2025-10-11
297,2025-01-01,66.47,28.62,Paid,2025-01-12
297,2025-01-31,346.06,67.66,Paid,2025-02-10
297,2025-03-02,472.85,76.58,Paid,2025-03-06
297,2025-04-01,180.42,39.41,Unpaid,
297,2025-05-01,254.31,68.52,Unpaid,
297,2025-05-31,191.69,57.87,Unpaid,
297,2025-06-30,387.86,78.57,Partial,
297,2025-07-30,419.32,90.26,Paid,2025-08-01
297,2025-08-29,235.32,54.36,Partial,
297,2025-09-28,455.52,69.93,Unpaid,
298,2025-01-01,62.15,28.21,Partial,
298,2025-01-31,266.26,50.83,Paid,2025-02-04
298,2025-03-02,155.53,47.44,Partial,
298,2025-04-01,89.76,34.29,Partial,
298,2025-05-01,490.1,103.77,Unpaid,
298,2025-05-31,182.04,55.95,Partial,
298,2025-06-30,339.58,86.75,Paid,2025-07-14
298,2025-07-30,409.9,87.81,Partial,
298,2025-08-29,360.45,77.5,Unpaid,
298,2025-09-28,233.23,61.9,Paid,2025-10-12
299,2025-01-01,282.79,75.4,Unpaid,
299,2025-01-31,161.68,50.64,Unpaid,
299,2025-03-02,58.23,30.08,Paid,2025-03-15
299,2025-04-01,345.3,63.17,Partial,
299,2025-05-01,351.15,81.04,Paid,2025-05-05
299,2025-05-31,235.09,55.23,Paid,2025-06-02
299,2025-06-30,378.78,91.78,Unpaid,
299,2025-07-30,479.7,95.9,Paid,2025-08-02
299,2025-08-29,301.57,63.7,Paid,2025-09-03
299,2025-09-28,89.86,36.11,Partial,
300,2025-01-01,431.05,76.26,Unpaid,
300,2025-01-31,498.04,80.75,Partial,
300,2025-03-02,141.14,38.86,Unpaid,
300,2025-04-01,492.94,84.51,Partial,
300,2025-05-01,275.14,62.1,Partial,
300,2025-05-31,320.35,69.2,Unpaid,
300,2025-06-30,87.56,37.46,Partial,
300,2025-07-30,74.83,28.16,Paid,2025-08-04
300,2025-08-29,467.71,111.79,Unpaid,
300,2025-09-28,482.18,91.5,Unpaid,
301,2025-01-01,158.93,50.11,Partial,
301,2025-01-31,58.0,26.23,Unpaid,
301,2025-03-02,60.7,30.31,Unpaid,
301,2025-04-01,151.55,45.94,Unpaid,
301,2025-05-01,321.04,55.64,Partial,
301,2025-05-31,407.85,84.43,Unpaid,
301,2025-06-30,193.17,46.68,Unpaid,
301,2025-07-30,320.89,74.57,Paid,2025-08-04
301,2025-08-29,429.81,64.2,Unpaid,
301,2025-09-28,216.49,58.13,Paid,2025-10-13
302,2025-01-01,341.9,61.61,Paid,2025-01-08
302,2025-01-31,125.74,41.21,Partial,
302,2025-03-02,198.28,51.46,Partial,
302,2025-04-01,153.02,49.05,Partial,
302,2025-05-01,470.81,79.45,Unpaid,
302,2025-05-31,478.8,95.32,Unpaid,
302,2025-06-30,263.84,47.66,Paid,2025-07-09
302,2025-07-30,364.89,71.83,Partial,
302,2025-08-29,93.35,30.18,Partial,
302,2025-09-28,147.67,44.54,Unpaid,
303,2025-01-01,89.29,35.14,Partial,
303,2025-01-31,158.45,41.75,Unpaid,
303,2025-03-02,120.61,41.4,Partial,
303,2025-04-01,89.62,37.63,Paid,2025-04-15
303,2025-05-01,294.29,61.76,Unpaid,
303,2025-05-31,56.75,30.29,Paid,2025-06-02
303,2025-06-30,264.18,52.72,Partial,
303,2025-07-30,267.88,58.53,Partial,
303,2025-08-29,383.74,63.31,Partial,
303,2025-09-28,448.29,107.77,Partial,
304,2025-01-01,263.75,65.25,Partial,
304,2025-01-31,236.58,61.07,Unpaid,
304,2025-03-02,350.3,86.7,Unpaid,
304,2025-04-01,85.63,31.51,Paid,2025-04-07
304,2025-05-01,179.42,47.74,Unpaid,
304,2025-05-31,356.31,86.66,Unpaid,
304,2025-06-30,288.88,54.02,Unpaid,
304,2025-07-30,451.16,93.07,Paid,2025-08-13
304,2025-08-29,50.64,26.05,Partial,
304,2025-09-28,388.22,62.75,Paid,2025-10-11
305,2025-01-01,418.91,92.63,Paid,2025-01-07
305,2025-01-31,276.74,48.53,Unpaid,
305,2025-03-02,439.19,101.81,Partial,
305,2025-04-01,447.43,83.74,Paid,2025-04-06
305,2025-05-01,89.67,32.41,Partial,
305,2025-05-31,336.99,60.94,Partial,
305,2025-06-30,181.48,54.9,Paid,2025-07-07
305,2025-07-30,72.58,29.78,Paid,2025-08-05
305,2025-08-29,271.69,71.7,Paid,2025-08-31
305,2025-09-28,87.3,37.28,Paid,2025-10-12
306,2025-01-01,259.85,50.68,Paid,2025-01-04
306,2025-01-31,148.6,49.46,Paid,2025-02-06
306,2025-03-02,183.27,38.81,Paid,2025-03-02
306,2025-04-01,80.38,35.33,Paid,2025-04-13
306,2025-05-01,59.67,26.58,Unpaid,
306,2025-05-31,286.28,49.57,Unpaid,
306,2025-06-30,250.98,51.19,Unpaid,
306,2025-07-30,425.08,76.07,Unpaid,
306,2025-08-29,226.21,55.72,Unpaid,
306,2025-09-28,82.81,29.38,Unpaid,
307,2025-01-01,124.59,44.68,Paid,2025-01-03
307,2025-01-31,385.28,70.59,Unpaid,
307,2025-03-02,59.85,28.31,Paid,2025-03-06
307,2025-04-01,460.56,103.17,Unpaid,
307,2025-05-01,275.04,59.04,Unpaid,
307,2025-05-31,160.65,38.29,Paid,2025-06-08
307,2025-06-30,59.55,30.97,Paid,2025-07-13
307,2025-07-30,457.18,65.97,Partial,
307,2025-08-29,110.78,31.4,Unpaid,
307,2025-09-28,467.04,100.51,Partial,
308,2025-01-01,184.88,56.46,Partial,
308,2025-01-31,476.43,90.24,Unpaid,
308,2025-03-02,150.81,42.35,Partial,
308,2025-04-01,365.99,77.99,Partial,
308,2025-05-01,451.8,96.69,Paid,2025-05-01
308,2025-05-31,494.29,98.45,Unpaid,
308,2025-06-30,438.38,67.6,Unpaid,
308,2025-07-30,221.92,49.14,Unpaid,
308,2025-08-29,194.78,40.72,Unpaid,
308,2025-09-28,211.82,50.86,Partial,
309,2025-01-01,343.6,61.37,Partial,
309,2025-01-31,288.12,63.01,Unpaid,
309,2025-03-02,389.29,83.76,Unpaid,
309,2025-04-01,248.39,47.85,Paid,2025-04-11
309,2025-05-01,98.23,37.36,Partial,
309,2025-05-31,81.03,35.12,Paid,2025-06-06
309,2025-06-30,310.69,67.03,Paid,2025-07-02
309,2025-07-30,165.19,47.21,Unpaid,
309,2025-08-29,88.5,35.92,Partial,
309,2025-09-28,102.66,39.13,Unpaid,
310,2025-01-01,479.54,101.6,Paid,2025-01-14
310,2025-01-31,117.25,39.7,Unpaid,
310,2025-03-02,139.61,40.65,Partial,
310,2025-04-01,372.01,73.92,Unpaid,
310,2025-05-01,114.22,36.27,Unpaid,
310,2025-05-31,460.86,67.88,Paid,2025-06-05
310,2025-06-30,229.66,44.79,Partial,
310,2025-07-30,74.63,29.69,Partial,
310,2025-08-29,312.04,69.88,Unpaid,
310,2025-09-28,467.82,89.09,Partial,
311,2025-01-01,146.39,37.36,Unpaid,
311,2025-01-31,99.05,33.96,Unpaid,
311,2025-03-02,425.17,80.05,Unpaid,
311,2025-04-01,126.43,34.29,Paid,2025-04-11
311,2025-05-01,131.3,40.8,Paid,2025-05-02
311,2025-05-31,297.4,52.1,Unpaid,
311,2025-06-30,74.34,30.21,Paid,2025-07-03
311,2025-07-30,485.72,99.11,Partial,
311,2025-08-29,70.46,28.18,Partial,
311,2025-09-28,87.64,36.97,Unpaid,
312,2025-01-01,161.44,44.79,Unpaid,
312,2025-01-31,193.2,57.48,Unpaid,
312,2025-03-02,320.14,60.04,Paid,2025-03-17
312,2025-04-01,312.62,59.29,Paid,2025-04-10
312,2025-05-01,440.68,97.09,Unpaid,
312,2025-05-31,435.46,80.41,Unpaid,
312,2025-06-30,474.43,94.74,Unpaid,
312,2025-07-30,61.96,32.27,Partial,
312,2025-08-29,371.56,86.72,Partial,
312,2025-09-28,337.33,71.87,Partial,
313,2025-01-01,54.55,30.06,Paid,2025-01-10
313,2025-01-31,130.01,44.56,Partial,
313,2025-03-02,164.02,52.59,Paid,2025-03-12
313,2025-04-01,153.38,43.33,Paid,2025-04-01
313,2025-05-01,360.43,78.37,Partial,
313,2025-05-31,287.09,49.12,Partial,
313,2025-06-30,377.83,64.53,Paid,2025-07-15
313,2025-07-30,376.14,94.19,Unpaid,
313,2025-08-29,230.45,57.59,Unpaid,
313,2025-09-28,303.46,77.98,Paid,2025-10-10
314,2025-01-01,472.03,77.91,Partial,
314,2025-01-31,440.75,99.5,Partial,
314,2025-03-02,487.89,88.06,Unpaid,
314,2025-04-01,254.99,62.74,Paid,2025-04-12
314,2025-05-01,326.19,80.23,Partial,
314,2025-05-31,76.86,34.52,Partial,
314,2025-06-30,347.16,86.17,Unpaid,
314,2025-07-30,306.96,59.72,Unpaid,
314,2025-08-29,162.41,46.87,Paid,2025-09-11
314,2025-09-28,318.31,81.81,Partial,
315,2025-01-01,471.5,84.38,Unpaid,
315,2025-01-31,296.98,77.48,Paid,2025-01-31
315,2025-03-02,159.12,42.71,Partial,
315,2025-04-01,454.58,79.78,Partial,
315,2025-05-01,486.52,87.99,Partial,
315,2025-05-31,456.66,92.65,Partial,
315,2025-06-30,195.74,50.1,Unpaid,
315,2025-07-30,443.6,88.3,Partial,
315,2025-08-29,199.75,52.63,Partial,
315,2025-09-28,233.48,51.36,Partial,
316,2025-01-01,168.75,48.05,Unpaid,
316,2025-01-31,90.96,33.27,Partial,
316,2025-03-02,142.94,44.24,Partial,
316,2025-04-01,113.99,35.75,Partial,
316,2025-05-01,293.95,55.59,Partial,
316,2025-05-31,308.38,64.73,Paid,2025-06-15
316,2025-06-30,360.82,64.32,Partial,
316,2025-07-30,187.2,39.55,Unpaid,
316,2025-08-29,264.96,67.55,Partial,
316,2025-09-28,339.51,87.78,Paid,2025-09-30
317,2025-01-01,218.2,60.14,Paid,2025-01-12
317,2025-01-31,270.71,58.52,Unpaid,
317,2025-03-02,488.93,114.21,Unpaid,
317,2025-04-01,100.18,33.1,Paid,2025-04-10
317,2025-05-01,143.74,46.7,Paid,2025-05-13
317,2025-05-31,54.14,29.47,Paid,2025-06-13
317,2025-06-30,406.27,71.85,Paid,2025-07-05
317,2025-07-30,373.84,71.93,Partial,
317,2025-08-29,148.11,43.5,Partial,
317,2025-09-28,383.96,65.05,Unpaid,
318,2025-01-01,461.19,88.4,Paid,2025-01-12
318,2025-01-31,364.72,80.43,Paid,2025-02-15
318,2025-03-02,123.43,39.72,Paid,2025-03-08
318,2025-04-01,84.28,33.01,Partial,
318,2025-05-01,126.45,45.02,Paid,2025-05-13
318,2025-05-31,468.23,76.22,Unpaid,
318,2025-06-30,125.79,34.23,Unpaid,
318,2025-07-30,168.1,43.47,Unpaid,
318,2025-08-29,401.16,92.8,Paid,2025-09-06
318,2025-09-28,224.81,49.58,Paid,2025-10-13
319,2025-01-01,310.07,71.41,Unpaid,
319,2025-01-31,177.57,38.92,Unpaid,
319,2025-03-02,105.32,31.46,Partial,
319,2025-04-01,106.34,38.73,Paid,2025-04-09
319,2025-05-01,240.05,52.7,Paid,2025-05-14
319,2025-05-31,461.4,94.79,Partial,
319,2025-06-30,164.29,47.01,Partial,
319,2025-07-30,463.86,103.56,Paid,2025-08-12
319,2025-08-29,271.54,65.55,Paid,2025-09-11
319,2025-09-28,422.88,96.53,Partial,
320,2025-01-01,437.26,105.1,Partial,
320,2025-01-31,217.49,44.6,Unpaid,
320,2025-03-02,226.31,57.63,Paid,2025-03-03
320,2025-04-01,209.32,58.23,Unpaid,
320,2025-05-01,74.04,33.15,Paid,2025-05-12
320,2025-05-31,320.89,67.64,Paid,2025-06-12
320,2025-06-30,224.19,49.42,Partial,
320,2025-07-30,310.21,77.63,Paid,2025-08-11
320,2025-08-29,142.55,38.09,Paid,2025-09-12
320,2025-09-28,350.02,89.29,Partial,
321,2025-01-01,232.17,44.92,Unpaid,
321,2025-01-31,378.72,66.24,Partial,
321,2025-03-02,463.98,99.79,Unpaid,
321,2025-04-01,498.56,107.08,Unpaid,
321,2025-05-01,451.44,89.49,Paid,2025-05-14
321,2025-05-31,407.2,60.9,Unpaid,
321,2025-06-30,413.86,90.95,Partial,
321,2025-07-30,454.61,108.51,Paid,2025-08-04
321,2025-08-29,165.03,52.67,Unpaid,
321,2025-09-28,478.75,83.54,Unpaid,
322,2025-01-01,422.42,79.54,Partial,
322,2025-01-31,255.78,57.49,Unpaid,
322,2025-03-02,382.22,82.78,Paid,2025-03-16
322,2025-04-01,69.62,28.88,Paid,2025-04-08
322,2025-05-01,63.53,30.09,Paid,2025-05-14
322,2025-05-31,364.04,63.37,Partial,
322,2025-06-30,424.54,63.07,Partial,
322,2025-07-30,277.64,71.12,Unpaid,
322,2025-08-29,474.45,79.59,Unpaid,
322,2025-09-28,337.88,67.71,Unpaid,
323,2025-01-01,143.13,46.47,Paid,2025-01-13
323,2025-01-31,192.74,40.08,Partial,
323,2025-03-02,211.07,53.56,Paid,2025-03-11
323,2025-04-01,73.08,32.95,Partial,
323,2025-05-01,366.28,65.91,Unpaid,
323,2025-05-31,344.01,61.18,Partial,
323,2025-06-30,274.47,53.96,Partial,
323,2025-07-30,105.69,40.2,Unpaid,
323,2025-08-29,303.0,77.68,Partial,
323,2025-09-28,264.04,68.26,Partial,
324,2025-01-01,89.09,37.01,Partial,
324,2025-01-31,125.86,44.38,Partial,
324,2025-03-02,87.22,28.74,Unpaid,
324,2025-04-01,201.54,42.59,Partial,
324,2025-05-01,133.15,39.12,Paid,2025-05-12
324,2025-05-31,144.64,43.6,Partial,
324,2025-06-30,476.77,110.95,Partial,
324,2025-07-30,293.18,73.55,Partial,
324,2025-08-29,487.7,101.45,Paid,2025-09-02
324,2025-09-28,308.25,54.41,Paid,2025-10-01
325,2025-01-01,168.31,45.53,Partial,
325,2025-01-31,495.1,82.39,Paid,2025-01-31
325,2025-03-02,128.58,42.64,Paid,2025-03-10
325,2025-04-01,388.71,84.19,Partial,
325,2025-05-01,104.21,33.24,Partial,
325,2025-05-31,163.7,44.35,Paid,2025-06-14
325,2025-06-30,123.51,42.47,Unpaid,
325,2025-07-30,420.14,89.86,Partial,
325,2025-08-29,157.26,47.87,Unpaid,
325,2025-09-28,68.88,28.07,Partial,
326,2025-01-01,325.9,55.94,Paid,2025-01-15
326,2025-01-31,165.21,49.38,Unpaid,
326,2025-03-02,166.31,52.86,Partial,
326,2025-04-01,223.67,44.73,Unpaid,
326,2025-05-01,241.91,50.82,Partial,
326,2025-05-31,379.25,72.26,Unpaid,
326,2025-06-30,379.12,79.31,Partial,
326,2025-07-30,172.94,49.98,Unpaid,
326,2025-08-29,57.24,28.65,Partial,
326,2025-09-28,211.19,61.08,Paid,2025-10-10
327,2025-01-01,199.57,46.35,Paid,2025-01-06
327,2025-01-31,371.31,90.53,Paid,2025-02-15
327,2025-03-02,194.67,46.05,Paid,2025-03-13
327,2025-04-01,427.82,68.1,Partial,
327,2025-05-01,124.23,37.64,Partial,
327,2025-05-31,113.51,40.74,Unpaid,
327,2025-06-30,366.77,67.58,Unpaid,
327,2025-07-30,306.23,74.2,Paid,2025-08-02
327,2025-08-29,381.64,78.67,Unpaid,
327,2025-09-28,261.43,70.73,Paid,2025-10-01
328,2025-01-01,51.13,29.48,Partial,
328,2025-01-31,260.03,60.28,Paid,2025-01-31
328,2025-03-02,194.38,44.5,Partial,
328,2025-04-01,172.23,38.58,Partial,
328,2025-05-01,423.95,83.29,Unpaid,
328,2025-05-31,451.89,99.1,Unpaid,
328,2025-06-30,88.62,35.48,Unpaid,
328,2025-07-30,483.72,110.02,Unpaid,
328,2025-08-29,178.7,44.38,Unpaid,
328,2025-09-28,311.64,68.89,Partial,
329,2025-01-01,114.42,36.88,Paid,2025-01-01
329,2025-01-31,287.4,52.86,Unpaid,
329,2025-03-02,476.75,70.31,Paid,2025-03-13
329,2025-04-01,191.11,39.7,Partial,
329,2025-05-01,179.69,48.14,Paid,2025-05-12
329,2025-05-31,72.1,28.29,Partial,
329,2025-06-30,356.52,75.97,Unpaid,
329,2025-07-30,442.15,102.59,Partial,
329,2025-08-29,480.0,102.76,Paid,2025-09-06
329,2025-09-28,265.93,67.74,Unpaid,
330,2025-01-01,404.99,64.9,Unpaid,
330,2025-01-31,303.9,79.77,Unpaid,
330,2025-03-02,410.2,65.37,Partial,
330,2025-04-01,302.35,54.5,Unpaid,
330,2025-05-01,112.06,38.22,Unpaid,
330,2025-05-31,371.93,70.38,Paid,2025-06-15
330,2025-06-30,406.63,98.4,Unpaid,
330,2025-07-30,365.81,83.88,Unpaid,
330,2025-08-29,415.74,93.37,Unpaid,
330,2025-09-28,211.43,51.45,Partial,
331,2025-01-01,435.77,83.97,Paid,2025-01-14
331,2025-01-31,52.93,29.04,Unpaid,
331,2025-03-02,57.9,31.4,Unpaid,
331,2025-04-01,70.81,28.19,Partial,
331,2025-05-01,72.6,34.45,Unpaid,
331,2025-05-31,402.3,96.96,Paid,2025-06-11
331,2025-06-30,327.91,62.67,Unpaid,
331,2025-07-30,257.96,60.25,Unpaid,
331,2025-08-29,114.56,40.71,Partial,
331,2025-09-28,338.82,73.78,Partial,
332,2025-01-01,88.4,34.4,Paid,2025-01-01
332,2025-01-31,197.43,45.47,Unpaid,
332,2025-03-02,90.63,35.74,Partial,
332,2025-04-01,133.26,37.03,Partial,
332,2025-05-01,73.24,30.58,Unpaid,
332,2025-05-31,398.72,83.38,Partial,
332,2025-06-30,94.1,35.21,Paid,2025-07-07
332,2025-07-30,247.43,62.24,Partial,
332,2025-08-29,445.71,101.1,Unpaid,
332,2025-09-28,434.79,80.56,Unpaid,
333,2025-01-01,457.81,79.49,Unpaid,
333,2025-01-31,150.22,48.07,Partial,
333,2025-03-02,273.88,60.77,Paid,2025-03-14
333,2025-04-01,466.45,103.21,Paid,2025-04-12
333,2025-05-01,57.98,30.78,Unpaid,
333,2025-05-31,441.54,94.43,Paid,2025-06-11
333,2025-06-30,73.53,29.5,Unpaid,
333,2025-07-30,474.8,97.66,Paid,2025-08-07
333,2025-08-29,308.72,50.88,Partial,
333,2025-09-28,498.19,100.55,Partial,
334,2025-01-01,406.92,69.32,Partial,
334,2025-01-31,483.03,99.06,Unpaid,
334,2025-03-02,455.15,89.76,Partial,
334,2025-04-01,393.22,92.41,Unpaid,
334,2025-05-01,99.38,38.9,Unpaid,
334,2025-05-31,138.8,38.66,Partial,
334,2025-06-30,261.81,63.9,Unpaid,
334,2025-07-30,219.41,52.89,Partial,
334,2025-08-29,400.94,68.92,Paid,2025-08-31
334,2025-09-28,284.84,66.35,Partial,
335,2025-01-01,410.0,100.99,Unpaid,
335,2025-01-31,214.23,50.39,Unpaid,
335,2025-03-02,269.77,55.18,Paid,2025-03-11
335,2025-04-01,454.88,75.84,Partial,
335,2025-05-01,173.87,45.95,Paid,2025-05-11
335,2025-05-31,300.87,60.82,Paid,2025-06-15
335,2025-06-30,158.2,44.55,Partial,
335,2025-07-30,182.7,49.98,Unpaid,
335,2025-08-29,489.42,70.0,Unpaid,
335,2025-09-28,373.94,70.5,Partial,
336,2025-01-01,194.51,40.45,Paid,2025-01-15
336,2025-01-31,392.91,83.09,Unpaid,
336,2025-03-02,132.56,43.08,Unpaid,
336,2025-04-01,284.49,72.86,Unpaid,
336,2025-05-01,470.06,78.64,Unpaid,
336,2025-05-31,222.98,59.9,Unpaid,
336,2025-06-30,138.13,34.66,Partial,
336,2025-07-30,177.26,51.99,Unpaid,
336,2025-08-29,133.36,44.52,Paid,2025-09-01
336,2025-09-28,465.65,92.72,Paid,2025-10-06
337,2025-01-01,250.48,61.08,Paid,2025-01-02
337,2025-01-31,128.27,38.06,Paid,2025-02-10
337,2025-03-02,219.18,41.95,Unpaid,
337,2025-04-01,440.23,76.43,Partial,
337,2025-05-01,242.96,59.68,Partial,
337,2025-05-31,97.77,38.08,Partial,
337,2025-06-30,467.89,109.73,Partial,
337,2025-07-30,330.92,73.78,Unpaid,
337,2025-08-29,192.07,54.97,Partial,
337,2025-09-28,54.2,25.53,Partial,
338,2025-01-01,70.28,32.14,Partial,
338,2025-01-31,193.56,47.65,Partial,
338,2025-03-02,126.78,43.44,Partial,
338,2025-04-01,301.46,55.43,Paid,2025-04-02
338,2025-05-01,314.8,69.95,Partial,
338,2025-05-31,467.58,88.22,Partial,
338,2025-06-30,227.07,63.1,Unpaid,
338,2025-07-30,497.11,89.72,Partial,
338,2025-08-29,469.25,95.7,Partial,
338,2025-09-28,189.17,40.61,Paid,2025-10-12
339,2025-01-01,400.96,99.38,Unpaid,
339,2025-01-31,243.57,51.61,Unpaid,
339,2025-03-02,464.45,81.29,Paid,2025-03-14
339,2025-04-01,290.66,53.83,Partial,
339,2025-05-01,268.57,70.79,Paid,2025-05-16
339,2025-05-31,432.46,94.88,Paid,2025-06-04
339,2025-06-30,212.49,54.8,Unpaid,
339,2025-07-30,253.07,50.37,Partial,
339,2025-08-29,117.01,40.2,Paid,2025-09-12
339,2025-09-28,245.69,57.27,Partial,
340,2025-01-01,492.74,105.38,Paid,2025-01-11
340,2025-01-31,74.4,33.3,Paid,2025-02-09
340,2025-03-02,474.98,83.29,Unpaid,
340,2025-04-01,147.29,42.83,Unpaid,
340,2025-05-01,117.13,41.19,Unpaid,
340,2025-05-31,417.33,62.73,Unpaid,
340,2025-06-30,146.92,46.36,Unpaid,
340,2025-07-30,232.56,45.59,Unpaid,
340,2025-08-29,158.59,39.75,Unpaid,
340,2025-09-28,428.64,91.15,Paid,2025-10-11
341,2025-01-01,396.51,93.57,Unpaid,
341,2025-01-31,194.36,40.25,Paid,2025-02-11
341,2025-03-02,448.84,106.55,Paid,2025-03-03
341,2025-04-01,210.1,58.79,Paid,2025-04-10
341,2025-05-01,358.61,69.12,Partial,
341,2025-05-31,371.16,93.84,Paid,2025-06-01
341,2025-06-30,226.18,44.85,Paid,2025-07-03
341,2025-07-30,151.98,40.31,Paid,2025-08-05
341,2025-08-29,461.88,98.31,Unpaid,
341,2025-09-28,264.97,47.06,Partial,
342,2025-01-01,340.49,78.69,Partial,
342,2025-01-31,154.33,47.19,Partial,
342,2025-03-02,91.7,37.77,Unpaid,
342,2025-04-01,446.27,81.85,Unpaid,
342,2025-05-01,238.99,44.46,Paid,2025-05-05
342,2025-05-31,332.28,80.82,Unpaid,
342,2025-06-30,422.17,98.81,Unpaid,
342,2025-07-30,427.28,85.02,Partial,
342,2025-08-29,453.21,66.29,Paid,2025-09-10
342,2025-09-28,426.93,84.85,Partial,
343,2025-01-01,126.11,33.92,Paid,2025-01-08
343,2025-01-31,299.58,76.48,Unpaid,
343,2025-03-02,325.97,77.57,Paid,2025-03-11
343,2025-04-01,238.81,49.86,Unpaid,
343,2025-05-01,303.45,57.59,Partial,
343,2025-05-31,459.49,82.43,Paid,2025-06-13
343,2025-06-30,216.83,59.59,Paid,2025-07-14
343,2025-07-30,275.98,53.89,Paid,2025-08-02
343,2025-08-29,447.2,99.21,Unpaid,
343,2025-09-28,54.71,29.16,Partial,
344,2025-01-01,130.42,39.55,Partial,
344,2025-01-31,401.7,98.25,Partial,
344,2025-03-02,371.05,72.6,Unpaid,
344,2025-04-01,209.01,44.92,Partial,
344,2025-05-01,337.94,71.46,Unpaid,
344,2025-05-31,414.43,81.73,Unpaid,
344,2025-06-30,208.63,42.1,Unpaid,
344,2025-07-30,370.06,73.9,Paid,2025-08-12
344,2025-08-29,477.9,103.26,Paid,2025-09-09
344,2025-09-28,101.99,36.85,Paid,2025-09-28
345,2025-01-01,99.82,34.12,Paid,2025-01-07
345,2025-01-31,354.57,83.1,Paid,2025-02-09
345,2025-03-02,343.08,82.01,Partial,
345,2025-04-01,362.92,69.02,Unpaid,
345,2025-05-01,182.71,56.02,Partial,
345,2025-05-31,136.75,41.83,Paid,2025-06-12
345,2025-06-30,178.33,54.98,Paid,2025-07-04
345,2025-07-30,405.72,100.59,Unpaid,
345,2025-08-29,177.79,40.05,Unpaid,
345,2025-09-28,115.85,41.99,Unpaid,
346,2025-01-01,397.99,95.96,Paid,2025-01-12
346,2025-01-31,263.75,51.25,Partial,
346,2025-03-02,432.12,72.35,Partial,
346,2025-04-01,232.09,45.92,Unpaid,
346,2025-05-01,346.96,70.68,Partial,
346,2025-05-31,373.5,58.53,Unpaid,
346,2025-06-30,95.53,33.11,Partial,
346,2025-07-30,130.97,39.89,Paid,2025-08-06
346,2025-08-29,99.86,37.24,Unpaid,
346,2025-09-28,405.22,81.99,Unpaid,
347,2025-01-01,50.96,30.06,Paid,2025-01-05
347,2025-01-31,160.51,49.34,Paid,2025-02-03
347,2025-03-02,420.31,100.43,Unpaid,
347,2025-04-01,226.71,46.8,Unpaid,
347,2025-05-01,469.58,107.5,Paid,2025-05-06
347,2025-05-31,236.49,48.46,Partial,
347,2025-06-30,151.26,40.59,Paid,2025-07-14
347,2025-07-30,223.51,62.31,Unpaid,
347,2025-08-29,375.15,60.93,Paid,2025-09-07
347,2025-09-28,254.7,67.99,Paid,2025-09-29
348,2025-01-01,59.49,25.99,Paid,2025-01-13
348,2025-01-31,432.58,100.73,Partial,
348,2025-03-02,202.7,50.15,Paid,2025-03-09
348,2025-04-01,203.81,44.75,Paid,2025-04-05
348,2025-05-01,184.99,39.21,Unpaid,
348,2025-05-31,107.91,38.26,Unpaid,
348,2025-06-30,267.28,70.35,Paid,2025-07-07
348,2025-07-30,187.65,40.39,Paid,2025-08-14
348,2025-08-29,271.79,56.02,Paid,2025-09-01
348,2025-09-28,376.33,88.92,Partial,
349,2025-01-01,456.9,71.06,Partial,
349,2025-01-31,365.79,88.66,Paid,2025-02-05
349,2025-03-02,353.22,75.84,Unpaid,
349,2025-04-01,379.36,73.8,Paid,2025-04-14
349,2025-05-01,131.73,40.41,Partial,
349,2025-05-31,161.53,42.8,Unpaid,
349,2025-06-30,474.84,88.27,Paid,2025-07-11
349,2025-07-30,317.14,75.56,Unpaid,
349,2025-08-29,235.18,46.62,Partial,
349,2025-09-28,424.31,104.39,Partial,
350,2025-01-01,423.16,87.29,Partial,
350,2025-01-31,401.53,80.31,Unpaid,
350,2025-03-02,332.78,75.1,Paid,2025-03-07
350,2025-04-01,450.68,107.19,Partial,
350,2025-05-01,310.92,60.07,Partial,
350,2025-05-31,460.28,81.66,Paid,2025-06-09
350,2025-06-30,483.54,110.07,Paid,2025-07-06
350,2025-07-30,322.61,82.12,Unpaid,
350,2025-08-29,378.6,80.1,Partial,
350,2025-09-28,156.55,37.34,Partial,
351,2025-01-01,253.6,61.31,Unpaid,
351,2025-01-31,241.01,48.79,Unpaid,
351,2025-03-02,107.9,41.37,Partial,
351,2025-04-01,224.71,59.01,Unpaid,
351,2025-05-01,127.47,38.65,Unpaid,
351,2025-05-31,141.23,45.59,Partial,
351,2025-06-30,471.32,81.87,Paid,2025-07-09
351,2025-07-30,400.29,75.13,Partial,
351,2025-08-29,105.91,41.12,Unpaid,
351,2025-09-28,452.15,92.29,Paid,2025-09-29
352,2025-01-01,70.61,27.56,Unpaid,
352,2025-01-31,432.41,100.6,Partial,
352,2025-03-02,132.17,36.35,Paid,2025-03-10
352,2025-04-01,62.95,29.53,Unpaid,
352,2025-05-01,257.09,71.28,Paid,2025-05-11
352,2025-05-31,471.38,100.8,Unpaid,
352,2025-06-30,92.98,33.21,Partial,
352,2025-07-30,194.58,51.31,Partial,
352,2025-08-29,450.06,95.05,Partial,
352,2025-09-28,76.58,34.66,Unpaid,
353,2025-01-01,460.38,72.53,Unpaid,
353,2025-01-31,252.45,62.13,Paid,2025-02-01
353,2025-03-02,392.56,87.6,Paid,2025-03-08
353,2025-04-01,181.18,42.32,Paid,2025-04-15
353,2025-05-01,288.01,67.87,Unpaid,
353,2025-05-31,467.01,82.8,Paid,2025-05-31
353,2025-06-30,336.42,78.18,Partial,
353,2025-07-30,461.58,97.47,Partial,
353,2025-08-29,384.66,96.81,Unpaid,
353,2025-09-28,206.18,58.5,Unpaid,
354,2025-01-01,226.94,50.93,Unpaid,
354,2025-01-31,477.28,105.2,Paid,2025-02-04
354,2025-03-02,378.09,86.54,Paid,2025-03-11
354,2025-04-01,278.14,74.72,Unpaid,
354,2025-05-01,275.11,60.44,Partial,
354,2025-05-31,431.19,103.18,Partial,
354,2025-06-30,340.32,65.75,Unpaid,
354,2025-07-30,172.73,38.55,Partial,
354,2025-08-29,397.35,77.05,Partial,
354,2025-09-28,51.63,28.71,Unpaid,
355,2025-01-01,92.81,35.95,Unpaid,
355,2025-01-31,67.58,27.79,Paid,2025-02-10
355,2025-03-02,129.23,35.68,Unpaid,
355,2025-04-01,487.96,75.28,Unpaid,
355,2025-05-01,419.56,86.93,Partial,
355,2025-05-31,172.73,42.99,Partial,
355,2025-06-30,217.03,54.55,Partial,
355,2025-07-30,393.17,66.93,Unpaid,
355,2025-08-29,407.46,77.08,Unpaid,
355,2025-09-28,427.85,77.32,Unpaid,
356,2025-01-01,253.05,58.92,Partial,
356,2025-01-31,454.82,92.91,Paid,2025-02-15
356,2025-03-02,198.05,52.86,Partial,
356,2025-04-01,458.63,69.32,Unpaid,
356,2025-05-01,369.14,88.84,Paid,2025-05-07
356,2025-05-31,187.28,56.35,Partial,
356,2025-06-30,170.63,39.56,Unpaid,
356,2025-07-30,440.67,93.82,Paid,2025-08-06
356,2025-08-29,187.98,42.42,Partial,
356,2025-09-28,370.03,65.15,Paid,2025-10-10
357,2025-01-01,50.11,29.42,Unpaid,
357,2025-01-31,383.84,72.81,Paid,2025-02-15
357,2025-03-02,334.45,55.38,Paid,2025-03-14
357,2025-04-01,395.53,66.11,Unpaid,
357,2025-05-01,440.52,102.83,Unpaid,
357,2025-05-31,328.83,74.13,Unpaid,
357,2025-06-30,73.46,29.45,Unpaid,
357,2025-07-30,425.79,101.39,Partial,
357,2025-08-29,398.48,95.65,Paid,2025-09-13
357,2025-09-28,138.13,38.63,Unpaid,
358,2025-01-01,240.25,45.58,Partial,
358,2025-01-31,201.31,57.38,Unpaid,
358,2025-03-02,264.22,69.02,Paid,2025-03-09
358,2025-04-01,460.6,81.97,Partial,
358,2025-05-01,57.13,30.81,Partial,
358,2025-05-31,383.86,67.34,Unpaid,
358,2025-06-30,168.96,41.84,Unpaid,
358,2025-07-30,164.79,49.58,Unpaid,
358,2025-08-29,219.4,51.22,Paid,2025-09-04
358,2025-09-28,498.77,100.98,Partial,
359,2025-01-01,437.84,78.57,Paid,2025-01-15
359,2025-01-31,354.72,67.31,Partial,
359,2025-03-02,245.28,61.25,Partial,
359,2025-04-01,125.02,42.33,Unpaid,
359,2025-05-01,209.3,47.12,Unpaid,
359,2025-05-31,445.08,81.79,Partial,
359,2025-06-30,78.17,35.29,Paid,2025-07-07
359,2025-07-30,450.04,68.44,Paid,2025-08-14
359,2025-08-29,328.24,54.36,Partial,
359,2025-09-28,121.72,36.81,Unpaid,
360,2025-01-01,327.0,80.81,Paid,2025-01-07
360,2025-01-31,390.0,76.28,Unpaid,
360,2025-03-02,265.22,63.15,Unpaid,
360,2025-04-01,113.17,41.74,Unpaid,
360,2025-05-01,153.28,36.33,Unpaid,
360,2025-05-31,429.13,103.51,Unpaid,
360,2025-06-30,354.36,68.72,Paid,2025-07-13
360,2025-07-30,476.4,91.72,Unpaid,
360,2025-08-29,304.08,63.47,Paid,2025-08-29
360,2025-09-28,243.64,51.58,Partial,
361,2025-01-01,199.45,48.03,Partial,
361,2025-01-31,239.46,51.51,Paid,2025-02-06
361,2025-03-02,471.94,101.02,Paid,2025-03-05
361,2025-04-01,214.14,58.1,Paid,2025-04-03
361,2025-05-01,183.47,51.62,Paid,2025-05-10
361,2025-05-31,447.87,79.48,Partial,
361,2025-06-30,372.66,71.55,Unpaid,
361,2025-07-30,137.41,36.47,Paid,2025-08-05
361,2025-08-29,191.05,48.6,Partial,
361,2025-09-28,348.88,84.95,Partial,
362,2025-01-01,83.44,33.94,Paid,2025-01-15
362,2025-01-31,208.02,58.98,Paid,2025-02-15
362,2025-03-02,181.27,39.96,Partial,
362,2025-04-01,98.98,39.54,Partial,
362,2025-05-01,366.04,71.34,Partial,
362,2025-05-31,168.75,39.42,Unpaid,
362,2025-06-30,310.87,54.76,Partial,
362,2025-07-30,293.56,51.92,Unpaid,
362,2025-08-29,430.17,102.01,Paid,2025-09-01
362,2025-09-28,377.05,60.3,Unpaid,
363,2025-01-01,374.75,59.78,Paid,2025-01-04
363,2025-01-31,258.17,52.02,Unpaid,
363,2025-03-02,278.04,55.58,Unpaid,
363,2025-04-01,400.93,100.0,Paid,2025-04-02
363,2025-05-01,248.75,48.91,Partial,
363,2025-05-31,344.53,86.55,Paid,2025-05-31
363,2025-06-30,70.67,33.35,Paid,2025-07-08
363,2025-07-30,193.2,52.33,Unpaid,
363,2025-08-29,468.21,96.79,Paid,2025-09-05
363,2025-09-28,407.42,79.93,Paid,2025-10-09
364,2025-01-01,145.8,35.57,Paid,2025-01-01
364,2025-01-31,61.79,27.53,Unpaid,
364,2025-03-02,98.58,34.69,Unpaid,
364,2025-04-01,328.49,84.58,Unpaid,
364,2025-05-01,70.73,31.26,Partial,
364,2025-05-31,394.59,76.23,Partial,
364,2025-06-30,191.89,46.45,Unpaid,
364,2025-07-30,430.23,102.22,Partial,
364,2025-08-29,229.26,59.35,Paid,2025-09-01
364,2025-09-28,450.81,72.48,Paid,2025-10-10
365,2025-01-01,148.16,44.4,Partial,
365,2025-01-31,216.68,50.82,Unpaid,
365,2025-03-02,434.11,104.22,Paid,2025-03-05
365,2025-04-01,127.09,32.84,Partial,
365,2025-05-01,205.02,56.55,Paid,2025-05-03
365,2025-05-31,483.76,110.66,Paid,2025-06-12
365,2025-06-30,203.36,58.08,Partial,
365,2025-07-30,241.36,60.19,Paid,2025-08-12
365,2025-08-29,258.19,57.52,Paid,2025-09-04
365,2025-09-28,338.38,60.02,Paid,2025-10-02
366,2025-01-01,203.2,50.84,Unpaid,
366,2025-01-31,227.69,64.01,Unpaid,
366,2025-03-02,134.85,41.67,Partial,
366,2025-04-01,423.77,104.32,Unpaid,
366,2025-05-01,230.13,65.06,Unpaid,
366,2025-05-31,208.54,51.98,Paid,2025-06-15
366,2025-06-30,286.3,55.65,Unpaid,
366,2025-07-30,478.35,72.35,Paid,2025-08-14
366,2025-08-29,133.79,34.64,Paid,2025-09-10
366,2025-09-28,126.46,43.78,Partial,
367,2025-01-01,333.06,59.61,Unpaid,
367,2025-01-31,75.22,28.35,Unpaid,
367,2025-03-02,99.38,35.3,Paid,2025-03-13
367,2025-04-01,429.9,95.83,Paid,2025-04-08
367,2025-05-01,209.67,57.83,Paid,2025-05-02
367,2025-05-31,210.81,50.44,Paid,2025-06-06
367,2025-06-30,110.85,41.83,Partial,
367,2025-07-30,436.42,81.77,Unpaid,
367,2025-08-29,178.61,46.15,Unpaid,
367,2025-09-28,134.26,38.09,Partial,
368,2025-01-01,416.98,87.51,Partial,
368,2025-01-31,137.25,47.33,Paid,2025-02-10
368,2025-03-02,472.45,104.79,Unpaid,
368,2025-04-01,483.62,90.27,Paid,2025-04-04
368,2025-05-01,283.5,56.44,Unpaid,
368,2025-05-31,142.57,39.93,Paid,2025-06-08
368,2025-06-30,202.58,55.97,Partial,
368,2025-07-30,470.71,70.68,Unpaid,
368,2025-08-29,497.02,110.57,Partial,
368,2025-09-28,232.09,58.94,Unpaid,
369,2025-01-01,301.56,55.42,Partial,
369,2025-01-31,150.06,39.65,Paid,2025-02-05
369,2025-03-02,337.22,55.93,Partial,
369,2025-04-01,51.11,29.77,Unpaid,
369,2025-05-01,380.75,66.19,Paid,2025-05-16
369,2025-05-31,373.93,67.42,Unpaid,
369,2025-06-30,191.79,43.79,Unpaid,
369,2025-07-30,397.08,70.68,Partial,
369,2025-08-29,476.77,71.79,Paid,2025-09-01
369,2025-09-28,368.02,58.65,Unpaid,
370,2025-01-01,85.15,32.36,Unpaid,
370,2025-01-31,480.96,97.15,Unpaid,
370,2025-03-02,303.96,57.09,Paid,2025-03-15
370,2025-04-01,407.98,94.82,Paid,2025-04-05
370,2025-05-01,382.72,72.69,Unpaid,
370,2025-05-31,434.17,102.62,Partial,
370,2025-06-30,180.05,55.4,Unpaid,
370,2025-07-30,354.74,75.56,Unpaid,
370,2025-08-29,181.4,53.43,Unpaid,
370,2025-09-28,116.09,37.85,Unpaid,
371,2025-01-01,338.26,59.1,Paid,2025-01-12
371,2025-01-31,188.17,56.01,Unpaid,
371,2025-03-02,404.37,75.68,Unpaid,
371,2025-04-01,201.26,56.5,Unpaid,
371,2025-05-01,240.81,67.54,Unpaid,
371,2025-05-31,78.26,32.36,Unpaid,
371,2025-06-30,311.13,70.2,Partial,
371,2025-07-30,488.88,70.28,Partial,
371,2025-08-29,475.72,77.94,Unpaid,
371,2025-09-28,141.59,36.27,Paid,2025-10-07
372,2025-01-01,158.73,43.26,Unpaid,
372,2025-01-31,382.23,87.3,Unpaid,
372,2025-03-02,186.99,44.12,Paid,2025-03-05
372,2025-04-01,203.02,60.3,Unpaid,
372,2025-05-01,258.19,53.56,Partial,
372,2025-05-31,264.97,46.82,Unpaid,
372,2025-06-30,308.16,66.76,Paid,2025-07-12
372,2025-07-30,370.03,64.25,Paid,2025-07-30
372,2025-08-29,374.05,88.92,Partial,
372,2025-09-28,261.76,48.81,Paid,2025-10-02
373,2025-01-01,214.37,49.69,Unpaid,
373,2025-01-31,190.72,52.44,Paid,2025-02-12
373,2025-03-02,405.35,71.0,Paid,2025-03-10
373,2025-04-01,50.02,27.97,Paid,2025-04-01
373,2025-05-01,498.25,111.27,Paid,2025-05-08
373,2025-05-31,131.72,33.88,Paid,2025-06-14
373,2025-06-30,422.16,75.65,Partial,
373,2025-07-30,134.63,34.59,Partial,
373,2025-08-29,187.14,45.52,Partial,
373,2025-09-28,72.03,29.33,Paid,2025-09-30
374,2025-01-01,75.63,29.84,Partial,
374,2025-01-31,124.95,41.69,Unpaid,
374,2025-03-02,88.66,29.53,Partial,
374,2025-04-01,75.14,30.18,Paid,2025-04-02
374,2025-05-01,486.33,74.21,Partial,
374,2025-05-31,118.38,40.93,Partial,
374,2025-06-30,205.27,52.95,Paid,2025-07-06
374,2025-07-30,202.49,47.49,Partial,
374,2025-08-29,392.59,95.6,Unpaid,
374,2025-09-28,236.01,57.97,Unpaid,
375,2025-01-01,107.63,37.38,Unpaid,
375,2025-01-31,480.59,114.37,Partial,
375,2025-03-02,334.3,55.73,Unpaid,
375,2025-04-01,301.09,58.46,Paid,2025-04-04
375,2025-05-01,234.72,63.67,Paid,2025-05-10
375,2025-05-31,474.1,101.89,Partial,
375,2025-06-30,175.28,46.73,Partial,
375,2025-07-30,231.1,56.15,Partial,
375,2025-08-29,281.32,67.19,Paid,2025-09-03
375,2025-09-28,88.98,35.45,Unpaid,
376,2025-01-01,284.95,65.55,Paid,2025-01-09
376,2025-01-31,56.09,29.41,Partial,
376,2025-03-02,347.0,66.7,Unpaid,
376,2025-04-01,497.83,115.39,Paid,2025-04-02
376,2025-05-01,442.38,105.28,Paid,2025-05-09
376,2025-05-31,235.11,63.36,Unpaid,
376,2025-06-30,377.0,82.11,Unpaid,
376,2025-07-30,428.77,90.75,Unpaid,
376,2025-08-29,188.32,45.19,Unpaid,
376,2025-09-28,158.92,43.66,Unpaid,
377,2025-01-01,198.66,45.43,Partial,
377,2025-01-31,321.92,73.11,Partial,
377,2025-03-02,477.61,110.23,Unpaid,
377,2025-04-01,386.65,93.83,Partial,
377,2025-05-01,90.76,34.17,Partial,
377,2025-05-31,400.16,91.2,Partial,
377,2025-06-30,435.75,65.36,Unpaid,
377,2025-07-30,198.38,40.79,Paid,2025-08-01
377,2025-08-29,392.47,80.65,Unpaid,
377,2025-09-28,79.95,31.74,Unpaid,
378,2025-01-01,494.83,112.92,Unpaid,
378,2025-01-31,124.21,37.35,Paid,2025-02-10
378,2025-03-02,475.86,105.99,Unpaid,
378,2025-04-01,131.59,37.78,Unpaid,
378,2025-05-01,253.69,56.84,Unpaid,
378,2025-05-31,378.08,69.16,Unpaid,
378,2025-06-30,409.2,79.17,Partial,
378,2025-07-30,360.94,92.05,Paid,2025-08-07
378,2025-08-29,426.54,68.16,Unpaid,
378,2025-09-28,174.8,41.39,Paid,2025-10-01
379,2025-01-01,472.98,103.71,Partial,
379,2025-01-31,396.51,92.41,Paid,2025-02-04
379,2025-03-02,197.99,43.94,Partial,
379,2025-04-01,374.85,88.18,Unpaid,
379,2025-05-01,68.76,28.43,Unpaid,
379,2025-05-31,236.21,66.2,Paid,2025-06-04
379,2025-06-30,229.74,48.25,Unpaid,
379,2025-07-30,108.1,32.48,Unpaid,
379,2025-08-29,243.09,54.25,Paid,2025-08-29
379,2025-09-28,292.18,67.77,Partial,
380,2025-01-01,80.24,35.26,Unpaid,
380,2025-01-31,482.8,74.73,Paid,2025-02-13
380,2025-03-02,87.34,28.95,Unpaid,
380,2025-04-01,388.08,80.31,Partial,
380,2025-05-01,303.58,76.26,Paid,2025-05-01
380,2025-05-31,411.63,91.16,Unpaid,
380,2025-06-30,188.82,45.29,Unpaid,
380,2025-07-30,133.1,40.72,Unpaid,
380,2025-08-29,75.14,32.64,Unpaid,
380,2025-09-28,334.41,83.75,Paid,2025-10-07
381,2025-01-01,296.41,52.63,Paid,2025-01-10
381,2025-01-31,436.64,92.18,Paid,2025-02-09
381,2025-03-02,424.73,82.75,Unpaid,
381,2025-04-01,203.03,52.23,Paid,2025-04-02
381,2025-05-01,246.11,59.32,Unpaid,
381,2025-05-31,150.67,43.94,Unpaid,
381,2025-06-30,52.01,25.46,Paid,2025-07-11
381,2025-07-30,263.61,58.99,Partial,
381,2025-08-29,499.81,74.86,Paid,2025-09-10
381,2025-09-28,89.4,35.28,Paid,2025-10-05
382,2025-01-01,488.73,113.92,Paid,2025-01-15
382,2025-01-31,303.24,74.07,Partial,
382,2025-03-02,299.57,53.34,Partial,
382,2025-04-01,135.52,38.29,Unpaid,
382,2025-05-01,50.89,29.44,Unpaid,
382,2025-05-31,458.76,98.82,Unpaid,
382,2025-06-30,381.99,93.94,Partial,
382,2025-07-30,377.14,78.46,Paid,2025-08-06
382,2025-08-29,65.62,27.21,Paid,2025-09-02
382,2025-09-28,66.42,27.78,Partial,
383,2025-01-01,230.74,51.52,Paid,2025-01-13
383,2025-01-31,316.06,76.6,Paid,2025-02-03
383,2025-03-02,276.55,72.17,Paid,2025-03-02
383,2025-04-01,330.1,82.54,Unpaid,
383,2025-05-01,83.32,31.34,Unpaid,
383,2025-05-31,456.79,111.24,Unpaid,
383,2025-06-30,473.47,106.15,Unpaid,
383,2025-07-30,211.91,53.34,Partial,
383,2025-08-29,125.63,38.0,Unpaid,
383,2025-09-28,441.33,85.54,Partial,
384,2025-01-01,360.58,65.02,Unpaid,
384,2025-01-31,444.55,103.89,Partial,
384,2025-03-02,340.45,61.41,Partial,
384,2025-04-01,429.42,65.73,Partial,
384,2025-05-01,178.44,41.59,Paid,2025-05-08
384,2025-05-31,406.54,96.35,Paid,2025-06-15
384,2025-06-30,441.76,96.11,Unpaid,
384,2025-07-30,172.77,46.48,Partial,
384,2025-08-29,198.36,59.3,Paid,2025-09-10
384,2025-09-28,58.15,29.74,Unpaid,
385,2025-01-01,495.59,105.3,Partial,
385,2025-01-31,123.48,39.34,Paid,2025-02-11
385,2025-03-02,302.82,66.28,Paid,2025-03-10
385,2025-04-01,181.09,52.57,Unpaid,
385,2025-05-01,154.22,43.55,Partial,
385,2025-05-31,376.4,70.46,Partial,
385,2025-06-30,273.34,55.61,Unpaid,
385,2025-07-30,351.98,63.45,Unpaid,
385,2025-08-29,106.87,37.98,Paid,2025-08-30
385,2025-09-28,431.08,103.42,Unpaid,
386,2025-01-01,491.76,85.4,Unpaid,
386,2025-01-31,102.7,30.82,Unpaid,
386,2025-03-02,150.72,39.1,Partial,
386,2025-04-01,135.12,45.81,Unpaid,
386,2025-05-01,215.26,46.67,Unpaid,
386,2025-05-31,356.77,85.17,Paid,2025-06-14
386,2025-06-30,79.62,33.42,Partial,
386,2025-07-30,408.4,63.53,Partial,
386,2025-08-29,198.91,43.4,Unpaid,
386,2025-09-28,266.0,68.63,Unpaid,
387,2025-01-01,307.42,67.7,Paid,2025-01-13
387,2025-01-31,201.79,45.55,Partial,
387,2025-03-02,499.39,79.75,Unpaid,
387,2025-04-01,493.82,77.49,Unpaid,
387,2025-05-01,137.28,43.53,Paid,2025-05-10
387,2025-05-31,301.16,78.05,Paid,2025-06-09
387,2025-06-30,177.86,42.74,Paid,2025-07-10
387,2025-07-30,318.73,54.27,Unpaid,
387,2025-08-29,473.35,70.8,Paid,2025-09-01
387,2025-09-28,302.55,50.86,Paid,2025-10-09
388,2025-01-01,390.52,97.98,Partial,
388,2025-01-31,350.37,74.63,Unpaid,
388,2025-03-02,160.03,51.14,Partial,
388,2025-04-01,183.52,41.44,Unpaid,
388,2025-05-01,455.48,96.97,Partial,
388,2025-05-31,123.85,36.22,Partial,
388,2025-06-30,439.46,71.16,Unpaid,
388,2025-07-30,305.09,52.5,Partial,
388,2025-08-29,336.33,71.03,Paid,2025-09-01
388,2025-09-28,422.19,63.31,Unpaid,
389,2025-01-01,354.08,64.23,Unpaid,
389,2025-01-31,434.48,83.42,Partial,
389,2025-03-02,424.69,86.98,Paid,2025-03-07
389,2025-04-01,60.04,27.03,Unpaid,
389,2025-05-01,364.78,57.83,Paid,2025-05-12
389,2025-05-31,167.17,52.12,Unpaid,
389,2025-06-30,164.81,46.46,Partial,
389,2025-07-30,410.03,91.19,Paid,2025-08-12
389,2025-08-29,278.8,53.86,Partial,
389,2025-09-28,204.82,57.89,Paid,2025-10-02
390,2025-01-01,462.02,110.68,Paid,2025-01-05
390,2025-01-31,442.74,89.82,Partial,
390,2025-03-02,423.75,77.65,Paid,2025-03-07
390,2025-04-01,298.25,73.21,Partial,
390,2025-05-01,58.39,26.05,Unpaid,
390,2025-05-31,94.32,32.91,Paid,2025-06-01
390,2025-06-30,427.08,78.16,Paid,2025-07-04
390,2025-07-30,468.6,97.17,Unpaid,
390,2025-08-29,68.19,31.51,Paid,2025-09-08
390,2025-09-28,253.19,47.98,Partial,
391,2025-01-01,346.6,82.98,Partial,
391,2025-01-31,168.22,50.95,Partial,
391,2025-03-02,104.49,37.94,Paid,2025-03-16
391,2025-04-01,272.49,59.15,Partial,
391,2025-05-01,170.14,41.32,Paid,2025-05-05
391,2025-05-31,94.92,34.49,Paid,2025-06-15
391,2025-06-30,479.99,114.36,Unpaid,
391,2025-07-30,116.3,38.2,Partial,
391,2025-08-29,373.5,92.33,Unpaid,
391,2025-09-28,145.2,48.25,Unpaid,
392,2025-01-01,387.44,75.61,Paid,2025-01-12
392,2025-01-31,140.34,35.6,Partial,
392,2025-03-02,416.69,82.66,Partial,
392,2025-04-01,449.47,69.18,Partial,
392,2025-05-01,83.95,36.2,Unpaid,
392,2025-05-31,190.17,49.79,Paid,2025-06-07
392,2025-06-30,292.4,62.22,Partial,
392,2025-07-30,192.11,57.8,Unpaid,
392,2025-08-29,361.02,68.2,Paid,2025-09-02
392,2025-09-28,339.62,58.5,Partial,
393,2025-01-01,405.23,92.19,Partial,
393,2025-01-31,203.33,43.77,Partial,
393,2025-03-02,223.81,53.41,Partial,
393,2025-04-01,122.97,39.77,Partial,
393,2025-05-01,443.79,65.26,Paid,2025-05-03
393,2025-05-31,473.5,98.58,Paid,2025-06-09
393,2025-06-30,70.98,32.79,Unpaid,
393,2025-07-30,428.54,63.44,Unpaid,
393,2025-08-29,265.72,64.21,Unpaid,
393,2025-09-28,139.39,38.6,Unpaid,
394,2025-01-01,494.92,74.27,Unpaid,
394,2025-01-31,64.56,29.83,Partial,
394,2025-03-02,426.37,99.82,Partial,
394,2025-04-01,423.06,91.91,Partial,
394,2025-05-01,421.81,84.91,Paid,2025-05-09
394,2025-05-31,402.29,70.06,Unpaid,
394,2025-06-30,355.09,77.26,Unpaid,
394,2025-07-30,258.24,54.8,Partial,
394,2025-08-29,206.09,49.37,Partial,
394,2025-09-28,287.35,70.75,Unpaid,
395,2025-01-01,493.44,104.4,Unpaid,
395,2025-01-31,357.05,64.74,Partial,
395,2025-03-02,359.46,65.54,Partial,
395,2025-04-01,165.87,41.05,Paid,2025-04-15
395,2025-05-01,384.8,65.76,Partial,
395,2025-05-31,385.47,79.52,Paid,2025-06-05
395,2025-06-30,366.21,83.68,Unpaid,
395,2025-07-30,434.36,84.9,Paid,2025-07-31
395,2025-08-29,172.06,49.07,Unpaid,
395,2025-09-28,412.1,87.43,Paid,2025-10-02
396,2025-01-01,115.65,35.27,Paid,2025-01-11
396,2025-01-31,323.95,61.74,Unpaid,
396,2025-03-02,295.93,75.28,Unpaid,
396,2025-04-01,187.62,40.28,Partial,
396,2025-05-01,355.48,69.86,Paid,2025-05-12
396,2025-05-31,448.24,109.53,Paid,2025-05-31
396,2025-06-30,74.95,32.12,Unpaid,
396,2025-07-30,73.57,31.71,Unpaid,
396,2025-08-29,320.76,65.41,Unpaid,
396,2025-09-28,137.82,40.71,Unpaid,
397,2025-01-01,127.53,39.04,Partial,
397,2025-01-31,481.68,77.66,Unpaid,
397,2025-03-02,208.9,46.05,Paid,2025-03-03
397,2025-04-01,482.2,68.64,Paid,2025-04-14
397,2025-05-01,393.93,80.7,Unpaid,
397,2025-05-31,96.48,34.57,Unpaid,
397,2025-06-30,239.6,63.29,Paid,2025-07-06
397,2025-07-30,216.11,52.34,Unpaid,
397,2025-08-29,288.95,51.63,Unpaid,
397,2025-09-28,204.0,54.2,Paid,2025-10-09
398,2025-01-01,294.05,58.38,Unpaid,
398,2025-01-31,447.07,73.37,Paid,2025-02-03
398,2025-03-02,443.85,104.07,Partial,
398,2025-04-01,127.17,38.25,Partial,
398,2025-05-01,406.03,84.7,Paid,2025-05-16
398,2025-05-31,123.59,41.19,Partial,
398,2025-06-30,301.3,79.0,Partial,
398,2025-07-30,396.92,83.07,Paid,2025-08-08
398,2025-08-29,337.3,62.11,Partial,
398,2025-09-28,79.75,35.19,Partial,
399,2025-01-01,74.38,32.84,Paid,2025-01-08
399,2025-01-31,297.06,53.3,Partial,
399,2025-03-02,97.37,36.41,Unpaid,
399,2025-04-01,471.29,78.63,Partial,
399,2025-05-01,153.72,50.73,Paid,2025-05-07
399,2025-05-31,397.34,72.2,Paid,2025-06-08
399,2025-06-30,296.39,73.44,Partial,
399,2025-07-30,174.26,45.82,Paid,2025-08-04
399,2025-08-29,409.02,67.62,Unpaid,
399,2025-09-28,296.62,74.4,Unpaid,
400,2025-01-01,240.41,45.32,Unpaid,
400,2025-01-31,436.61,69.0,Unpaid,
400,2025-03-02,477.12,82.1,Unpaid,
400,2025-04-01,134.81,40.61,Paid,2025-04-15
400,2025-05-01,229.75,64.17,Partial,
400,2025-05-31,297.8,69.06,Unpaid,
400,2025-06-30,100.25,36.6,Unpaid,
400,2025-07-30,408.53,100.04,Unpaid,
400,2025-08-29,70.02,30.37,Partial,
400,2025-09-28,497.66,117.03,Paid,2025-09-28
401,2025-01-01,165.27,44.35,Partial,
401,2025-01-31,219.23,63.67,Partial,
401,2025-03-02,486.09,114.68,Unpaid,
401,2025-04-01,435.56,78.5,Unpaid,
401,2025-05-01,98.89,29.98,Unpaid,
401,2025-05-31,433.36,67.55,Paid,2025-06-06
401,2025-06-30,400.63,66.24,Partial,
401,2025-07-30,154.09,44.75,Unpaid,
401,2025-08-29,251.26,46.43,Paid,2025-09-09
401,2025-09-28,482.7,88.14,Paid,2025-10-04
402,2025-01-01,276.51,49.56,Partial,
402,2025-01-31,194.33,51.76,Paid,2025-02-14
402,2025-03-02,439.25,104.29,Unpaid,
402,2025-04-01,187.67,44.56,Partial,
402,2025-05-01,404.49,95.27,Paid,2025-05-14
402,2025-05-31,167.17,50.46,Unpaid,
402,2025-06-30,422.35,90.72,Paid,2025-07-01
402,2025-07-30,193.29,47.79,Partial,
402,2025-08-29,260.02,48.67,Unpaid,
402,2025-09-28,471.06,104.36,Unpaid,
403,2025-01-01,188.9,44.03,Partial,
403,2025-01-31,176.03,50.28,Paid,2025-02-08
403,2025-03-02,301.85,56.09,Paid,2025-03-13
403,2025-04-01,61.61,31.91,Unpaid,
403,2025-05-01,311.05,73.38,Unpaid,
403,2025-05-31,128.18,43.41,Partial,
403,2025-06-30,281.93,50.04,Partial,
403,2025-07-30,179.33,40.35,Unpaid,
403,2025-08-29,52.94,29.63,Paid,2025-09-08
403,2025-09-28,210.88,59.31,Paid,2025-10-12
404,2025-01-01,442.06,80.87,Partial,
404,2025-01-31,86.77,35.2,Paid,2025-02-11
404,2025-03-02,148.44,37.94,Partial,
404,2025-04-01,203.04,48.25,Paid,2025-04-09
404,2025-05-01,448.61,106.56,Unpaid,
404,2025-05-31,199.14,51.35,Paid,2025-06-09
404,2025-06-30,206.81,50.49,Paid,2025-07-03
404,2025-07-30,163.96,42.95,Paid,2025-08-03
404,2025-08-29,260.1,62.86,Partial,
404,2025-09-28,294.9,73.69,Unpaid,
405,2025-01-01,385.14,88.94,Partial,
405,2025-01-31,63.99,27.85,Unpaid,
405,2025-03-02,232.43,45.2,Unpaid,
405,2025-04-01,156.54,48.25,Unpaid,
405,2025-05-01,57.81,26.06,Paid,2025-05-12
405,2025-05-31,50.43,27.67,Unpaid,
405,2025-06-30,397.53,97.59,Paid,2025-07-04
405,2025-07-30,393.19,66.27,Partial,
405,2025-08-29,55.46,28.61,Unpaid,
405,2025-09-28,391.64,63.96,Paid,2025-10-11
406,2025-01-01,52.53,27.53,Partial,
406,2025-01-31,150.58,42.49,Unpaid,
406,2025-03-02,140.86,34.51,Partial,
406,2025-04-01,409.65,97.77,Paid,2025-04-04
406,2025-05-01,344.2,83.48,Paid,2025-05-13
406,2025-05-31,310.43,81.45,Paid,2025-06-15
406,2025-06-30,134.42,35.37,Partial,
406,2025-07-30,370.07,67.09,Paid,2025-07-31
406,2025-08-29,476.83,94.73,Paid,2025-09-04
406,2025-09-28,235.15,56.75,Paid,2025-09-30
407,2025-01-01,450.46,107.91,Paid,2025-01-09
407,2025-01-31,203.77,49.11,Unpaid,
407,2025-03-02,434.87,75.47,Unpaid,
407,2025-04-01,307.29,59.81,Unpaid,
407,2025-05-01,251.88,46.44,Partial,
407,2025-05-31,271.69,68.01,Unpaid,
407,2025-06-30,88.6,36.72,Partial,
407,2025-07-30,476.46,105.13,Partial,
407,2025-08-29,148.38,40.89,Paid,2025-09-03
407,2025-09-28,429.47,79.42,Paid,2025-10-04
408,2025-01-01,339.3,78.38,Partial,
408,2025-01-31,472.21,104.14,Paid,2025-02-09
408,2025-03-02,286.39,67.28,Paid,2025-03-11
408,2025-04-01,215.02,52.91,Paid,2025-04-02
408,2025-05-01,398.1,96.66,Paid,2025-05-07
408,2025-05-31,347.7,59.02,Unpaid,
408,2025-06-30,298.9,66.3,Partial,
408,2025-07-30,470.99,84.77,Paid,2025-08-03
408,2025-08-29,61.5,30.31,Partial,
408,2025-09-28,227.01,56.3,Unpaid,
409,2025-01-01,329.47,67.98,Paid,2025-01-02
409,2025-01-31,457.31,99.09,Paid,2025-02-08
409,2025-03-02,440.8,104.82,Unpaid,
409,2025-04-01,111.42,31.58,Unpaid,
409,2025-05-01,213.67,55.24,Unpaid,
409,2025-05-31,136.33,42.03,Partial,
409,2025-06-30,238.66,51.06,Partial,
409,2025-07-30,492.23,116.7,Partial,
409,2025-08-29,309.51,58.41,Partial,
409,2025-09-28,54.94,27.54,Paid,2025-10-13
410,2025-01-01,166.78,38.85,Partial,
410,2025-01-31,387.08,91.0,Unpaid,
410,2025-03-02,61.79,30.26,Paid,2025-03-12
410,2025-04-01,50.61,29.41,Partial,
410,2025-05-01,336.06,55.48,Partial,
410,2025-05-31,477.72,81.72,Partial,
410,2025-06-30,377.94,64.13,Partial,
410,2025-07-30,268.69,68.07,Partial,
410,2025-08-29,270.28,56.17,Unpaid,
410,2025-09-28,460.66,95.71,Paid,2025-10-07
411,2025-01-01,213.85,52.43,Partial,
411,2025-01-31,347.41,75.36,Paid,2025-02-07
411,2025-03-02,420.42,65.37,Unpaid,
411,2025-04-01,401.45,77.53,Unpaid,
411,2025-05-01,249.51,47.37,Paid,2025-05-11
411,2025-05-31,481.33,70.14,Partial,
411,2025-06-30,298.48,56.03,Paid,2025-07-10
411,2025-07-30,333.35,54.55,Partial,
411,2025-08-29,115.68,36.83,Paid,2025-09-02
411,2025-09-28,164.17,44.62,Paid,2025-09-30
412,2025-01-01,441.09,84.82,Paid,2025-01-16
412,2025-01-31,103.19,35.16,Partial,
412,2025-03-02,157.65,44.33,Partial,
412,2025-04-01,140.45,45.83,Partial,
412,2025-05-01,92.6,33.17,Unpaid,
412,2025-05-31,448.4,72.62,Paid,2025-06-06
412,2025-06-30,408.33,61.49,Partial,
412,2025-07-30,147.12,41.19,Paid,2025-08-08
412,2025-08-29,132.81,34.54,Partial,
412,2025-09-28,379.47,85.42,Partial,
413,2025-01-01,188.22,52.9,Partial,
413,2025-01-31,433.4,83.08,Partial,
413,2025-03-02,499.79,117.72,Unpaid,
413,2025-04-01,480.68,77.95,Paid,2025-04-15
413,2025-05-01,264.94,71.03,Unpaid,
413,2025-05-31,456.53,72.63,Paid,2025-06-02
413,2025-06-30,77.27,32.2,Partial,
413,2025-07-30,228.12,47.64,Partial,
413,2025-08-29,258.88,50.49,Paid,2025-09-02
413,2025-09-28,365.19,72.84,Partial,
414,2025-01-01,169.17,49.86,Partial,
414,2025-01-31,381.95,75.89,Paid,2025-02-05
414,2025-03-02,344.85,77.51,Partial,
414,2025-04-01,301.92,51.61,Unpaid,
414,2025-05-01,200.31,45.87,Paid,2025-05-09
414,2025-05-31,337.98,85.07,Partial,
414,2025-06-30,317.45,71.01,Paid,2025-07-12
414,2025-07-30,327.49,77.33,Partial,
414,2025-08-29,142.09,40.66,Partial,
414,2025-09-28,89.93,35.83,Paid,2025-10-13
415,2025-01-01,461.41,107.24,Paid,2025-01-13
415,2025-01-31,60.45,31.03,Paid,2025-02-15
415,2025-03-02,187.98,54.36,Partial,
415,2025-04-01,363.89,81.59,Paid,2025-04-15
415,2025-05-01,280.02,48.23,Partial,
415,2025-05-31,91.79,33.94,Paid,2025-06-13
415,2025-06-30,456.09,79.98,Paid,2025-07-10
415,2025-07-30,496.99,85.61,Unpaid,
415,2025-08-29,423.74,89.67,Paid,2025-09-08
415,2025-09-28,247.56,66.2,Unpaid,
416,2025-01-01,285.8,76.43,Paid,2025-01-08
416,2025-01-31,305.37,61.42,Partial,
416,2025-03-02,408.6,80.11,Paid,2025-03-13
416,2025-04-01,60.48,28.74,Partial,
416,2025-05-01,65.33,26.96,Unpaid,
416,2025-05-31,480.13,69.69,Paid,2025-06-06
416,2025-06-30,302.16,59.89,Paid,2025-07-04
416,2025-07-30,149.34,43.0,Unpaid,
416,2025-08-29,478.48,70.9,Unpaid,
416,2025-09-28,409.95,82.92,Paid,2025-10-12
417,2025-01-01,426.67,92.94,Paid,2025-01-15
417,2025-01-31,471.66,109.73,Paid,2025-02-02
417,2025-03-02,260.06,50.98,Partial,
417,2025-04-01,284.5,56.09,Partial,
417,2025-05-01,227.86,57.55,Partial,
417,2025-05-31,359.06,73.36,Unpaid,
417,2025-06-30,469.74,110.21,Paid,2025-07-02
417,2025-07-30,211.35,56.28,Unpaid,
417,2025-08-29,463.16,104.72,Paid,2025-09-11
417,2025-09-28,178.71,53.64,Partial,
418,2025-01-01,400.24,95.74,Partial,
418,2025-01-31,315.99,68.62,Paid,2025-02-15
418,2025-03-02,438.95,101.0,Partial,
418,2025-04-01,146.23,45.66,Paid,2025-04-10
418,2025-05-01,332.34,65.49,Partial,
418,2025-05-31,118.97,33.59,Unpaid,
418,2025-06-30,154.79,38.58,Unpaid,
418,2025-07-30,434.34,90.13,Partial,
418,2025-08-29,364.6,66.85,Partial,
418,2025-09-28,361.15,81.86,Partial,
419,2025-01-01,256.16,61.67,Partial,
419,2025-01-31,188.63,40.14,Paid,2025-02-01
419,2025-03-02,383.79,69.66,Unpaid,
419,2025-04-01,431.0,80.64,Unpaid,
419,2025-05-01,448.88,91.03,Partial,
419,2025-05-31,240.65,45.38,Paid,2025-06-04
419,2025-06-30,98.45,31.25,Unpaid,
419,2025-07-30,149.97,39.73,Unpaid,
419,2025-08-29,467.18,77.34,Unpaid,
419,2025-09-28,461.9,101.85,Partial,
420,2025-01-01,64.28,28.76,Partial,
420,2025-01-31,239.19,49.73,Paid,2025-02-04
420,2025-03-02,418.25,88.0,Partial,
420,2025-04-01,312.39,66.19,Partial,
420,2025-05-01,438.32,70.1,Partial,
420,2025-05-31,480.97,71.2,Partial,
420,2025-06-30,497.96,91.86,Unpaid,
420,2025-07-30,416.15,89.36,Partial,
420,2025-08-29,363.69,73.79,Paid,2025-09-13
420,2025-09-28,232.74,56.95,Unpaid,
421,2025-01-01,365.26,72.61,Unpaid,
421,2025-01-31,67.89,28.41,Unpaid,
421,2025-03-02,242.14,48.89,Partial,
421,2025-04-01,247.76,65.46,Unpaid,
421,2025-05-01,293.64,77.77,Paid,2025-05-13
421,2025-05-31,78.86,34.69,Unpaid,
421,2025-06-30,110.32,37.27,Unpaid,
421,2025-07-30,215.72,57.1,Unpaid,
421,2025-08-29,408.09,84.74,Paid,2025-09-04
421,2025-09-28,379.51,62.14,Partial,
422,2025-01-01,105.74,37.76,Paid,2025-01-16
422,2025-01-31,449.14,67.89,Partial,
422,2025-03-02,354.21,58.84,Paid,2025-03-05
422,2025-04-01,66.46,30.19,Paid,2025-04-14
422,2025-05-01,230.34,53.34,Paid,2025-05-08
422,2025-05-31,363.91,66.71,Unpaid,
422,2025-06-30,148.89,46.12,Partial,
422,2025-07-30,253.76,62.34,Paid,2025-08-08
422,2025-08-29,193.54,48.31,Paid,2025-09-10
422,2025-09-28,264.69,65.15,Partial,
423,2025-01-01,218.95,63.79,Partial,
423,2025-01-31,273.23,69.26,Unpaid,
423,2025-03-02,249.83,45.5,Partial,
423,2025-04-01,103.24,30.73,Unpaid,
423,2025-05-01,203.56,47.22,Paid,2025-05-11
423,2025-05-31,223.78,52.6,Paid,2025-06-05
423,2025-06-30,380.84,72.81,Paid,2025-07-10
423,2025-07-30,463.64,99.64,Paid,2025-08-08
423,2025-08-29,227.18,62.7,Paid,2025-08-31
423,2025-09-28,432.83,67.32,Paid,2025-09-29
424,2025-01-01,234.89,45.08,Paid,2025-01-07
424,2025-01-31,114.86,40.82,Partial,
424,2025-03-02,223.76,53.55,Partial,
424,2025-04-01,156.84,36.7,Unpaid,
424,2025-05-01,347.25,69.14,Paid,2025-05-12
424,2025-05-31,56.42,28.94,Partial,
424,2025-06-30,250.24,49.94,Unpaid,
424,2025-07-30,499.55,79.67,Paid,2025-08-10
424,2025-08-29,496.44,117.26,Paid,2025-08-29
424,2025-09-28,397.51,96.31,Partial,
425,2025-01-01,338.74,83.53,Partial,
425,2025-01-31,298.81,58.69,Partial,
425,2025-03-02,101.39,35.21,Partial,
425,2025-04-01,77.89,35.32,Unpaid,
425,2025-05-01,321.94,61.63,Partial,
425,2025-05-31,196.13,41.06,Unpaid,
425,2025-06-30,401.81,85.06,Partial,
425,2025-07-30,462.41,93.23,Paid,2025-08-07
425,2025-08-29,352.31,81.93,Paid,2025-09-05
425,2025-09-28,260.43,49.51,Unpaid,
426,2025-01-01,333.11,70.97,Paid,2025-01-15
426,2025-01-31,61.5,30.29,Partial,
426,2025-03-02,357.95,89.68,Unpaid,
426,2025-04-01,76.89,28.8,Partial,
426,2025-05-01,312.64,51.29,Unpaid,
426,2025-05-31,102.54,30.45,Paid,2025-06-04
426,2025-06-30,194.22,58.71,Paid,2025-07-15
426,2025-07-30,472.55,110.45,Unpaid,
426,2025-08-29,242.43,61.11,Partial,
426,2025-09-28,199.52,49.95,Paid,2025-10-12
427,2025-01-01,150.71,48.42,Unpaid,
427,2025-01-31,68.31,31.6,Partial,
427,2025-03-02,192.71,55.27,Partial,
427,2025-04-01,134.46,37.96,Unpaid,
427,2025-05-01,282.6,66.89,Unpaid,
427,2025-05-31,396.5,97.79,Partial,
427,2025-06-30,136.69,45.05,Unpaid,
427,2025-07-30,376.9,83.73,Paid,2025-08-08
427,2025-08-29,289.65,54.95,Paid,2025-09-03
427,2025-09-28,81.43,34.51,Partial,
428,2025-01-01,292.37,52.57,Paid,2025-01-03
428,2025-01-31,349.28,77.17,Unpaid,
428,2025-03-02,288.74,65.01,Paid,2025-03-14
428,2025-04-01,142.85,35.33,Partial,
428,2025-05-01,247.89,62.2,Partial,
428,2025-05-31,323.24,54.31,Unpaid,
428,2025-06-30,283.02,57.32,Unpaid,
428,2025-07-30,61.57,27.33,Paid,2025-08-05
428,2025-08-29,51.21,27.7,Unpaid,
428,2025-09-28,435.63,70.26,Partial,
429,2025-01-01,276.59,68.89,Partial,
429,2025-01-31,413.26,78.17,Partial,
429,2025-03-02,115.54,35.35,Unpaid,
429,2025-04-01,372.56,68.94,Paid,2025-04-12
429,2025-05-01,446.83,91.28,Partial,
429,2025-05-31,434.4,77.88,Partial,
429,2025-06-30,313.81,71.35,Unpaid,
429,2025-07-30,158.72,47.91,Paid,2025-08-09
429,2025-08-29,262.25,72.23,Partial,
429,2025-09-28,428.25,88.47,Partial,
430,2025-01-01,149.44,41.75,Paid,2025-01-03
430,2025-01-31,72.0,33.94,Partial,
430,2025-03-02,274.71,57.69,Unpaid,
430,2025-04-01,486.04,69.45,Partial,
430,2025-05-01,364.06,87.37,Partial,
430,2025-05-31,51.97,28.9,Unpaid,
430,2025-06-30,74.02,31.08,Partial,
430,2025-07-30,443.14,82.05,Paid,2025-08-01
430,2025-08-29,296.1,60.18,Unpaid,
430,2025-09-28,137.22,45.01,Paid,2025-10-01
431,2025-01-01,76.91,29.18,Unpaid,
431,2025-01-31,172.8,39.57,Unpaid,
431,2025-03-02,248.36,47.49,Unpaid,
431,2025-04-01,122.54,43.99,Partial,
431,2025-05-01,154.24,43.78,Unpaid,
431,2025-05-31,226.99,49.15,Unpaid,
431,2025-06-30,91.13,32.22,Unpaid,
431,2025-07-30,86.13,32.86,Partial,
431,2025-08-29,317.87,65.66,Paid,2025-09-12
431,2025-09-28,492.83,80.66,Paid,2025-10-10
432,2025-01-01,320.93,71.29,Unpaid,
432,2025-01-31,93.84,35.95,Partial,
432,2025-03-02,386.54,58.83,Partial,
432,2025-04-01,216.96,59.66,Unpaid,
432,2025-05-01,485.96,76.08,Partial,
432,2025-05-31,118.02,39.0,Unpaid,
432,2025-06-30,201.16,43.89,Unpaid,
432,2025-07-30,274.51,68.67,Unpaid,
432,2025-08-29,442.7,80.51,Partial,
432,2025-09-28,446.17,82.17,Paid,2025-10-12
433,2025-01-01,312.94,51.74,Unpaid,
433,2025-01-31,438.45,101.51,Partial,
433,2025-03-02,155.05,50.09,Partial,
433,2025-04-01,190.54,57.74,Paid,2025-04-15
433,2025-05-01,78.28,35.38,Paid,2025-05-05
433,2025-05-31,133.45,36.14,Paid,2025-06-05
433,2025-06-30,367.18,90.65,Partial,
433,2025-07-30,305.18,80.58,Paid,2025-08-06
433,2025-08-29,165.68,49.72,Paid,2025-08-30
433,2025-09-28,378.5,90.02,Paid,2025-10-03
434,2025-01-01,437.64,76.8,Unpaid,
434,2025-01-31,416.57,67.13,Unpaid,
434,2025-03-02,206.86,52.35,Unpaid,
434,2025-04-01,281.44,73.54,Unpaid,
434,2025-05-01,467.89,66.94,Partial,
434,2025-05-31,137.81,37.34,Paid,2025-05-31
434,2025-06-30,485.66,80.13,Paid,2025-07-08
434,2025-07-30,467.06,103.47,Partial,
434,2025-08-29,237.65,51.58,Partial,
434,2025-09-28,51.61,25.16,Partial,
435,2025-01-01,441.81,89.34,Unpaid,
435,2025-01-31,446.69,66.41,Unpaid,
435,2025-03-02,258.44,48.42,Unpaid,
435,2025-04-01,130.98,45.48,Partial,
435,2025-05-01,229.42,43.27,Partial,
435,2025-05-31,368.04,61.85,Paid,2025-06-11
435,2025-06-30,102.11,31.05,Partial,
435,2025-07-30,369.96,79.82,Paid,2025-08-02
435,2025-08-29,254.65,68.44,Unpaid,
435,2025-09-28,447.74,77.63,Unpaid,
436,2025-01-01,249.85,63.38,Paid,2025-01-13
436,2025-01-31,235.44,48.58,Unpaid,
436,2025-03-02,346.78,88.16,Partial,
436,2025-04-01,362.36,77.81,Paid,2025-04-09
436,2025-05-01,137.61,46.67,Paid,2025-05-10
436,2025-05-31,231.11,49.93,Paid,2025-06-11
436,2025-06-30,304.97,56.46,Unpaid,
436,2025-07-30,322.28,71.47,Partial,
436,2025-08-29,462.81,96.46,Unpaid,
436,2025-09-28,61.89,29.93,Paid,2025-09-29
437,2025-01-01,206.88,50.27,Unpaid,
437,2025-01-31,482.02,93.57,Unpaid,
437,2025-03-02,267.68,70.25,Partial,
437,2025-04-01,330.62,57.47,Unpaid,
437,2025-05-01,66.21,32.41,Paid,2025-05-14
437,2025-05-31,116.08,40.17,Partial,
437,2025-06-30,56.33,30.53,Paid,2025-07-01
437,2025-07-30,152.62,48.44,Unpaid,
437,2025-08-29,241.96,66.43,Partial,
437,2025-09-28,477.78,97.96,Unpaid,
438,2025-01-01,475.3,109.14,Paid,2025-01-09
438,2025-01-31,155.25,39.02,Unpaid,
438,2025-03-02,95.63,30.76,Partial,
438,2025-04-01,225.18,43.16,Unpaid,
438,2025-05-01,239.64,49.7,Paid,2025-05-11
438,2025-05-31,110.3,33.53,Partial,
438,2025-06-30,369.69,64.72,Unpaid,
438,2025-07-30,143.91,45.45,Unpaid,
438,2025-08-29,485.14,115.17,Partial,
438,2025-09-28,131.58,43.32,Paid,2025-10-01
439,2025-01-01,202.29,46.68,Paid,2025-01-13
439,2025-01-31,420.42,85.61,Unpaid,
439,2025-03-02,358.54,56.55,Unpaid,
439,2025-04-01,472.68,85.94,Unpaid,
439,2025-05-01,459.26,100.4,Unpaid,
439,2025-05-31,485.38,103.34,Unpaid,
439,2025-06-30,213.17,42.31,Unpaid,
439,2025-07-30,98.24,33.22,Unpaid,
439,2025-08-29,117.44,34.4,Unpaid,
439,2025-09-28,129.51,42.68,Unpaid,
440,2025-01-01,335.67,83.29,Paid,2025-01-15
440,2025-01-31,149.1,46.36,Unpaid,
440,2025-03-02,221.92,48.26,Paid,2025-03-02
440,2025-04-01,360.77,75.93,Paid,2025-04-11
440,2025-05-01,438.85,87.74,Unpaid,
440,2025-05-31,264.95,59.46,Unpaid,
440,2025-06-30,351.99,77.75,Unpaid,
440,2025-07-30,417.9,79.58,Unpaid,
440,2025-08-29,123.24,35.39,Paid,2025-09-02
440,2025-09-28,310.58,52.85,Unpaid,
441,2025-01-01,113.01,34.3,Unpaid,
441,2025-01-31,405.51,68.92,Unpaid,
441,2025-03-02,353.65,72.44,Paid,2025-03-15
441,2025-04-01,322.35,80.55,Partial,
441,2025-05-01,322.78,52.73,Unpaid,
441,2025-05-31,184.59,53.56,Partial,
441,2025-06-30,65.25,31.49,Unpaid,
441,2025-07-30,270.53,66.92,Partial,
441,2025-08-29,65.03,31.5,Partial,
441,2025-09-28,430.26,89.48,Paid,2025-10-02
442,2025-01-01,134.83,37.72,Partial,
442,2025-01-31,78.65,30.58,Unpaid,
442,2025-03-02,349.43,84.79,Partial,
442,2025-04-01,273.25,74.12,Paid,2025-04-05
442,2025-05-01,386.55,92.82,Unpaid,
442,2025-05-31,228.07,52.88,Unpaid,
442,2025-06-30,174.28,40.77,Unpaid,
442,2025-07-30,368.37,78.85,Paid,2025-08-01
442,2025-08-29,292.92,51.94,Paid,2025-09-02
442,2025-09-28,64.12,27.65,Unpaid,
443,2025-01-01,430.73,96.42,Unpaid,
443,2025-01-31,462.57,94.55,Partial,
443,2025-03-02,293.25,72.31,Unpaid,
443,2025-04-01,491.72,78.51,Partial,
443,2025-05-01,227.28,59.22,Partial,
443,2025-05-31,228.07,64.74,Partial,
443,2025-06-30,451.45,94.77,Partial,
443,2025-07-30,60.88,28.76,Partial,
443,2025-08-29,419.59,93.43,Partial,
443,2025-09-28,71.05,29.56,Unpaid,
444,2025-01-01,466.69,107.4,Unpaid,
444,2025-01-31,84.33,32.07,Unpaid,
444,2025-03-02,395.97,92.65,Unpaid,
444,2025-04-01,378.02,91.34,Partial,
444,2025-05-01,214.12,49.6,Paid,2025-05-15
444,2025-05-31,255.07,57.95,Partial,
444,2025-06-30,54.56,26.36,Paid,2025-07-11
444,2025-07-30,97.54,37.89,Unpaid,
444,2025-08-29,320.21,81.48,Partial,
444,2025-09-28,431.89,91.82,Partial,
445,2025-01-01,415.71,69.07,Paid,2025-01-14
445,2025-01-31,274.7,71.0,Partial,
445,2025-03-02,391.8,91.26,Unpaid,
445,2025-04-01,111.64,32.0,Partial,
445,2025-05-01,55.26,30.43,Partial,
445,2025-05-31,379.14,77.83,Paid,2025-06-09
445,2025-06-30,194.84,58.9,Partial,
445,2025-07-30,397.92,89.42,Partial,
445,2025-08-29,311.71,77.21,Partial,
445,2025-09-28,183.69,48.17,Unpaid,
446,2025-01-01,153.03,41.43,Partial,
446,2025-01-31,76.2,33.24,Unpaid,
446,2025-03-02,150.86,41.87,Paid,2025-03-05
446,2025-04-01,374.3,84.37,Paid,2025-04-09
446,2025-05-01,262.09,48.82,Paid,2025-05-13
446,2025-05-31,119.56,34.49,Paid,2025-06-09
446,2025-06-30,170.78,38.71,Unpaid,
446,2025-07-30,153.86,39.36,Partial,
446,2025-08-29,448.86,104.87,Partial,
446,2025-09-28,289.07,74.69,Unpaid,
447,2025-01-01,455.06,73.82,Unpaid,
447,2025-01-31,124.84,39.29,Partial,
447,2025-03-02,375.16,58.69,Unpaid,
447,2025-04-01,288.47,51.85,Partial,
447,2025-05-01,377.5,82.86,Paid,2025-05-15
447,2025-05-31,464.09,101.92,Unpaid,
447,2025-06-30,402.53,60.29,Paid,2025-07-01
447,2025-07-30,68.11,27.24,Unpaid,
447,2025-08-29,403.39,80.97,Partial,
447,2025-09-28,99.37,37.67,Partial,
448,2025-01-01,332.57,60.23,Partial,
448,2025-01-31,496.31,102.04,Paid,2025-02-12
448,2025-03-02,68.87,28.67,Paid,2025-03-14
448,2025-04-01,258.59,53.79,Paid,2025-04-03
448,2025-05-01,455.42,81.52,Unpaid,
448,2025-05-31,122.6,36.51,Unpaid,
448,2025-06-30,224.06,56.56,Paid,2025-06-30
448,2025-07-30,457.35,72.31,Paid,2025-08-07
448,2025-08-29,422.43,86.45,Paid,2025-09-13
448,2025-09-28,324.08,79.87,Paid,2025-10-08
449,2025-01-01,99.74,29.99,Paid,2025-01-01
449,2025-01-31,241.27,47.89,Partial,
449,2025-03-02,57.81,29.37,Partial,
449,2025-04-01,175.88,48.86,Unpaid,
449,2025-05-01,315.78,58.8,Unpaid,
449,2025-05-31,368.82,84.53,Partial,
449,2025-06-30,240.91,67.17,Partial,
449,2025-07-30,300.83,60.1,Partial,
449,2025-08-29,284.48,60.53,Paid,2025-08-30
449,2025-09-28,356.64,76.38,Paid,2025-09-30
450,2025-01-01,355.17,77.91,Unpaid,
450,2025-01-31,392.32,88.73,Paid,2025-02-10
450,2025-03-02,352.98,72.64,Partial,
450,2025-04-01,228.49,58.21,Unpaid,
450,2025-05-01,382.27,75.57,Unpaid,
450,2025-05-31,60.24,29.93,Paid,2025-06-07
450,2025-06-30,436.19,103.84,Unpaid,
450,2025-07-30,347.57,64.57,Unpaid,
450,2025-08-29,352.82,77.56,Paid,2025-09-12
450,2025-09-28,411.94,82.08,Paid,2025-10-11
451,2025-01-01,379.76,74.98,Partial,
451,2025-01-31,264.35,64.81,Partial,
451,2025-03-02,180.65,41.57,Paid,2025-03-03
451,2025-04-01,58.84,27.81,Partial,
451,2025-05-01,292.7,61.4,Partial,
451,2025-05-31,176.5,41.55,Partial,
451,2025-06-30,162.92,40.35,Paid,2025-07-13
451,2025-07-30,451.96,77.2,Partial,
451,2025-08-29,121.81,35.56,Partial,
451,2025-09-28,213.8,57.09,Paid,2025-10-07
452,2025-01-01,435.51,83.5,Partial,
452,2025-01-31,82.17,32.82,Partial,
452,2025-03-02,125.65,37.74,Paid,2025-03-10
452,2025-04-01,427.21,84.52,Partial,
452,2025-05-01,197.43,49.16,Unpaid,
452,2025-05-31,84.26,31.43,Paid,2025-06-02
452,2025-06-30,188.68,39.57,Partial,
452,2025-07-30,180.34,41.93,Partial,
452,2025-08-29,208.11,61.08,Unpaid,
452,2025-09-28,434.0,96.74,Partial,
453,2025-01-01,400.83,75.6,Partial,
453,2025-01-31,246.84,50.75,Unpaid,
453,2025-03-02,85.15,29.51,Unpaid,
453,2025-04-01,302.61,75.05,Paid,2025-04-06
453,2025-05-01,145.07,45.97,Paid,2025-05-02
453,2025-05-31,389.24,82.19,Paid,2025-06-06
453,2025-06-30,481.4,94.57,Partial,
453,2025-07-30,359.27,67.29,Partial,
453,2025-08-29,320.08,80.67,Unpaid,
453,2025-09-28,306.21,77.42,Unpaid,
454,2025-01-01,446.24,69.61,Unpaid,
454,2025-01-31,311.71,70.58,Unpaid,
454,2025-03-02,170.78,50.54,Paid,2025-03-11
454,2025-04-01,354.88,71.93,Paid,2025-04-11
454,2025-05-01,317.41,61.95,Paid,2025-05-07
454,2025-05-31,415.1,98.78,Unpaid,
454,2025-06-30,157.72,49.94,Unpaid,
454,2025-07-30,142.19,37.77,Partial,
454,2025-08-29,191.27,57.34,Partial,
454,2025-09-28,132.88,36.6,Unpaid,
455,2025-01-01,336.49,79.39,Paid,2025-01-01
455,2025-01-31,198.93,51.66,Unpaid,
455,2025-03-02,85.95,29.1,Unpaid,
455,2025-04-01,52.75,28.8,Paid,2025-04-14
455,2025-05-01,384.7,72.69,Unpaid,
455,2025-05-31,398.54,63.7,Partial,
455,2025-06-30,482.36,102.63,Partial,
455,2025-07-30,370.02,63.08,Partial,
455,2025-08-29,72.85,32.2,Paid,2025-09-06
455,2025-09-28,378.41,91.1,Partial,
456,2025-01-01,152.03,42.94,Partial,
456,2025-01-31,228.17,43.61,Paid,2025-02-08
456,2025-03-02,87.61,33.64,Partial,
456,2025-04-01,451.97,76.32,Unpaid,
456,2025-05-01,143.11,42.4,Paid,2025-05-15
456,2025-05-31,441.39,95.37,Partial,
456,2025-06-30,249.83,53.13,Paid,2025-07-06
456,2025-07-30,200.97,58.58,Paid,2025-08-07
456,2025-08-29,258.43,64.9,Unpaid,
456,2025-09-28,403.04,100.14,Unpaid,
457,2025-01-01,464.42,79.24,Partial,
457,2025-01-31,474.55,91.32,Unpaid,
457,2025-03-02,116.53,38.19,Partial,
457,2025-04-01,468.3,105.86,Unpaid,
457,2025-05-01,391.07,61.35,Unpaid,
457,2025-05-31,355.5,84.4,Partial,
457,2025-06-30,350.47,77.76,Partial,
457,2025-07-30,142.95,44.79,Partial,
457,2025-08-29,395.57,81.28,Paid,2025-09-09
457,2025-09-28,322.05,79.49,Paid,2025-09-28
458,2025-01-01,401.4,82.46,Partial,
458,2025-01-31,89.63,35.07,Paid,2025-02-06
458,2025-03-02,217.05,61.96,Paid,2025-03-11
458,2025-04-01,201.59,57.9,Paid,2025-04-16
458,2025-05-01,471.0,75.21,Partial,
458,2025-05-31,203.8,49.68,Unpaid,
458,2025-06-30,421.07,78.31,Paid,2025-07-05
458,2025-07-30,177.07,55.2,Unpaid,
458,2025-08-29,134.73,40.19,Paid,2025-09-01
458,2025-09-28,131.09,40.89,Unpaid,
459,2025-01-01,116.47,41.84,Paid,2025-01-06
459,2025-01-31,57.98,27.79,Unpaid,
459,2025-03-02,161.86,40.65,Unpaid,
459,2025-04-01,199.98,42.43,Unpaid,
459,2025-05-01,280.23,57.75,Paid,2025-05-03
459,2025-05-31,249.88,45.82,Paid,2025-06-05
459,2025-06-30,174.58,43.57,Unpaid,
459,2025-07-30,293.92,75.72,Paid,2025-08-02
459,2025-08-29,352.84,75.39,Paid,2025-09-12
459,2025-09-28,152.22,41.0,Paid,2025-10-05
460,2025-01-01,417.52,82.16,Paid,2025-01-13
460,2025-01-31,322.51,59.2,Paid,2025-02-11
460,2025-03-02,216.35,54.91,Unpaid,
460,2025-04-01,142.28,46.51,Partial,
460,2025-05-01,364.64,73.53,Paid,2025-05-04
460,2025-05-31,355.25,70.09,Paid,2025-06-03
460,2025-06-30,238.51,57.98,Unpaid,
460,2025-07-30,406.69,69.73,Unpaid,
460,2025-08-29,416.01,84.27,Unpaid,
460,2025-09-28,226.6,49.43,Unpaid,
461,2025-01-01,497.79,89.23,Unpaid,
461,2025-01-31,286.24,65.69,Unpaid,
461,2025-03-02,137.88,36.46,Paid,2025-03-09
461,2025-04-01,390.09,79.68,Partial,
461,2025-05-01,177.46,53.0,Paid,2025-05-01
461,2025-05-31,176.91,53.55,Partial,
461,2025-06-30,241.73,59.88,Paid,2025-07-06
461,2025-07-30,90.83,32.74,Paid,2025-08-13
461,2025-08-29,378.19,60.17,Paid,2025-08-30
461,2025-09-28,132.16,33.64,Paid,2025-10-10
462,2025-01-01,145.53,45.41,Partial,
462,2025-01-31,461.05,87.12,Unpaid,
462,2025-03-02,378.6,61.11,Partial,
462,2025-04-01,67.27,32.82,Unpaid,
462,2025-05-01,433.33,104.73,Paid,2025-05-03
462,2025-05-31,159.45,38.33,Paid,2025-06-04
462,2025-06-30,160.51,38.9,Paid,2025-07-12
462,2025-07-30,322.01,57.36,Partial,
462,2025-08-29,51.37,26.09,Paid,2025-09-08
462,2025-09-28,372.3,62.33,Unpaid,
463,2025-01-01,166.07,38.95,Partial,
463,2025-01-31,452.02,88.93,Paid,2025-02-08
463,2025-03-02,431.83,78.19,Paid,2025-03-10
463,2025-04-01,334.63,70.26,Paid,2025-04-16
463,2025-05-01,72.29,29.4,Unpaid,
463,2025-05-31,225.02,59.15,Partial,
463,2025-06-30,236.92,64.97,Paid,2025-07-09
463,2025-07-30,64.94,32.57,Unpaid,
463,2025-08-29,133.62,34.89,Partial,
463,2025-09-28,160.76,39.81,Paid,2025-10-02
464,2025-01-01,442.05,72.99,Unpaid,
464,2025-01-31,252.0,69.98,Partial,
464,2025-03-02,480.18,80.49,Paid,2025-03-12
464,2025-04-01,86.13,28.94,Unpaid,
464,2025-05-01,343.62,65.9,Unpaid,
464,2025-05-31,225.9,59.41,Paid,2025-06-03
464,2025-06-30,182.25,43.12,Unpaid,
464,2025-07-30,237.41,61.12,Unpaid,
464,2025-08-29,138.38,47.5,Partial,
464,2025-09-28,335.99,54.99,Unpaid,
465,2025-01-01,86.28,36.51,Unpaid,
465,2025-01-31,249.91,49.79,Unpaid,
465,2025-03-02,135.7,44.28,Partial,
465,2025-04-01,319.73,64.88,Partial,
465,2025-05-01,121.9,37.78,Paid,2025-05-15
465,2025-05-31,313.78,71.7,Partial,
465,2025-06-30,194.09,57.65,Partial,
465,2025-07-30,432.48,71.56,Paid,2025-08-12
465,2025-08-29,365.56,77.28,Partial,
465,2025-09-28,499.85,113.33,Partial,
466,2025-01-01,279.19,70.18,Unpaid,
466,2025-01-31,236.74,55.65,Unpaid,
466,2025-03-02,387.76,74.32,Paid,2025-03-13
466,2025-04-01,138.71,40.04,Paid,2025-04-14
466,2025-05-01,60.17,26.88,Partial,
466,2025-05-31,416.54,74.62,Partial,
466,2025-06-30,385.52,84.27,Unpaid,
466,2025-07-30,296.91,75.29,Paid,2025-08-12
466,2025-08-29,459.75,72.23,Unpaid,
466,2025-09-28,54.1,25.82,Partial,
467,2025-01-01,120.12,38.06,Paid,2025-01-12
467,2025-01-31,294.24,52.03,Partial,
467,2025-03-02,122.46,34.28,Paid,2025-03-16
467,2025-04-01,125.13,36.79,Paid,2025-04-11
467,2025-05-01,137.15,36.5,Unpaid,
467,2025-05-31,449.66,87.39,Paid,2025-06-13
467,2025-06-30,93.83,38.31,Unpaid,
467,2025-07-30,303.05,70.03,Paid,2025-08-10
467,2025-08-29,68.5,30.05,Partial,
467,2025-09-28,174.58,47.05,Unpaid,
468,2025-01-01,112.54,36.63,Paid,2025-01-11
468,2025-01-31,168.94,37.61,Partial,
468,2025-03-02,72.27,30.87,Paid,2025-03-17
468,2025-04-01,54.65,28.84,Unpaid,
468,2025-05-01,76.18,31.33,Paid,2025-05-14
468,2025-05-31,121.3,40.06,Paid,2025-06-02
468,2025-06-30,133.42,35.73,Partial,
468,2025-07-30,224.46,44.11,Paid,2025-08-05
468,2025-08-29,196.76,51.85,Unpaid,
468,2025-09-28,228.67,44.12,Partial,
469,2025-01-01,163.69,48.14,Partial,
469,2025-01-31,118.58,37.78,Unpaid,
469,2025-03-02,93.1,29.8,Partial,
469,2025-04-01,264.72,65.76,Partial,
469,2025-05-01,219.39,49.81,Paid,2025-05-04
469,2025-05-31,140.62,46.85,Unpaid,
469,2025-06-30,256.22,48.55,Unpaid,
469,2025-07-30,354.46,66.88,Unpaid,
469,2025-08-29,209.75,57.5,Unpaid,
469,2025-09-28,303.5,78.06,Unpaid,
470,2025-01-01,137.01,40.39,Partial,
470,2025-01-31,62.2,27.98,Partial,
470,2025-03-02,352.29,82.4,Partial,
470,2025-04-01,417.75,63.68,Partial,
470,2025-05-01,144.66,40.46,Paid,2025-05-14
470,2025-05-31,307.55,75.88,Partial,
470,2025-06-30,293.38,70.5,Paid,2025-07-06
470,2025-07-30,261.29,70.25,Unpaid,
470,2025-08-29,306.28,60.63,Unpaid,
470,2025-09-28,259.22,54.99,Partial,
471,2025-01-01,446.56,107.06,Partial,
471,2025-01-31,138.73,46.74,Unpaid,
471,2025-03-02,341.61,82.11,Partial,
471,2025-04-01,240.33,67.38,Unpaid,
471,2025-05-01,236.68,62.67,Unpaid,
471,2025-05-31,243.05,67.18,Unpaid,
471,2025-06-30,138.2,36.14,Unpaid,
471,2025-07-30,296.07,54.6,Unpaid,
471,2025-08-29,152.13,42.86,Partial,
471,2025-09-28,116.92,36.43,Unpaid,
472,2025-01-01,287.14,76.51,Paid,2025-01-15
472,2025-01-31,331.84,64.27,Paid,2025-02-11
472,2025-03-02,213.98,53.75,Paid,2025-03-07
472,2025-04-01,186.73,42.53,Unpaid,
472,2025-05-01,270.48,53.22,Unpaid,
472,2025-05-31,179.71,41.96,Partial,
472,2025-06-30,83.05,29.03,Paid,2025-07-07
472,2025-07-30,306.72,76.7,Unpaid,
472,2025-08-29,130.58,40.53,Unpaid,
472,2025-09-28,495.69,94.01,Paid,2025-10-04
473,2025-01-01,77.42,35.05,Paid,2025-01-09
473,2025-01-31,441.53,106.64,Paid,2025-02-13
473,2025-03-02,63.89,28.87,Partial,
473,2025-04-01,159.63,48.1,Unpaid,
473,2025-05-01,303.33,56.93,Unpaid,
473,2025-05-31,50.1,28.95,Paid,2025-06-05
473,2025-06-30,152.85,42.64,Unpaid,
473,2025-07-30,257.64,71.22,Paid,2025-08-07
473,2025-08-29,156.06,38.02,Partial,
473,2025-09-28,101.08,38.75,Paid,2025-10-04
474,2025-01-01,170.63,37.31,Paid,2025-01-13
474,2025-01-31,362.89,57.55,Unpaid,
474,2025-03-02,369.63,83.74,Unpaid,
474,2025-04-01,222.11,50.95,Paid,2025-04-14
474,2025-05-01,374.03,81.34,Partial,
474,2025-05-31,417.48,79.53,Partial,
474,2025-06-30,403.31,68.39,Unpaid,
474,2025-07-30,287.89,69.86,Unpaid,
474,2025-08-29,440.19,98.69,Paid,2025-09-06
474,2025-09-28,496.98,92.21,Partial,
475,2025-01-01,499.6,109.12,Partial,
475,2025-01-31,216.61,42.96,Partial,
475,2025-03-02,476.92,81.73,Unpaid,
475,2025-04-01,301.41,63.97,Unpaid,
475,2025-05-01,156.95,36.0,Partial,
475,2025-05-31,377.69,94.69,Partial,
475,2025-06-30,176.84,38.72,Paid,2025-07-08
475,2025-07-30,483.61,106.77,Paid,2025-08-01
475,2025-08-29,193.85,40.35,Paid,2025-09-03
475,2025-09-28,70.98,32.5,Paid,2025-10-08
476,2025-01-01,83.56,32.71,Partial,
476,2025-01-31,186.25,49.17,Paid,2025-02-07
476,2025-03-02,328.58,75.53,Partial,
476,2025-04-01,336.45,61.13,Paid,2025-04-07
476,2025-05-01,189.52,46.18,Paid,2025-05-11
476,2025-05-31,240.23,48.01,Unpaid,
476,2025-06-30,408.59,88.65,Paid,2025-07-01
476,2025-07-30,235.51,62.17,Unpaid,
476,2025-08-29,200.83,50.65,Paid,2025-09-01
476,2025-09-28,471.11,81.05,Paid,2025-10-07
477,2025-01-01,267.35,68.12,Paid,2025-01-05
477,2025-01-31,397.51,68.12,Unpaid,
477,2025-03-02,493.83,74.99,Unpaid,
477,2025-04-01,397.01,72.74,Partial,
477,2025-05-01,189.94,53.37,Unpaid,
477,2025-05-31,266.62,57.97,Unpaid,
477,2025-06-30,483.01,111.46,Partial,
477,2025-07-30,199.86,46.5,Unpaid,
477,2025-08-29,381.54,86.91,Unpaid,
477,2025-09-28,227.91,50.52,Partial,
478,2025-01-01,155.15,40.18,Unpaid,
478,2025-01-31,81.31,31.75,Partial,
478,2025-03-02,212.32,45.64,Partial,
478,2025-04-01,316.7,81.47,Unpaid,
478,2025-05-01,315.28,55.72,Unpaid,
478,2025-05-31,487.87,86.56,Paid,2025-05-31
478,2025-06-30,315.69,57.5,Unpaid,
478,2025-07-30,214.34,57.88,Unpaid,
478,2025-08-29,153.77,38.19,Paid,2025-09-04
478,2025-09-28,85.36,28.61,Unpaid,
479,2025-01-01,66.67,28.72,Paid,2025-01-11
479,2025-01-31,56.45,31.1,Paid,2025-02-06
479,2025-03-02,339.36,57.75,Paid,2025-03-06
479,2025-04-01,287.16,75.6,Paid,2025-04-08
479,2025-05-01,84.78,33.16,Paid,2025-05-04
479,2025-05-31,92.19,33.98,Paid,2025-06-09
479,2025-06-30,469.17,88.23,Paid,2025-07-13
479,2025-07-30,204.2,55.87,Unpaid,
479,2025-08-29,463.37,67.09,Paid,2025-09-10
479,2025-09-28,288.36,76.01,Paid,2025-10-01
480,2025-01-01,175.27,43.59,Unpaid,
480,2025-01-31,234.73,46.55,Unpaid,
480,2025-03-02,67.89,30.34,Paid,2025-03-13
480,2025-04-01,406.74,70.04,Paid,2025-04-10
480,2025-05-01,228.29,48.9,Partial,
480,2025-05-31,94.13,30.22,Unpaid,
480,2025-06-30,309.21,71.03,Unpaid,
480,2025-07-30,296.69,76.87,Paid,2025-08-05
480,2025-08-29,67.45,30.52,Unpaid,
480,2025-09-28,54.21,29.2,Paid,2025-10-08
481,2025-01-01,253.82,69.79,Paid,2025-01-10
481,2025-01-31,200.03,54.1,Paid,2025-02-06
481,2025-03-02,391.35,71.31,Paid,2025-03-17
481,2025-04-01,316.01,71.94,Paid,2025-04-14
481,2025-05-01,142.72,41.89,Partial,
481,2025-05-31,375.93,69.3,Unpaid,
481,2025-06-30,276.93,70.19,Unpaid,
481,2025-07-30,116.69,32.0,Partial,
481,2025-08-29,195.42,42.58,Paid,2025-09-09
481,2025-09-28,316.05,68.19,Partial,
482,2025-01-01,419.97,67.08,Partial,
482,2025-01-31,285.24,65.05,Paid,2025-02-07
482,2025-03-02,379.46,58.22,Unpaid,
482,2025-04-01,486.22,83.32,Partial,
482,2025-05-01,273.54,73.47,Unpaid,
482,2025-05-31,467.54,75.4,Partial,
482,2025-06-30,208.48,56.51,Partial,
482,2025-07-30,435.22,98.31,Partial,
482,2025-08-29,242.57,44.85,Unpaid,
482,2025-09-28,480.39,110.13,Paid,2025-10-12
483,2025-01-01,417.52,74.77,Paid,2025-01-12
483,2025-01-31,193.08,43.64,Paid,2025-02-12
483,2025-03-02,184.05,55.45,Partial,
483,2025-04-01,356.69,83.05,Unpaid,
483,2025-05-01,334.36,77.83,Partial,
483,2025-05-31,135.76,35.46,Unpaid,
483,2025-06-30,490.19,75.26,Unpaid,
483,2025-07-30,160.71,48.5,Unpaid,
483,2025-08-29,136.62,40.3,Paid,2025-09-08
483,2025-09-28,116.34,39.15,Paid,2025-10-11
484,2025-01-01,477.96,82.37,Unpaid,
484,2025-01-31,304.77,60.32,Unpaid,
484,2025-03-02,259.2,58.26,Partial,
484,2025-04-01,85.1,30.26,Partial,
484,2025-05-01,153.8,47.24,Unpaid,
484,2025-05-31,157.05,48.14,Paid,2025-06-14
484,2025-06-30,386.17,65.6,Paid,2025-07-09
484,2025-07-30,53.6,25.84,Partial,
484,2025-08-29,205.19,60.68,Paid,2025-09-02
484,2025-09-28,428.49,77.32,Paid,2025-10-07
485,2025-01-01,103.46,34.01,Paid,2025-01-10
485,2025-01-31,116.11,41.45,Partial,
485,2025-03-02,223.61,42.51,Partial,
485,2025-04-01,437.77,87.6,Unpaid,
485,2025-05-01,286.38,63.67,Partial,
485,2025-05-31,398.26,85.41,Partial,
485,2025-06-30,366.38,78.85,Unpaid,
485,2025-07-30,214.6,45.27,Paid,2025-08-06
485,2025-08-29,202.71,41.56,Partial,
485,2025-09-28,445.67,84.58,Unpaid,
486,2025-01-01,366.86,59.67,Unpaid,
486,2025-01-31,393.51,77.79,Paid,2025-02-09
486,2025-03-02,124.15,40.68,Paid,2025-03-08
486,2025-04-01,79.64,29.57,Unpaid,
486,2025-05-01,388.31,61.01,Partial,
486,2025-05-31,86.89,34.27,Unpaid,
486,2025-06-30,442.55,66.65,Paid,2025-07-11
486,2025-07-30,322.12,61.49,Partial,
486,2025-08-29,114.42,37.78,Paid,2025-09-13
486,2025-09-28,92.3,29.51,Paid,2025-10-09
487,2025-01-01,314.88,55.79,Partial,
487,2025-01-31,323.2,77.37,Paid,2025-02-04
487,2025-03-02,257.53,58.67,Paid,2025-03-09
487,2025-04-01,315.31,80.28,Paid,2025-04-10
487,2025-05-01,212.87,42.93,Unpaid,
487,2025-05-31,154.48,38.58,Unpaid,
487,2025-06-30,222.99,59.26,Unpaid,
487,2025-07-30,354.05,87.23,Partial,
487,2025-08-29,192.63,48.7,Unpaid,
487,2025-09-28,405.02,75.64,Paid,2025-10-01
488,2025-01-01,441.63,71.24,Unpaid,
488,2025-01-31,56.79,30.44,Partial,
488,2025-03-02,53.69,28.19,Partial,
488,2025-04-01,374.99,77.35,Partial,
488,2025-05-01,312.05,81.44,Partial,
488,2025-05-31,243.45,60.74,Paid,2025-06-08
488,2025-06-30,495.75,114.35,Paid,2025-07-15
488,2025-07-30,292.9,64.81,Paid,2025-08-07
488,2025-08-29,173.69,47.71,Partial,
488,2025-09-28,140.86,36.59,Unpaid,
489,2025-01-01,253.24,58.19,Paid,2025-01-09
489,2025-01-31,196.46,43.4,Paid,2025-02-09
489,2025-03-02,334.28,68.93,Partial,
489,2025-04-01,191.62,52.72,Unpaid,
489,2025-05-01,421.51,84.7,Unpaid,
489,2025-05-31,106.26,35.15,Partial,
489,2025-06-30,191.89,45.68,Unpaid,
489,2025-07-30,478.39,81.39,Partial,
489,2025-08-29,105.88,31.49,Unpaid,
489,2025-09-28,131.73,36.11,Paid,2025-10-11
490,2025-01-01,245.82,66.55,Unpaid,
490,2025-01-31,264.51,52.87,Partial,
490,2025-03-02,91.1,31.34,Partial,
490,2025-04-01,368.23,59.19,Unpaid,
490,2025-05-01,306.62,71.31,Partial,
490,2025-05-31,416.65,87.92,Partial,
490,2025-06-30,98.91,37.68,Partial,
490,2025-07-30,240.28,66.89,Partial,
490,2025-08-29,470.22,80.94,Paid,2025-09-11
490,2025-09-28,430.63,83.97,Paid,2025-10-12
491,2025-01-01,318.1,65.43,Partial,
491,2025-01-31,243.41,53.98,Paid,2025-02-15
491,2025-03-02,73.04,33.83,Partial,
491,2025-04-01,64.28,28.1,Unpaid,
491,2025-05-01,240.44,63.94,Paid,2025-05-12
491,2025-05-31,147.01,36.29,Partial,
491,2025-06-30,302.89,63.81,Paid,2025-06-30
491,2025-07-30,438.97,91.94,Partial,
491,2025-08-29,281.73,59.42,Paid,2025-09-03
491,2025-09-28,304.98,62.2,Partial,
492,2025-01-01,395.77,84.4,Paid,2025-01-15
492,2025-01-31,157.59,41.67,Paid,2025-02-06
492,2025-03-02,206.21,54.49,Partial,
492,2025-04-01,207.78,47.32,Paid,2025-04-10
492,2025-05-01,149.03,41.82,Paid,2025-05-07
492,2025-05-31,61.9,30.43,Unpaid,
492,2025-06-30,101.61,39.58,Unpaid,
492,2025-07-30,413.06,72.04,Paid,2025-08-03
492,2025-08-29,135.31,42.4,Partial,
492,2025-09-28,487.37,85.0,Partial,
493,2025-01-01,60.16,28.6,Partial,
493,2025-01-31,342.46,72.33,Partial,
493,2025-03-02,424.0,94.33,Unpaid,
493,2025-04-01,292.45,74.04,Unpaid,
493,2025-05-01,309.5,74.11,Paid,2025-05-03
493,2025-05-31,147.65,46.3,Partial,
493,2025-06-30,200.5,46.65,Partial,
493,2025-07-30,58.78,31.11,Paid,2025-08-12
493,2025-08-29,172.45,47.63,Unpaid,
493,2025-09-28,283.26,61.12,Paid,2025-09-30
494,2025-01-01,499.74,82.63,Unpaid,
494,2025-01-31,102.27,30.49,Partial,
494,2025-03-02,100.05,35.78,Unpaid,
494,2025-04-01,218.14,55.27,Unpaid,
494,2025-05-01,422.54,67.94,Paid,2025-05-08
494,2025-05-31,494.76,75.17,Partial,
494,2025-06-30,467.85,96.7,Unpaid,
494,2025-07-30,233.59,66.23,Partial,
494,2025-08-29,499.66,95.03,Paid,2025-09-09
494,2025-09-28,222.83,44.38,Unpaid,
495,2025-01-01,76.74,27.91,Partial,
495,2025-01-31,200.32,43.77,Paid,2025-02-12
495,2025-03-02,194.63,47.25,Paid,2025-03-16
495,2025-04-01,56.45,30.82,Unpaid,
495,2025-05-01,332.24,56.62,Paid,2025-05-11
495,2025-05-31,347.93,66.09,Paid,2025-06-06
495,2025-06-30,215.76,58.54,Unpaid,
495,2025-07-30,466.23,69.33,Partial,
495,2025-08-29,203.83,55.35,Unpaid,
495,2025-09-28,439.51,77.15,Partial,
496,2025-01-01,465.16,78.95,Paid,2025-01-15
496,2025-01-31,454.74,100.61,Paid,2025-02-06
496,2025-03-02,173.56,44.34,Unpaid,
496,2025-04-01,383.17,77.57,Unpaid,
496,2025-05-01,457.57,100.2,Paid,2025-05-09
496,2025-05-31,366.46,70.4,Paid,2025-06-07
496,2025-06-30,139.39,43.51,Unpaid,
496,2025-07-30,144.34,39.02,Unpaid,
496,2025-08-29,123.85,35.41,Partial,
496,2025-09-28,285.97,51.54,Partial,
497,2025-01-01,286.6,51.5,Paid,2025-01-12
497,2025-01-31,448.81,66.48,Paid,2025-02-12
497,2025-03-02,50.34,28.76,Unpaid,
497,2025-04-01,387.01,86.94,Paid,2025-04-03
497,2025-05-01,324.11,80.65,Partial,
497,2025-05-31,185.39,44.12,Partial,
497,2025-06-30,56.08,30.63,Unpaid,
497,2025-07-30,152.99,36.44,Paid,2025-08-09
497,2025-08-29,267.98,55.92,Partial,
497,2025-09-28,297.21,62.38,Paid,2025-10-13
498,2025-01-01,181.69,48.03,Partial,
498,2025-01-31,290.41,61.74,Partial,
498,2025-03-02,55.17,30.87,Paid,2025-03-06
498,2025-04-01,219.63,62.27,Unpaid,
498,2025-05-01,491.69,99.71,Paid,2025-05-13
498,2025-05-31,373.61,63.92,Unpaid,
498,2025-06-30,494.08,71.2,Unpaid,
498,2025-07-30,71.0,32.75,Partial,
498,2025-08-29,67.82,30.51,Unpaid,
498,2025-09-28,159.79,38.32,Partial,
499,2025-01-01,105.91,39.94,Partial,
499,2025-01-31,323.12,80.19,Partial,
499,2025-03-02,212.81,41.75,Partial,
499,2025-04-01,205.92,54.93,Paid,2025-04-05
499,2025-05-01,99.35,30.31,Partial,
499,2025-05-31,188.24,52.58,Paid,2025-06-03
499,2025-06-30,285.2,49.44,Unpaid,
499,2025-07-30,364.29,82.67,Paid,2025-08-09
499,2025-08-29,311.74,51.51,Paid,2025-09-09
499,2025-09-28,55.88,26.11,Paid,2025-10-08
500,2025-01-01,62.33,30.61,Unpaid,
500,2025-01-31,359.37,70.51,Partial,
500,2025-03-02,105.81,38.19,Partial,
500,2025-04-01,431.61,82.92,Partial,
500,2025-05-01,94.37,30.13,Paid,2025-05-09
500,2025-05-31,298.85,63.63,Unpaid,
500,2025-06-30,186.65,56.83,Unpaid,
500,2025-07-30,399.84,73.21,Paid,2025-08-14
500,2025-08-29,82.87,33.87,Partial,
500,2025-09-28,487.48,101.99,Paid,2025-10-10
501,2025-01-01,358.79,64.06,Unpaid,
501,2025-01-31,440.95,104.03,Partial,
501,2025-03-02,430.88,87.21,Partial,
501,2025-04-01,112.72,34.62,Partial,
501,2025-05-01,297.1,63.46,Unpaid,
501,2025-05-31,176.28,44.85,Partial,
501,2025-06-30,439.59,104.16,Unpaid,
501,2025-07-30,168.26,51.47,Unpaid,
501,2025-08-29,227.41,49.31,Unpaid,
501,2025-09-28,57.54,29.06,Paid,2025-09-30
502,2025-01-01,336.15,67.99,Paid,2025-01-13
502,2025-01-31,167.22,46.84,Partial,
502,2025-03-02,220.75,45.46,Paid,2025-03-16
502,2025-04-01,76.52,30.91,Partial,
502,2025-05-01,368.52,90.81,Unpaid,
502,2025-05-31,139.95,46.14,Partial,
502,2025-06-30,491.47,102.82,Partial,
502,2025-07-30,218.94,50.32,Unpaid,
502,2025-08-29,238.25,50.42,Paid,2025-09-01
502,2025-09-28,96.34,39.21,Paid,2025-10-11
503,2025-01-01,276.97,72.41,Paid,2025-01-13
503,2025-01-31,144.84,36.74,Partial,
503,2025-03-02,75.41,35.02,Paid,2025-03-02
503,2025-04-01,112.09,31.68,Partial,
503,2025-05-01,294.46,72.76,Unpaid,
503,2025-05-31,335.76,84.63,Unpaid,
503,2025-06-30,334.15,61.12,Paid,2025-06-30
503,2025-07-30,68.83,29.54,Paid,2025-08-02
503,2025-08-29,171.26,42.65,Partial,
503,2025-09-28,195.55,54.67,Unpaid,
504,2025-01-01,86.96,29.26,Unpaid,
504,2025-01-31,188.89,45.45,Unpaid,
504,2025-03-02,74.01,32.52,Paid,2025-03-04
504,2025-04-01,268.96,63.15,Paid,2025-04-16
504,2025-05-01,366.17,73.1,Paid,2025-05-11
504,2025-05-31,164.75,47.43,Unpaid,
504,2025-06-30,141.37,41.23,Paid,2025-07-02
504,2025-07-30,271.65,71.22,Unpaid,
504,2025-08-29,418.36,90.6,Unpaid,
504,2025-09-28,302.12,70.36,Unpaid,
505,2025-01-01,240.07,53.99,Unpaid,
505,2025-01-31,403.06,84.28,Partial,
505,2025-03-02,140.5,40.78,Partial,
505,2025-04-01,426.25,89.34,Partial,
505,2025-05-01,394.83,69.45,Partial,
505,2025-05-31,206.1,46.59,Partial,
505,2025-06-30,181.18,48.46,Partial,
505,2025-07-30,342.2,76.9,Unpaid,
505,2025-08-29,314.02,76.44,Unpaid,
505,2025-09-28,480.49,110.87,Partial,
506,2025-01-01,114.08,33.11,Unpaid,
506,2025-01-31,214.55,62.56,Partial,
506,2025-03-02,103.99,32.16,Partial,
506,2025-04-01,466.8,89.22,Unpaid,
506,2025-05-01,60.92,28.18,Partial,
506,2025-05-31,411.38,81.74,Partial,
506,2025-06-30,472.6,77.61,Paid,2025-07-04
506,2025-07-30,436.75,77.85,Paid,2025-08-09
506,2025-08-29,219.55,59.0,Unpaid,
506,2025-09-28,256.3,67.01,Unpaid,
507,2025-01-01,430.76,88.05,Unpaid,
507,2025-01-31,492.39,70.86,Partial,
507,2025-03-02,53.77,28.88,Unpaid,
507,2025-04-01,121.8,41.27,Partial,
507,2025-05-01,155.89,48.41,Paid,2025-05-03
507,2025-05-31,172.07,52.2,Partial,
507,2025-06-30,458.86,67.41,Unpaid,
507,2025-07-30,356.52,79.09,Unpaid,
507,2025-08-29,218.4,59.2,Partial,
507,2025-09-28,204.09,44.5,Paid,2025-10-12
508,2025-01-01,145.26,35.43,Paid,2025-01-08
508,2025-01-31,123.11,32.48,Paid,2025-02-15
508,2025-03-02,356.11,57.76,Unpaid,
508,2025-04-01,282.18,56.68,Partial,
508,2025-05-01,402.92,74.51,Unpaid,
508,2025-05-31,66.24,29.01,Partial,
508,2025-06-30,220.87,63.13,Partial,
508,2025-07-30,93.73,31.35,Partial,
508,2025-08-29,67.33,30.18,Unpaid,
508,2025-09-28,201.89,55.47,Paid,2025-09-30
509,2025-01-01,490.06,112.89,Partial,
509,2025-01-31,201.4,52.68,Partial,
509,2025-03-02,481.53,77.18,Partial,
509,2025-04-01,204.84,55.4,Partial,
509,2025-05-01,191.5,45.9,Partial,
509,2025-05-31,192.84,54.91,Unpaid,
509,2025-06-30,384.49,93.56,Paid,2025-07-04
509,2025-07-30,255.16,68.88,Paid,2025-08-14
509,2025-08-29,203.48,42.39,Paid,2025-09-06
509,2025-09-28,372.69,93.85,Partial,
510,2025-01-01,333.68,64.98,Unpaid,
510,2025-01-31,98.71,33.72,Unpaid,
510,2025-03-02,100.31,33.18,Unpaid,
510,2025-04-01,160.17,50.78,Unpaid,
510,2025-05-01,61.19,30.48,Partial,
510,2025-05-31,486.8,108.95,Unpaid,
510,2025-06-30,476.19,75.43,Unpaid,
510,2025-07-30,208.55,46.23,Partial,
510,2025-08-29,388.82,70.59,Paid,2025-09-09
510,2025-09-28,133.16,35.15,Paid,2025-09-28
511,2025-01-01,271.85,56.79,Unpaid,
511,2025-01-31,145.85,41.62,Paid,2025-02-02
511,2025-03-02,64.43,28.45,Unpaid,
511,2025-04-01,121.88,37.45,Paid,2025-04-13
511,2025-05-01,241.79,65.62,Unpaid,
511,2025-05-31,104.97,38.07,Partial,
511,2025-06-30,130.33,40.98,Paid,2025-07-13
511,2025-07-30,405.83,87.25,Paid,2025-07-30
511,2025-08-29,413.16,74.3,Unpaid,
511,2025-09-28,395.71,80.99,Partial,
512,2025-01-01,416.43,63.19,Paid,2025-01-07
512,2025-01-31,294.4,54.36,Paid,2025-02-09
512,2025-03-02,124.19,41.57,Partial,
512,2025-04-01,390.99,85.66,Paid,2025-04-06
512,2025-05-01,368.19,88.55,Unpaid,
512,2025-05-31,269.34,48.42,Unpaid,
512,2025-06-30,161.43,42.75,Paid,2025-07-14
512,2025-07-30,132.82,37.76,Partial,
512,2025-08-29,260.3,68.8,Paid,2025-08-29
512,2025-09-28,207.57,58.31,Unpaid,
513,2025-01-01,439.31,72.09,Unpaid,
513,2025-01-31,223.86,64.16,Partial,
513,2025-03-02,361.24,69.79,Partial,
513,2025-04-01,335.42,76.26,Partial,
513,2025-05-01,450.21,102.31,Unpaid,
513,2025-05-31,197.99,40.82,Partial,
513,2025-06-30,335.46,83.95,Partial,
513,2025-07-30,441.94,95.53,Unpaid,
513,2025-08-29,499.38,98.97,Unpaid,
513,2025-09-28,467.52,77.75,Unpaid,
514,2025-01-01,444.69,100.96,Paid,2025-01-03
514,2025-01-31,397.99,82.33,Partial,
514,2025-03-02,206.55,41.33,Paid,2025-03-13
514,2025-04-01,437.05,69.96,Unpaid,
514,2025-05-01,203.71,55.86,Paid,2025-05-02
514,2025-05-31,325.33,64.52,Unpaid,
514,2025-06-30,357.55,72.93,Partial,
514,2025-07-30,311.7,77.57,Unpaid,
514,2025-08-29,332.86,74.69,Partial,
514,2025-09-28,256.76,63.87,Unpaid,
515,2025-01-01,155.73,49.49,Paid,2025-01-16
515,2025-01-31,367.32,82.03,Paid,2025-02-06
515,2025-03-02,279.84,55.55,Partial,
515,2025-04-01,180.81,49.38,Unpaid,
515,2025-05-01,413.18,63.61,Paid,2025-05-09
515,2025-05-31,180.14,50.88,Partial,
515,2025-06-30,344.96,84.44,Paid,2025-07-10
515,2025-07-30,167.53,43.44,Partial,
515,2025-08-29,345.99,67.53,Unpaid,
515,2025-09-28,250.78,65.68,Paid,2025-10-07
516,2025-01-01,62.44,29.38,Paid,2025-01-11
516,2025-01-31,269.67,57.34,Paid,2025-02-02
516,2025-03-02,287.79,77.49,Partial,
516,2025-04-01,353.9,58.0,Unpaid,
516,2025-05-01,250.41,47.3,Unpaid,
516,2025-05-31,210.9,55.0,Paid,2025-06-12
516,2025-06-30,164.36,44.68,Paid,2025-07-11
516,2025-07-30,490.47,116.44,Partial,
516,2025-08-29,246.96,51.92,Partial,
516,2025-09-28,373.02,65.27,Unpaid,
517,2025-01-01,401.99,63.83,Unpaid,
517,2025-01-31,73.25,32.03,Unpaid,
517,2025-03-02,397.55,80.95,Paid,2025-03-06
517,2025-04-01,136.14,43.65,Unpaid,
517,2025-05-01,424.64,91.98,Partial,
517,2025-05-31,404.28,65.23,Unpaid,
517,2025-06-30,487.93,95.77,Unpaid,
517,2025-07-30,488.66,85.8,Paid,2025-08-03
517,2025-08-29,291.05,61.98,Paid,2025-09-10
517,2025-09-28,390.64,62.06,Paid,2025-10-12
518,2025-01-01,240.94,62.44,Unpaid,
518,2025-01-31,215.45,44.95,Paid,2025-02-09
518,2025-03-02,456.41,69.4,Unpaid,
518,2025-04-01,107.71,34.06,Unpaid,
518,2025-05-01,214.89,48.15,Partial,
518,2025-05-31,216.11,59.96,Unpaid,
518,2025-06-30,413.94,86.79,Unpaid,
518,2025-07-30,127.43,34.14,Partial,
518,2025-08-29,283.88,56.76,Paid,2025-09-07
518,2025-09-28,60.06,28.44,Partial,
519,2025-01-01,213.57,61.0,Partial,
519,2025-01-31,492.44,89.09,Partial,
519,2025-03-02,397.48,81.34,Unpaid,
519,2025-04-01,95.01,37.23,Paid,2025-04-13
519,2025-05-01,486.87,97.02,Unpaid,
519,2025-05-31,144.87,36.54,Partial,
519,2025-06-30,135.65,38.78,Unpaid,
519,2025-07-30,382.26,63.62,Partial,
519,2025-08-29,469.83,84.09,Partial,
519,2025-09-28,420.76,76.98,Unpaid,
520,2025-01-01,83.74,33.24,Unpaid,
520,2025-01-31,128.52,40.68,Paid,2025-02-02
520,2025-03-02,457.68,94.78,Unpaid,
520,2025-04-01,173.96,38.06,Paid,2025-04-14
520,2025-05-01,179.78,46.54,Unpaid,
520,2025-05-31,125.72,43.57,Partial,
520,2025-06-30,317.78,80.05,Unpaid,
520,2025-07-30,219.08,57.66,Partial,
520,2025-08-29,105.8,37.01,Partial,
520,2025-09-28,356.18,68.98,Paid,2025-10-03
521,2025-01-01,354.91,76.7,Partial,
521,2025-01-31,136.05,40.49,Paid,2025-02-08
521,2025-03-02,331.45,63.82,Partial,
521,2025-04-01,215.08,60.58,Partial,
521,2025-05-01,492.45,90.36,Unpaid,
521,2025-05-31,404.9,68.81,Unpaid,
521,2025-06-30,367.7,69.41,Unpaid,
521,2025-07-30,63.54,26.49,Partial,
521,2025-08-29,326.82,59.85,Unpaid,
521,2025-09-28,96.24,36.3,Partial,
522,2025-01-01,286.61,66.01,Paid,2025-01-08
522,2025-01-31,213.81,53.48,Unpaid,
522,2025-03-02,476.1,75.56,Unpaid,
522,2025-04-01,483.04,116.17,Paid,2025-04-12
522,2025-05-01,280.38,65.81,Paid,2025-05-08
522,2025-05-31,345.2,66.34,Unpaid,
522,2025-06-30,492.93,102.89,Unpaid,
522,2025-07-30,56.22,25.8,Paid,2025-08-02
522,2025-08-29,67.22,30.81,Partial,
522,2025-09-28,116.13,32.97,Partial,
523,2025-01-01,321.78,61.48,Partial,
523,2025-01-31,52.33,27.12,Unpaid,
523,2025-03-02,365.03,58.62,Unpaid,
523,2025-04-01,466.28,67.58,Paid,2025-04-10
523,2025-05-01,439.99,81.76,Unpaid,
523,2025-05-31,408.54,64.72,Partial,
523,2025-06-30,220.26,48.53,Partial,
523,2025-07-30,463.34,76.25,Partial,
523,2025-08-29,499.16,93.01,Partial,
523,2025-09-28,485.33,105.45,Unpaid,
524,2025-01-01,442.14,102.31,Paid,2025-01-02
524,2025-01-31,221.18,54.16,Unpaid,
524,2025-03-02,118.45,34.99,Unpaid,
524,2025-04-01,152.54,42.43,Partial,
524,2025-05-01,337.44,79.33,Unpaid,
524,2025-05-31,204.27,46.99,Partial,
524,2025-06-30,343.76,83.98,Paid,2025-07-10
524,2025-07-30,422.67,87.47,Paid,2025-08-11
524,2025-08-29,335.26,72.9,Partial,
524,2025-09-28,112.95,39.77,Paid,2025-10-10
525,2025-01-01,80.02,34.32,Paid,2025-01-09
525,2025-01-31,315.87,54.64,Paid,2025-02-08
525,2025-03-02,180.99,51.14,Paid,2025-03-02
525,2025-04-01,124.1,39.43,Paid,2025-04-13
525,2025-05-01,309.76,81.22,Paid,2025-05-01
525,2025-05-31,398.93,75.98,Unpaid,
525,2025-06-30,307.57,77.16,Paid,2025-07-14
525,2025-07-30,219.26,42.91,Unpaid,
525,2025-08-29,200.72,41.76,Partial,
525,2025-09-28,315.22,77.81,Paid,2025-10-05
526,2025-01-01,390.51,79.6,Unpaid,
526,2025-01-31,202.34,54.94,Unpaid,
526,2025-03-02,231.74,50.74,Unpaid,
526,2025-04-01,225.71,59.78,Partial,
526,2025-05-01,351.28,69.09,Unpaid,
526,2025-05-31,62.18,32.0,Partial,
526,2025-06-30,367.72,76.3,Partial,
526,2025-07-30,258.15,67.16,Partial,
526,2025-08-29,143.56,43.83,Partial,
526,2025-09-28,466.82,110.41,Unpaid,
527,2025-01-01,306.59,67.45,Paid,2025-01-05
527,2025-01-31,384.14,75.63,Unpaid,
527,2025-03-02,384.04,72.24,Unpaid,
527,2025-04-01,383.3,90.85,Unpaid,
527,2025-05-01,351.03,80.18,Partial,
527,2025-05-31,425.28,88.88,Paid,2025-06-12
527,2025-06-30,280.01,63.14,Partial,
527,2025-07-30,299.8,76.26,Partial,
527,2025-08-29,383.34,63.77,Unpaid,
527,2025-09-28,220.0,61.37,Paid,2025-10-10
528,2025-01-01,281.9,51.72,Partial,
528,2025-01-31,129.85,41.21,Paid,2025-02-08
528,2025-03-02,114.11,41.21,Partial,
528,2025-04-01,457.08,107.21,Unpaid,
528,2025-05-01,285.72,50.83,Paid,2025-05-05
528,2025-05-31,405.96,83.45,Partial,
528,2025-06-30,490.77,116.25,Paid,2025-07-13
528,2025-07-30,473.07,77.41,Unpaid,
528,2025-08-29,168.71,38.37,Unpaid,
528,2025-09-28,434.54,100.95,Unpaid,
529,2025-01-01,188.24,48.73,Paid,2025-01-08
529,2025-01-31,305.59,75.89,Unpaid,
529,2025-03-02,88.05,30.91,Partial,
529,2025-04-01,177.7,40.74,Partial,
529,2025-05-01,95.33,29.83,Unpaid,
529,2025-05-31,434.19,89.23,Unpaid,
529,2025-06-30,286.12,74.61,Unpaid,
529,2025-07-30,398.36,87.67,Partial,
529,2025-08-29,436.22,73.23,Unpaid,
529,2025-09-28,497.38,77.34,Unpaid,
530,2025-01-01,311.61,75.35,Unpaid,
530,2025-01-31,160.91,44.35,Unpaid,
530,2025-03-02,86.0,36.51,Unpaid,
530,2025-04-01,103.78,34.86,Paid,2025-04-07
530,2025-05-01,312.48,75.61,Unpaid,
530,2025-05-31,276.14,51.99,Paid,2025-06-15
530,2025-06-30,102.5,39.12,Unpaid,
530,2025-07-30,244.86,57.71,Unpaid,
530,2025-08-29,245.96,48.74,Paid,2025-09-10
530,2025-09-28,268.53,52.66,Unpaid,
531,2025-01-01,448.18,88.59,Partial,
531,2025-01-31,423.87,75.41,Partial,
531,2025-03-02,121.02,42.44,Paid,2025-03-10
531,2025-04-01,436.93,89.12,Partial,
531,2025-05-01,122.62,37.0,Partial,
531,2025-05-31,120.51,38.85,Partial,
531,2025-06-30,150.26,46.95,Partial,
531,2025-07-30,97.53,39.16,Partial,
531,2025-08-29,285.24,75.56,Paid,2025-09-09
531,2025-09-28,430.13,89.45,Paid,2025-10-06
532,2025-01-01,213.3,47.04,Partial,
532,2025-01-31,97.31,30.2,Unpaid,
532,2025-03-02,305.17,67.11,Partial,
532,2025-04-01,142.21,44.78,Paid,2025-04-02
532,2025-05-01,346.0,80.9,Partial,
532,2025-05-31,452.91,82.55,Partial,
532,2025-06-30,270.39,50.79,Unpaid,
532,2025-07-30,221.97,51.74,Partial,
532,2025-08-29,324.68,79.31,Partial,
532,2025-09-28,453.91,100.94,Unpaid,
533,2025-01-01,433.85,91.18,Paid,2025-01-06
533,2025-01-31,174.4,49.46,Partial,
533,2025-03-02,290.2,49.16,Paid,2025-03-13
533,2025-04-01,181.72,48.55,Partial,
533,2025-05-01,83.96,35.13,Unpaid,
533,2025-05-31,431.62,84.12,Paid,2025-06-05
533,2025-06-30,89.03,32.95,Unpaid,
533,2025-07-30,177.79,53.73,Partial,
533,2025-08-29,392.56,69.76,Unpaid,
533,2025-09-28,458.37,82.63,Paid,2025-10-03
534,2025-01-01,162.27,39.05,Partial,
534,2025-01-31,262.77,71.07,Partial,
534,2025-03-02,492.72,88.54,Unpaid,
534,2025-04-01,267.4,54.27,Partial,
534,2025-05-01,147.37,48.91,Unpaid,
534,2025-05-31,254.1,63.21,Paid,2025-06-13
534,2025-06-30,183.58,38.58,Partial,
534,2025-07-30,132.53,37.23,Partial,
534,2025-08-29,210.73,56.79,Unpaid,
534,2025-09-28,126.05,32.66,Partial,
535,2025-01-01,272.11,70.37,Unpaid,
535,2025-01-31,461.33,83.52,Paid,2025-02-12
535,2025-03-02,478.73,110.44,Unpaid,
535,2025-04-01,449.67,68.26,Partial,
535,2025-05-01,285.7,54.36,Paid,2025-05-15
535,2025-05-31,61.78,32.3,Partial,
535,2025-06-30,357.61,64.44,Unpaid,
535,2025-07-30,348.46,67.0,Paid,2025-08-11
535,2025-08-29,111.45,33.49,Partial,
535,2025-09-28,77.75,33.43,Partial,
536,2025-01-01,52.56,26.64,Partial,
536,2025-01-31,387.75,92.65,Unpaid,
536,2025-03-02,73.31,30.41,Unpaid,
536,2025-04-01,222.11,58.31,Unpaid,
536,2025-05-01,386.21,81.97,Partial,
536,2025-05-31,456.21,100.74,Paid,2025-06-09
536,2025-06-30,190.18,40.45,Partial,
536,2025-07-30,471.0,100.23,Paid,2025-08-13
536,2025-08-29,228.96,43.1,Paid,2025-09-12
536,2025-09-28,272.48,58.49,Partial,
537,2025-01-01,338.08,71.53,Partial,
537,2025-01-31,492.55,107.43,Unpaid,
537,2025-03-02,305.39,76.34,Partial,
537,2025-04-01,479.96,104.51,Partial,
537,2025-05-01,82.14,34.5,Unpaid,
537,2025-05-31,99.4,37.06,Unpaid,
537,2025-06-30,64.61,28.41,Partial,
537,2025-07-30,411.9,82.55,Paid,2025-08-01
537,2025-08-29,140.99,46.57,Paid,2025-08-31
537,2025-09-28,155.26,50.42,Paid,2025-10-05
538,2025-01-01,350.91,84.96,Unpaid,
538,2025-01-31,114.96,41.5,Unpaid,
538,2025-03-02,91.0,35.75,Paid,2025-03-16
538,2025-04-01,185.74,50.97,Partial,
538,2025-05-01,280.68,53.63,Partial,
538,2025-05-31,267.52,47.51,Unpaid,
538,2025-06-30,307.3,75.42,Partial,
538,2025-07-30,253.64,48.41,Paid,2025-07-31
538,2025-08-29,170.25,40.25,Partial,
538,2025-09-28,165.25,41.52,Partial,
539,2025-01-01,360.25,77.03,Unpaid,
539,2025-01-31,239.47,48.02,Paid,2025-02-14
539,2025-03-02,244.33,46.12,Paid,2025-03-04
539,2025-04-01,214.87,47.07,Unpaid,
539,2025-05-01,464.03,109.04,Partial,
539,2025-05-31,331.62,64.64,Partial,
539,2025-06-30,449.31,81.54,Partial,
539,2025-07-30,240.77,60.9,Paid,2025-07-30
539,2025-08-29,271.71,50.47,Unpaid,
539,2025-09-28,417.96,101.91,Partial,
540,2025-01-01,362.28,61.75,Partial,
540,2025-01-31,198.39,44.12,Unpaid,
540,2025-03-02,142.7,44.44,Partial,
540,2025-04-01,316.16,52.47,Paid,2025-04-16
540,2025-05-01,444.4,83.07,Unpaid,
540,2025-05-31,331.02,80.07,Unpaid,
540,2025-06-30,340.34,73.25,Partial,
540,2025-07-30,220.68,50.15,Partial,
540,2025-08-29,417.28,77.57,Unpaid,
540,2025-09-28,52.96,26.72,Paid,2025-10-05
541,2025-01-01,236.03,50.15,Unpaid,
541,2025-01-31,358.81,74.69,Unpaid,
541,2025-03-02,487.76,89.56,Paid,2025-03-14
541,2025-04-01,408.82,76.83,Unpaid,
541,2025-05-01,390.91,71.18,Unpaid,
541,2025-05-31,217.87,60.29,Paid,2025-06-15
541,2025-06-30,201.31,40.99,Paid,2025-07-04
541,2025-07-30,403.36,99.36,Unpaid,
541,2025-08-29,412.88,84.55,Paid,2025-09-03
541,2025-09-28,248.91,51.71,Paid,2025-10-13
542,2025-01-01,232.92,63.21,Partial,
542,2025-01-31,266.87,58.06,Unpaid,
542,2025-03-02,205.44,58.08,Unpaid,
542,2025-04-01,128.89,45.21,Unpaid,
542,2025-05-01,251.78,52.62,Partial,
542,2025-05-31,357.62,56.64,Paid,2025-06-15
542,2025-06-30,444.9,79.22,Partial,
542,2025-07-30,224.95,45.41,Paid,2025-08-06
542,2025-08-29,405.09,70.24,Partial,
542,2025-09-28,417.48,85.28,Paid,2025-10-02
543,2025-01-01,348.91,85.97,Unpaid,
543,2025-01-31,458.41,79.04,Unpaid,
543,2025-03-02,411.02,77.28,Paid,2025-03-07
543,2025-04-01,415.17,81.94,Partial,
543,2025-05-01,297.63,58.31,Paid,2025-05-02
543,2025-05-31,372.45,69.26,Paid,2025-06-07
543,2025-06-30,128.83,40.55,Partial,
543,2025-07-30,124.35,37.05,Unpaid,
543,2025-08-29,136.61,33.74,Unpaid,
543,2025-09-28,74.75,30.05,Unpaid,
544,2025-01-01,376.42,65.96,Partial,
544,2025-01-31,97.77,33.58,Unpaid,
544,2025-03-02,109.07,31.96,Unpaid,
544,2025-04-01,67.76,27.2,Partial,
544,2025-05-01,162.14,50.22,Unpaid,
544,2025-05-31,192.83,55.65,Unpaid,
544,2025-06-30,153.6,45.54,Paid,2025-07-11
544,2025-07-30,75.84,32.51,Partial,
544,2025-08-29,316.42,58.44,Paid,2025-08-30
544,2025-09-28,97.78,35.35,Partial,
545,2025-01-01,80.78,31.12,Paid,2025-01-13
545,2025-01-31,417.64,70.16,Paid,2025-01-31
545,2025-03-02,390.01,82.08,Partial,
545,2025-04-01,57.39,26.9,Unpaid,
545,2025-05-01,87.78,34.9,Unpaid,
545,2025-05-31,92.23,33.67,Unpaid,
545,2025-06-30,493.04,98.74,Unpaid,
545,2025-07-30,167.26,41.55,Paid,2025-08-14
545,2025-08-29,132.69,37.08,Partial,
545,2025-09-28,354.3,58.34,Paid,2025-09-29
546,2025-01-01,394.45,66.84,Unpaid,
546,2025-01-31,85.9,35.61,Paid,2025-02-15
546,2025-03-02,155.32,43.83,Unpaid,
546,2025-04-01,257.55,64.37,Partial,
546,2025-05-01,156.01,47.78,Partial,
546,2025-05-31,331.03,76.01,Partial,
546,2025-06-30,394.89,59.64,Unpaid,
546,2025-07-30,358.49,60.52,Partial,
546,2025-08-29,407.08,91.33,Partial,
546,2025-09-28,418.81,65.08,Unpaid,
547,2025-01-01,222.67,59.02,Unpaid,
547,2025-01-31,255.7,46.5,Unpaid,
547,2025-03-02,355.2,60.33,Partial,
547,2025-04-01,236.89,60.92,Paid,2025-04-01
547,2025-05-01,64.75,29.41,Unpaid,
547,2025-05-31,61.98,27.12,Paid,2025-06-03
547,2025-06-30,96.17,35.46,Unpaid,
547,2025-07-30,360.25,73.55,Paid,2025-08-08
547,2025-08-29,362.73,73.5,Partial,
547,2025-09-28,409.01,68.32,Paid,2025-10-13
548,2025-01-01,93.8,29.66,Unpaid,
548,2025-01-31,359.43,80.85,Unpaid,
548,2025-03-02,179.3,40.04,Paid,2025-03-14
548,2025-04-01,373.92,78.22,Paid,2025-04-12
548,2025-05-01,395.06,93.53,Unpaid,
548,2025-05-31,442.26,89.38,Paid,2025-06-08
548,2025-06-30,93.25,31.67,Paid,2025-07-05
548,2025-07-30,412.23,99.03,Partial,
548,2025-08-29,446.66,65.81,Paid,2025-09-02
548,2025-09-28,314.5,80.67,Partial,
549,2025-01-01,335.07,79.33,Partial,
549,2025-01-31,273.58,52.62,Unpaid,
549,2025-03-02,442.17,78.03,Partial,
549,2025-04-01,259.39,59.62,Unpaid,
549,2025-05-01,53.34,26.98,Unpaid,
549,2025-05-31,85.67,32.42,Paid,2025-06-06
549,2025-06-30,225.41,51.69,Partial,
549,2025-07-30,201.48,57.21,Partial,
549,2025-08-29,429.1,90.84,Unpaid,
549,2025-09-28,398.73,88.08,Paid,2025-10-04
550,2025-01-01,456.94,97.78,Partial,
550,2025-01-31,467.18,72.28,Partial,
550,2025-03-02,421.37,92.93,Paid,2025-03-12
550,2025-04-01,112.16,31.52,Paid,2025-04-04
550,2025-05-01,229.53,56.94,Paid,2025-05-07
550,2025-05-31,136.0,35.46,Paid,2025-06-08
550,2025-06-30,435.04,68.68,Paid,2025-07-07
550,2025-07-30,123.62,40.44,Paid,2025-08-05
550,2025-08-29,153.64,39.79,Unpaid,
550,2025-09-28,200.65,59.57,Paid,2025-10-13
551,2025-01-01,399.8,95.31,Partial,
551,2025-01-31,316.12,71.9,Paid,2025-02-10
551,2025-03-02,252.56,57.78,Paid,2025-03-11
551,2025-04-01,79.49,31.67,Unpaid,
551,2025-05-01,209.09,61.74,Paid,2025-05-06
551,2025-05-31,422.99,71.31,Unpaid,
551,2025-06-30,231.52,51.57,Unpaid,
551,2025-07-30,191.07,43.04,Unpaid,
551,2025-08-29,89.69,37.33,Unpaid,
551,2025-09-28,312.4,65.19,Partial,
552,2025-01-01,181.48,49.3,Partial,
552,2025-01-31,372.9,86.92,Partial,
552,2025-03-02,339.04,61.97,Unpaid,
552,2025-04-01,337.44,56.51,Unpaid,
552,2025-05-01,182.1,49.23,Paid,2025-05-11
552,2025-05-31,313.45,73.11,Unpaid,
552,2025-06-30,179.81,40.44,Partial,
552,2025-07-30,298.15,56.15,Paid,2025-08-07
552,2025-08-29,203.47,51.57,Paid,2025-08-31
552,2025-09-28,301.47,75.59,Partial,
553,2025-01-01,433.01,105.93,Paid,2025-01-05
553,2025-01-31,220.72,42.32,Paid,2025-02-13
553,2025-03-02,230.88,46.19,Paid,2025-03-05
553,2025-04-01,447.53,106.62,Paid,2025-04-08
553,2025-05-01,339.38,74.1,Paid,2025-05-05
553,2025-05-31,352.11,84.19,Unpaid,
553,2025-06-30,354.04,63.46,Paid,2025-07-10
553,2025-07-30,485.77,76.77,Paid,2025-08-14
553,2025-08-29,249.27,68.46,Unpaid,
553,2025-09-28,142.31,36.77,Partial,
554,2025-01-01,109.83,31.39,Unpaid,
554,2025-01-31,331.22,81.34,Unpaid,
554,2025-03-02,297.87,75.49,Paid,2025-03-17
554,2025-04-01,72.46,27.35,Paid,2025-04-15
554,2025-05-01,382.06,72.54,Unpaid,
554,2025-05-31,154.82,50.01,Partial,
554,2025-06-30,275.54,50.0,Paid,2025-07-12
554,2025-07-30,407.6,86.79,Partial,
554,2025-08-29,461.53,77.91,Partial,
554,2025-09-28,189.71,43.41,Partial,
555,2025-01-01,499.8,100.76,Paid,2025-01-15
555,2025-01-31,317.28,53.74,Partial,
555,2025-03-02,119.66,36.52,Paid,2025-03-08
555,2025-04-01,496.47,108.01,Unpaid,
555,2025-05-01,475.71,100.68,Paid,2025-05-11
555,2025-05-31,191.18,46.5,Partial,
555,2025-06-30,317.02,53.11,Unpaid,
555,2025-07-30,50.44,25.39,Paid,2025-08-09
555,2025-08-29,321.66,65.93,Unpaid,
555,2025-09-28,273.44,65.15,Unpaid,
556,2025-01-01,279.43,64.52,Unpaid,
556,2025-01-31,138.0,38.5,Unpaid,
556,2025-03-02,79.05,34.91,Partial,
556,2025-04-01,159.07,47.87,Unpaid,
556,2025-05-01,194.71,49.51,Unpaid,
556,2025-05-31,73.55,29.42,Paid,2025-06-05
556,2025-06-30,450.47,68.94,Partial,
556,2025-07-30,233.07,62.77,Partial,
556,2025-08-29,51.45,26.81,Unpaid,
556,2025-09-28,129.7,42.16,Partial,
557,2025-01-01,295.23,63.71,Partial,
557,2025-01-31,318.75,64.5,Paid,2025-02-15
557,2025-03-02,320.72,83.01,Paid,2025-03-05
557,2025-04-01,478.36,89.11,Paid,2025-04-04
557,2025-05-01,398.14,69.95,Paid,2025-05-15
557,2025-05-31,473.22,75.47,Unpaid,
557,2025-06-30,304.84,80.84,Partial,
557,2025-07-30,181.46,42.29,Partial,
557,2025-08-29,403.23,85.6,Paid,2025-09-08
557,2025-09-28,358.92,86.91,Paid,2025-09-28
558,2025-01-01,235.11,64.15,Partial,
558,2025-01-31,494.76,104.13,Partial,
558,2025-03-02,95.8,37.74,Paid,2025-03-08
558,2025-04-01,407.97,80.58,Unpaid,
558,2025-05-01,410.65,92.74,Partial,
558,2025-05-31,398.15,93.45,Partial,
558,2025-06-30,265.61,68.98,Unpaid,
558,2025-07-30,239.21,54.58,Unpaid,
558,2025-08-29,84.95,33.53,Partial,
558,2025-09-28,153.19,35.88,Paid,2025-10-07
559,2025-01-01,152.68,41.42,Unpaid,
559,2025-01-31,322.17,73.17,Unpaid,
559,2025-03-02,61.67,26.44,Unpaid,
559,2025-04-01,220.29,43.29,Partial,
559,2025-05-01,145.56,39.68,Partial,
559,2025-05-31,381.01,72.77,Paid,2025-06-04
559,2025-06-30,227.84,64.7,Paid,2025-07-12
559,2025-07-30,126.17,32.64,Paid,2025-08-12
559,2025-08-29,211.05,50.69,Partial,
559,2025-09-28,133.73,38.51,Unpaid,
560,2025-01-01,151.4,41.24,Unpaid,
560,2025-01-31,199.99,55.05,Partial,
560,2025-03-02,333.9,69.93,Paid,2025-03-12
560,2025-04-01,422.8,67.53,Partial,
560,2025-05-01,92.47,36.95,Partial,
560,2025-05-31,108.28,37.32,Partial,
560,2025-06-30,495.29,89.59,Partial,
560,2025-07-30,173.94,54.62,Unpaid,
560,2025-08-29,232.7,58.42,Unpaid,
560,2025-09-28,498.56,85.69,Partial,
561,2025-01-01,446.47,82.61,Partial,
561,2025-01-31,291.87,50.39,Paid,2025-02-01
561,2025-03-02,291.56,51.39,Partial,
561,2025-04-01,267.26,67.45,Paid,2025-04-02
561,2025-05-01,157.12,44.58,Unpaid,
561,2025-05-31,477.35,102.13,Paid,2025-06-15
561,2025-06-30,162.42,36.25,Unpaid,
561,2025-07-30,361.18,82.47,Paid,2025-08-06
561,2025-08-29,275.81,50.71,Partial,
561,2025-09-28,289.51,67.8,Partial,
562,2025-01-01,192.5,52.05,Paid,2025-01-01
562,2025-01-31,55.26,27.47,Partial,
562,2025-03-02,170.24,37.91,Paid,2025-03-14
562,2025-04-01,467.43,98.77,Unpaid,
562,2025-05-01,278.23,67.6,Paid,2025-05-12
562,2025-05-31,196.06,58.27,Partial,
562,2025-06-30,106.69,35.95,Partial,
562,2025-07-30,138.12,46.89,Paid,2025-08-14
562,2025-08-29,424.19,82.84,Paid,2025-08-30
562,2025-09-28,386.69,83.66,Unpaid,
563,2025-01-01,229.5,51.25,Partial,
563,2025-01-31,253.82,62.24,Unpaid,
563,2025-03-02,264.87,55.88,Unpaid,
563,2025-04-01,147.53,41.66,Unpaid,
563,2025-05-01,195.54,54.22,Partial,
563,2025-05-31,302.46,73.04,Paid,2025-06-10
563,2025-06-30,80.77,35.08,Paid,2025-07-13
563,2025-07-30,169.61,49.86,Unpaid,
563,2025-08-29,52.49,28.27,Unpaid,
563,2025-09-28,151.42,37.58,Unpaid,
564,2025-01-01,279.99,54.35,Unpaid,
564,2025-01-31,299.94,72.06,Paid,2025-02-04
564,2025-03-02,60.86,30.59,Paid,2025-03-09
564,2025-04-01,357.21,71.83,Partial,
564,2025-05-01,430.56,85.94,Partial,
564,2025-05-31,301.38,59.7,Partial,
564,2025-06-30,129.7,39.38,Paid,2025-07-08
564,2025-07-30,281.34,57.6,Unpaid,
564,2025-08-29,207.34,46.0,Partial,
564,2025-09-28,440.49,66.63,Paid,2025-10-01
565,2025-01-01,382.46,77.32,Paid,2025-01-09
565,2025-01-31,347.84,82.18,Partial,
565,2025-03-02,210.96,58.4,Unpaid,
565,2025-04-01,467.59,110.64,Partial,
565,2025-05-01,410.88,72.9,Paid,2025-05-16
565,2025-05-31,64.77,29.76,Paid,2025-06-15
565,2025-06-30,311.07,52.31,Unpaid,
565,2025-07-30,332.99,84.6,Paid,2025-07-31
565,2025-08-29,99.7,33.12,Partial,
565,2025-09-28,96.08,35.42,Unpaid,
566,2025-01-01,172.37,38.21,Partial,
566,2025-01-31,437.08,78.25,Unpaid,
566,2025-03-02,147.94,41.63,Partial,
566,2025-04-01,424.19,86.8,Paid,2025-04-14
566,2025-05-01,406.69,61.83,Partial,
566,2025-05-31,448.69,66.03,Partial,
566,2025-06-30,66.47,30.22,Paid,2025-07-11
566,2025-07-30,210.65,47.22,Paid,2025-08-11
566,2025-08-29,244.38,67.4,Paid,2025-09-12
566,2025-09-28,446.97,83.33,Paid,2025-09-28
567,2025-01-01,469.67,70.32,Partial,
567,2025-01-31,294.24,53.39,Unpaid,
567,2025-03-02,311.16,74.32,Unpaid,
567,2025-04-01,305.34,68.57,Unpaid,
567,2025-05-01,220.6,52.68,Unpaid,
567,2025-05-31,120.73,42.39,Paid,2025-06-07
567,2025-06-30,291.51,56.18,Unpaid,
567,2025-07-30,294.61,59.0,Paid,2025-08-12
567,2025-08-29,85.38,32.5,Unpaid,
567,2025-09-28,111.94,38.36,Paid,2025-10-02
568,2025-01-01,477.86,114.58,Paid,2025-01-02
568,2025-01-31,162.15,38.91,Paid,2025-02-05
568,2025-03-02,172.24,52.69,Partial,
568,2025-04-01,442.49,90.75,Paid,2025-04-05
568,2025-05-01,50.21,26.75,Unpaid,
568,2025-05-31,182.56,46.04,Partial,
568,2025-06-30,157.33,36.08,Partial,
568,2025-07-30,285.8,65.65,Paid,2025-08-06
568,2025-08-29,484.51,101.38,Unpaid,
568,2025-09-28,459.99,93.02,Paid,2025-09-28
569,2025-01-01,452.76,79.33,Partial,
569,2025-01-31,498.36,110.88,Partial,
569,2025-03-02,252.49,52.04,Partial,
569,2025-04-01,193.57,55.6,Partial,
569,2025-05-01,94.47,38.64,Partial,
569,2025-05-31,56.18,30.8,Unpaid,
569,2025-06-30,355.6,87.7,Paid,2025-07-02
569,2025-07-30,357.74,77.09,Paid,2025-08-01
569,2025-08-29,168.48,50.22,Partial,
569,2025-09-28,312.11,57.13,Partial,
570,2025-01-01,313.93,57.61,Unpaid,
570,2025-01-31,264.96,64.21,Unpaid,
570,2025-03-02,173.72,43.92,Partial,
570,2025-04-01,205.86,56.26,Partial,
570,2025-05-01,84.87,33.03,Unpaid,
570,2025-05-31,157.9,41.3,Paid,2025-06-11
570,2025-06-30,470.76,109.79,Paid,2025-07-03
570,2025-07-30,125.57,44.6,Unpaid,
570,2025-08-29,393.64,82.37,Unpaid,
570,2025-09-28,61.74,31.9,Paid,2025-10-12
571,2025-01-01,231.2,56.65,Paid,2025-01-10
571,2025-01-31,356.47,85.82,Unpaid,
571,2025-03-02,254.07,53.26,Partial,
571,2025-04-01,453.12,107.98,Unpaid,
571,2025-05-01,271.91,61.55,Partial,
571,2025-05-31,470.81,72.37,Unpaid,
571,2025-06-30,357.61,66.71,Partial,
571,2025-07-30,128.46,37.49,Partial,
571,2025-08-29,160.35,38.48,Paid,2025-09-02
571,2025-09-28,61.26,27.97,Unpaid,
572,2025-01-01,53.99,27.59,Paid,2025-01-08
572,2025-01-31,152.74,46.84,Paid,2025-02-14
572,2025-03-02,423.59,77.02,Paid,2025-03-17
572,2025-04-01,207.61,41.92,Partial,
572,2025-05-01,415.4,92.53,Unpaid,
572,2025-05-31,274.99,55.65,Unpaid,
572,2025-06-30,275.18,65.7,Unpaid,
572,2025-07-30,473.57,114.12,Unpaid,
572,2025-08-29,307.59,57.12,Unpaid,
572,2025-09-28,224.18,47.36,Partial,
573,2025-01-01,118.8,36.77,Partial,
573,2025-01-31,496.06,114.64,Partial,
573,2025-03-02,220.22,44.28,Unpaid,
573,2025-04-01,242.82,58.67,Partial,
573,2025-05-01,413.59,96.77,Paid,2025-05-11
573,2025-05-31,494.74,100.11,Partial,
573,2025-06-30,480.03,101.23,Partial,
573,2025-07-30,150.55,38.45,Unpaid,
573,2025-08-29,219.41,58.72,Paid,2025-09-08
573,2025-09-28,351.64,73.37,Unpaid,
574,2025-01-01,191.19,46.92,Unpaid,
574,2025-01-31,186.37,56.55,Partial,
574,2025-03-02,170.62,49.44,Paid,2025-03-12
574,2025-04-01,340.52,67.48,Paid,2025-04-13
574,2025-05-01,352.42,65.78,Partial,
574,2025-05-31,242.23,49.91,Partial,
574,2025-06-30,470.87,82.01,Paid,2025-06-30
574,2025-07-30,275.97,52.8,Partial,
574,2025-08-29,202.02,52.9,Partial,
574,2025-09-28,355.93,86.49,Paid,2025-10-09
575,2025-01-01,306.11,51.6,Partial,
575,2025-01-31,232.38,56.45,Unpaid,
575,2025-03-02,447.52,80.44,Unpaid,
575,2025-04-01,118.85,32.34,Paid,2025-04-10
575,2025-05-01,421.11,103.25,Paid,2025-05-04
575,2025-05-31,215.23,48.64,Partial,
575,2025-06-30,421.37,81.56,Partial,
575,2025-07-30,480.25,107.93,Partial,
575,2025-08-29,263.09,58.47,Paid,2025-09-05
575,2025-09-28,111.06,32.19,Paid,2025-10-07
576,2025-01-01,472.54,85.73,Unpaid,
576,2025-01-31,293.76,56.01,Partial,
576,2025-03-02,324.27,57.91,Paid,2025-03-03
576,2025-04-01,204.93,51.87,Unpaid,
576,2025-05-01,173.47,47.15,Paid,2025-05-01
576,2025-05-31,345.08,64.38,Unpaid,
576,2025-06-30,72.84,28.68,Unpaid,
576,2025-07-30,59.2,29.94,Partial,
576,2025-08-29,390.99,98.12,Partial,
576,2025-09-28,305.85,70.89,Partial,
577,2025-01-01,447.16,89.87,Partial,
577,2025-01-31,371.81,82.57,Partial,
577,2025-03-02,377.03,66.04,Partial,
577,2025-04-01,56.97,25.88,Partial,
577,2025-05-01,314.52,66.11,Partial,
577,2025-05-31,341.22,57.96,Paid,2025-06-15
577,2025-06-30,318.67,70.99,Unpaid,
577,2025-07-30,50.13,28.72,Unpaid,
577,2025-08-29,109.49,40.72,Partial,
577,2025-09-28,450.85,68.13,Unpaid,
578,2025-01-01,114.21,37.11,Paid,2025-01-14
578,2025-01-31,249.83,50.25,Paid,2025-01-31
578,2025-03-02,157.28,50.03,Partial,
578,2025-04-01,145.23,43.37,Unpaid,
578,2025-05-01,324.52,77.95,Unpaid,
578,2025-05-31,298.62,71.1,Paid,2025-06-11
578,2025-06-30,133.61,33.82,Paid,2025-07-10
578,2025-07-30,319.55,77.67,Partial,
578,2025-08-29,484.13,91.2,Paid,2025-09-12
578,2025-09-28,289.56,49.97,Partial,
579,2025-01-01,212.69,50.9,Partial,
579,2025-01-31,326.82,83.14,Paid,2025-02-03
579,2025-03-02,454.11,95.37,Partial,
579,2025-04-01,272.06,63.89,Paid,2025-04-11
579,2025-05-01,236.12,45.6,Unpaid,
579,2025-05-31,466.05,91.31,Partial,
579,2025-06-30,55.18,29.64,Paid,2025-07-12
579,2025-07-30,183.19,48.88,Unpaid,
579,2025-08-29,136.99,44.65,Unpaid,
579,2025-09-28,482.03,109.56,Paid,2025-10-13
580,2025-01-01,136.78,45.3,Partial,
580,2025-01-31,117.87,33.67,Paid,2025-02-06
580,2025-03-02,378.49,78.36,Paid,2025-03-15
580,2025-04-01,363.3,57.99,Partial,
580,2025-05-01,162.22,49.48,Unpaid,
580,2025-05-31,56.26,27.95,Partial,
580,2025-06-30,274.57,51.21,Paid,2025-07-03
580,2025-07-30,240.28,58.34,Unpaid,
580,2025-08-29,142.31,45.06,Paid,2025-09-08
580,2025-09-28,449.4,91.45,Paid,2025-10-08
581,2025-01-01,449.63,108.33,Unpaid,
581,2025-01-31,156.59,41.86,Partial,
581,2025-03-02,280.03,50.3,Unpaid,
581,2025-04-01,87.4,31.79,Paid,2025-04-14
581,2025-05-01,421.79,70.63,Paid,2025-05-05
581,2025-05-31,179.18,44.67,Paid,2025-06-09
581,2025-06-30,470.31,76.33,Partial,
581,2025-07-30,432.65,67.74,Paid,2025-07-31
581,2025-08-29,231.6,44.88,Unpaid,
581,2025-09-28,282.05,62.85,Partial,
582,2025-01-01,482.21,107.78,Paid,2025-01-10
582,2025-01-31,147.74,39.52,Paid,2025-02-04
582,2025-03-02,434.39,82.4,Paid,2025-03-03
582,2025-04-01,412.34,70.51,Partial,
582,2025-05-01,147.11,38.93,Partial,
582,2025-05-31,317.96,56.67,Unpaid,
582,2025-06-30,201.69,45.14,Partial,
582,2025-07-30,71.83,29.34,Partial,
582,2025-08-29,390.9,72.68,Paid,2025-09-03
582,2025-09-28,451.54,104.07,Paid,2025-10-12
583,2025-01-01,176.36,54.71,Unpaid,
583,2025-01-31,122.7,44.31,Partial,
583,2025-03-02,235.81,57.8,Partial,
583,2025-04-01,348.64,75.4,Paid,2025-04-05
583,2025-05-01,106.83,37.38,Unpaid,
583,2025-05-31,258.34,58.67,Paid,2025-06-15
583,2025-06-30,454.33,86.63,Partial,
583,2025-07-30,397.26,97.3,Unpaid,
583,2025-08-29,283.75,58.84,Paid,2025-09-09
583,2025-09-28,412.56,89.38,Partial,
584,2025-01-01,266.32,63.04,Partial,
584,2025-01-31,187.35,49.99,Partial,
584,2025-03-02,188.57,48.48,Partial,
584,2025-04-01,279.65,53.23,Partial,
584,2025-05-01,73.28,31.98,Unpaid,
584,2025-05-31,403.37,76.1,Paid,2025-06-04
584,2025-06-30,133.01,41.33,Unpaid,
584,2025-07-30,423.19,100.43,Partial,
584,2025-08-29,120.02,32.33,Paid,2025-08-31
584,2025-09-28,361.38,67.81,Paid,2025-10-03
585,2025-01-01,315.68,65.71,Unpaid,
585,2025-01-31,227.78,62.33,Paid,2025-02-09
585,2025-03-02,284.75,66.48,Partial,
585,2025-04-01,220.02,56.65,Partial,
585,2025-05-01,408.62,77.65,Unpaid,
585,2025-05-31,376.8,94.99,Paid,2025-06-05
585,2025-06-30,202.34,52.5,Paid,2025-07-10
585,2025-07-30,95.81,37.44,Paid,2025-08-14
585,2025-08-29,140.82,47.54,Unpaid,
585,2025-09-28,483.38,106.51,Paid,2025-09-29
586,2025-01-01,281.83,54.5,Paid,2025-01-01
586,2025-01-31,496.24,81.96,Paid,2025-02-11
586,2025-03-02,308.01,66.33,Paid,2025-03-07
586,2025-04-01,447.28,92.15,Paid,2025-04-16
586,2025-05-01,129.07,41.8,Paid,2025-05-03
586,2025-05-31,97.86,34.26,Partial,
586,2025-06-30,433.15,77.57,Paid,2025-07-07
586,2025-07-30,367.61,57.51,Unpaid,
586,2025-08-29,93.24,30.53,Partial,
586,2025-09-28,70.09,33.37,Unpaid,
587,2025-01-01,283.75,59.85,Unpaid,
587,2025-01-31,126.04,39.8,Unpaid,
587,2025-03-02,268.6,47.28,Unpaid,
587,2025-04-01,329.92,69.57,Unpaid,
587,2025-05-01,379.2,87.31,Partial,
587,2025-05-31,395.44,93.85,Unpaid,
587,2025-06-30,378.24,79.72,Paid,2025-07-09
587,2025-07-30,255.96,52.04,Paid,2025-08-02
587,2025-08-29,387.34,84.72,Paid,2025-09-06
587,2025-09-28,344.18,63.77,Paid,2025-09-28
588,2025-01-01,66.96,27.01,Paid,2025-01-12
588,2025-01-31,392.34,70.04,Partial,
588,2025-03-02,406.22,66.64,Partial,
588,2025-04-01,339.63,81.28,Partial,
588,2025-05-01,364.79,89.24,Partial,
588,2025-05-31,436.68,75.22,Unpaid,
588,2025-06-30,193.5,52.45,Paid,2025-07-11
588,2025-07-30,464.26,92.91,Partial,
588,2025-08-29,414.68,97.37,Partial,
588,2025-09-28,492.33,102.14,Partial,
589,2025-01-01,262.87,48.34,Unpaid,
589,2025-01-31,110.79,38.12,Paid,2025-02-15
589,2025-03-02,101.93,31.35,Partial,
589,2025-04-01,189.31,46.4,Partial,
589,2025-05-01,124.69,40.57,Unpaid,
589,2025-05-31,446.1,75.63,Paid,2025-06-10
589,2025-06-30,214.39,51.05,Paid,2025-07-08
589,2025-07-30,388.65,62.64,Partial,
589,2025-08-29,92.16,33.07,Unpaid,
589,2025-09-28,238.51,63.63,Unpaid,
590,2025-01-01,230.36,52.41,Paid,2025-01-14
590,2025-01-31,68.46,27.75,Paid,2025-02-09
590,2025-03-02,179.34,46.41,Partial,
590,2025-04-01,135.13,39.97,Partial,
590,2025-05-01,176.13,48.73,Partial,
590,2025-05-31,391.92,92.7,Partial,
590,2025-06-30,185.4,51.87,Paid,2025-07-08
590,2025-07-30,231.09,59.18,Paid,2025-08-10
590,2025-08-29,79.49,32.52,Unpaid,
590,2025-09-28,156.08,40.99,Paid,2025-10-10
591,2025-01-01,465.27,74.14,Partial,
591,2025-01-31,63.91,32.22,Paid,2025-02-01
591,2025-03-02,464.41,108.39,Partial,
591,2025-04-01,293.29,50.39,Unpaid,
591,2025-05-01,300.19,55.28,Unpaid,
591,2025-05-31,396.59,81.09,Paid,2025-06-10
591,2025-06-30,53.35,28.99,Paid,2025-07-04
591,2025-07-30,53.14,27.5,Unpaid,
591,2025-08-29,235.81,59.3,Paid,2025-09-03
591,2025-09-28,376.96,69.57,Partial,
592,2025-01-01,438.42,84.89,Unpaid,
592,2025-01-31,140.26,46.55,Unpaid,
592,2025-03-02,148.34,35.8,Unpaid,
592,2025-04-01,491.52,72.25,Paid,2025-04-07
592,2025-05-01,298.85,71.33,Unpaid,
592,2025-05-31,180.94,40.08,Paid,2025-06-07
592,2025-06-30,404.1,100.59,Unpaid,
592,2025-07-30,425.27,103.43,Unpaid,
592,2025-08-29,471.18,80.54,Unpaid,
592,2025-09-28,114.64,36.25,Unpaid,
593,2025-01-01,338.59,54.93,Partial,
593,2025-01-31,421.31,78.55,Paid,2025-02-11
593,2025-03-02,219.12,48.07,Paid,2025-03-14
593,2025-04-01,187.08,44.13,Paid,2025-04-03
593,2025-05-01,298.24,71.73,Unpaid,
593,2025-05-31,107.06,40.7,Paid,2025-06-09
593,2025-06-30,308.09,69.13,Paid,2025-07-03
593,2025-07-30,57.81,28.73,Paid,2025-08-02
593,2025-08-29,425.53,70.93,Partial,
593,2025-09-28,371.0,62.36,Unpaid,
594,2025-01-01,231.47,46.01,Unpaid,
594,2025-01-31,166.64,49.36,Paid,2025-02-14
594,2025-03-02,195.17,53.73,Partial,
594,2025-04-01,396.82,60.07,Paid,2025-04-02
594,2025-05-01,86.42,35.53,Paid,2025-05-15
594,2025-05-31,469.32,88.51,Partial,
594,2025-06-30,444.29,92.52,Paid,2025-07-03
594,2025-07-30,337.43,78.79,Unpaid,
594,2025-08-29,499.68,109.2,Paid,2025-09-03
594,2025-09-28,346.91,69.97,Unpaid,
595,2025-01-01,190.99,56.18,Paid,2025-01-01
595,2025-01-31,140.82,36.47,Partial,
595,2025-03-02,303.19,80.37,Paid,2025-03-12
595,2025-04-01,262.16,62.68,Paid,2025-04-10
595,2025-05-01,342.31,75.58,Partial,
595,2025-05-31,441.8,91.99,Paid,2025-06-14
595,2025-06-30,197.18,56.09,Unpaid,
595,2025-07-30,193.37,45.58,Partial,
595,2025-08-29,433.19,93.76,Paid,2025-09-08
595,2025-09-28,414.65,72.69,Unpaid,
596,2025-01-01,73.41,33.52,Unpaid,
596,2025-01-31,50.83,26.44,Partial,
596,2025-03-02,414.84,69.61,Paid,2025-03-04
596,2025-04-01,480.57,108.29,Unpaid,
596,2025-05-01,346.63,80.69,Unpaid,
596,2025-05-31,134.16,44.87,Paid,2025-06-07
596,2025-06-30,214.81,55.13,Unpaid,
596,2025-07-30,400.71,73.47,Unpaid,
596,2025-08-29,435.38,99.41,Paid,2025-08-31
596,2025-09-28,72.61,33.02,Unpaid,
597,2025-01-01,181.03,46.85,Partial,
597,2025-01-31,435.1,82.38,Unpaid,
597,2025-03-02,89.19,37.07,Unpaid,
597,2025-04-01,160.11,37.09,Unpaid,
597,2025-05-01,208.41,53.68,Partial,
597,2025-05-31,63.56,30.11,Unpaid,
597,2025-06-30,351.59,62.29,Paid,2025-07-08
597,2025-07-30,242.69,57.36,Partial,
597,2025-08-29,367.98,88.0,Paid,2025-09-07
597,2025-09-28,229.18,59.21,Partial,
598,2025-01-01,120.51,40.23,Partial,
598,2025-01-31,50.99,25.23,Unpaid,
598,2025-03-02,304.83,73.49,Unpaid,
598,2025-04-01,303.39,57.31,Unpaid,
598,2025-05-01,106.04,39.44,Partial,
598,2025-05-31,411.73,92.74,Unpaid,
598,2025-06-30,291.52,62.3,Partial,
598,2025-07-30,318.08,55.37,Paid,2025-07-31
598,2025-08-29,187.65,52.38,Partial,
598,2025-09-28,201.88,51.02,Paid,2025-10-06
599,2025-01-01,114.99,42.88,Unpaid,
599,2025-01-31,345.36,82.02,Partial,
599,2025-03-02,265.39,57.44,Paid,2025-03-10
599,2025-04-01,107.85,33.49,Unpaid,
599,2025-05-01,327.22,75.52,Paid,2025-05-10
599,2025-05-31,493.95,100.44,Partial,
599,2025-06-30,439.17,78.22,Partial,
599,2025-07-30,227.89,65.37,Paid,2025-08-12
599,2025-08-29,126.95,39.59,Unpaid,
599,2025-09-28,219.35,62.82,Unpaid,
600,2025-01-01,350.99,82.89,Paid,2025-01-01
600,2025-01-31,350.28,77.64,Partial,
600,2025-03-02,486.73,94.66,Unpaid,
600,2025-04-01,365.53,75.91,Partial,
600,2025-05-01,441.33,82.82,Partial,
600,2025-05-31,92.21,34.74,Paid,2025-05-31
600,2025-06-30,130.06,42.14,Partial,
600,2025-07-30,172.73,40.35,Paid,2025-08-07
600,2025-08-29,189.14,47.35,Paid,2025-09-02
600,2025-09-28,88.93,36.55,Unpaid,
601,2025-01-01,303.82,73.54,Unpaid,
601,2025-01-31,200.39,47.09,Paid,2025-02-13
601,2025-03-02,409.36,96.16,Unpaid,
601,2025-04-01,213.41,46.65,Unpaid,
601,2025-05-01,190.7,50.72,Paid,2025-05-07
601,2025-05-31,69.38,31.38,Unpaid,
601,2025-06-30,271.4,53.07,Partial,
601,2025-07-30,177.79,54.26,Paid,2025-08-13
601,2025-08-29,92.02,36.98,Unpaid,
601,2025-09-28,347.95,56.22,Paid,2025-10-01
602,2025-01-01,485.44,104.69,Unpaid,
602,2025-01-31,233.58,55.19,Unpaid,
602,2025-03-02,105.79,34.43,Partial,
602,2025-04-01,153.25,37.61,Paid,2025-04-02
602,2025-05-01,214.42,55.73,Unpaid,
602,2025-05-31,63.74,26.72,Partial,
602,2025-06-30,384.29,80.43,Partial,
602,2025-07-30,404.65,66.2,Unpaid,
602,2025-08-29,429.52,98.18,Partial,
602,2025-09-28,406.76,61.48,Unpaid,
603,2025-01-01,451.6,80.11,Partial,
603,2025-01-31,311.16,71.91,Partial,
603,2025-03-02,170.72,47.65,Partial,
603,2025-04-01,330.72,67.82,Paid,2025-04-13
603,2025-05-01,167.86,38.66,Partial,
603,2025-05-31,298.59,60.96,Partial,
603,2025-06-30,433.78,73.8,Unpaid,
603,2025-07-30,78.2,31.01,Partial,
603,2025-08-29,412.57,70.83,Partial,
603,2025-09-28,316.94,78.04,Partial,
604,2025-01-01,177.07,44.31,Unpaid,
604,2025-01-31,196.66,58.31,Partial,
604,2025-03-02,465.27,77.82,Unpaid,
604,2025-04-01,137.46,44.02,Unpaid,
604,2025-05-01,88.64,37.14,Paid,2025-05-09
604,2025-05-31,196.94,46.21,Unpaid,
604,2025-06-30,313.33,66.82,Unpaid,
604,2025-07-30,214.93,49.04,Paid,2025-07-31
604,2025-08-29,169.84,51.84,Unpaid,
604,2025-09-28,335.69,84.99,Partial,
605,2025-01-01,491.94,81.98,Unpaid,
605,2025-01-31,63.23,29.79,Paid,2025-02-06
605,2025-03-02,380.31,71.4,Paid,2025-03-13
605,2025-04-01,381.11,89.27,Paid,2025-04-07
605,2025-05-01,473.03,75.01,Unpaid,
605,2025-05-31,415.69,82.5,Unpaid,
605,2025-06-30,137.67,36.04,Paid,2025-07-05
605,2025-07-30,443.33,70.96,Partial,
605,2025-08-29,472.29,81.61,Partial,
605,2025-09-28,383.89,70.14,Unpaid,
606,2025-01-01,406.04,90.47,Paid,2025-01-01
606,2025-01-31,374.54,58.11,Partial,
606,2025-03-02,76.44,30.98,Paid,2025-03-12
606,2025-04-01,191.07,46.9,Partial,
606,2025-05-01,156.42,43.87,Unpaid,
606,2025-05-31,88.39,34.07,Paid,2025-06-05
606,2025-06-30,427.31,66.07,Partial,
606,2025-07-30,487.03,90.51,Paid,2025-08-07
606,2025-08-29,256.81,60.24,Unpaid,
606,2025-09-28,336.48,61.7,Unpaid,
607,2025-01-01,152.52,37.16,Unpaid,
607,2025-01-31,386.53,96.86,Partial,
607,2025-03-02,448.95,94.29,Partial,
607,2025-04-01,167.39,49.0,Unpaid,
607,2025-05-01,364.03,85.54,Partial,
607,2025-05-31,493.77,84.72,Partial,
607,2025-06-30,492.98,77.33,Unpaid,
607,2025-07-30,168.31,37.41,Unpaid,
607,2025-08-29,498.86,70.01,Unpaid,
607,2025-09-28,389.8,86.82,Partial,
608,2025-01-01,66.54,29.13,Unpaid,
608,2025-01-31,323.06,71.16,Unpaid,
608,2025-03-02,405.7,70.69,Partial,
608,2025-04-01,372.57,71.58,Paid,2025-04-03
608,2025-05-01,377.35,61.83,Unpaid,
608,2025-05-31,148.72,43.24,Unpaid,
608,2025-06-30,357.04,69.48,Unpaid,
608,2025-07-30,252.07,51.5,Partial,
608,2025-08-29,201.15,54.43,Unpaid,
608,2025-09-28,99.68,35.63,Unpaid,
609,2025-01-01,293.87,65.54,Unpaid,
609,2025-01-31,220.48,46.33,Paid,2025-02-09
609,2025-03-02,335.45,79.06,Partial,
609,2025-04-01,367.15,88.85,Unpaid,
609,2025-05-01,446.52,76.43,Partial,
609,2025-05-31,358.4,59.01,Partial,
609,2025-06-30,334.29,81.35,Unpaid,
609,2025-07-30,388.39,90.72,Paid,2025-07-31
609,2025-08-29,333.51,69.92,Unpaid,
609,2025-09-28,125.73,36.21,Paid,2025-10-02
610,2025-01-01,216.83,44.27,Paid,2025-01-06
610,2025-01-31,382.22,75.46,Partial,
610,2025-03-02,62.76,26.29,Paid,2025-03-17
610,2025-04-01,374.95,78.76,Partial,
610,2025-05-01,471.54,68.89,Paid,2025-05-04
610,2025-05-31,367.52,74.34,Paid,2025-06-06
610,2025-06-30,163.1,40.21,Paid,2025-07-12
610,2025-07-30,311.17,80.18,Partial,
610,2025-08-29,122.64,32.89,Paid,2025-09-06
610,2025-09-28,425.69,83.48,Unpaid,
611,2025-01-01,322.32,81.76,Partial,
611,2025-01-31,442.01,70.63,Unpaid,
611,2025-03-02,158.86,51.0,Unpaid,
611,2025-04-01,355.18,60.35,Unpaid,
611,2025-05-01,303.43,56.99,Unpaid,
611,2025-05-31,290.17,58.03,Paid,2025-06-02
611,2025-06-30,176.2,50.54,Paid,2025-07-08
611,2025-07-30,461.52,89.02,Unpaid,
611,2025-08-29,393.17,89.05,Partial,
611,2025-09-28,400.08,80.61,Unpaid,
612,2025-01-01,201.87,59.93,Unpaid,
612,2025-01-31,252.96,62.87,Partial,
612,2025-03-02,383.36,63.93,Partial,
612,2025-04-01,126.47,37.69,Paid,2025-04-15
612,2025-05-01,83.23,33.6,Paid,2025-05-10
612,2025-05-31,342.51,71.92,Paid,2025-06-11
612,2025-06-30,464.9,87.54,Paid,2025-07-10
612,2025-07-30,321.73,62.05,Paid,2025-08-06
612,2025-08-29,402.11,97.82,Partial,
612,2025-09-28,238.78,56.86,Unpaid,
613,2025-01-01,224.59,42.97,Unpaid,
613,2025-01-31,304.51,60.3,Paid,2025-02-11
613,2025-03-02,234.19,43.68,Unpaid,
613,2025-04-01,446.92,107.87,Partial,
613,2025-05-01,274.29,67.84,Paid,2025-05-03
613,2025-05-31,165.83,38.16,Partial,
613,2025-06-30,155.92,43.7,Paid,2025-07-05
613,2025-07-30,443.4,92.22,Partial,
613,2025-08-29,110.6,33.39,Paid,2025-09-05
613,2025-09-28,281.5,73.61,Unpaid,
614,2025-01-01,267.99,58.6,Paid,2025-01-13
614,2025-01-31,271.32,70.38,Paid,2025-02-13
614,2025-03-02,181.85,45.99,Unpaid,
614,2025-04-01,294.37,54.34,Paid,2025-04-08
614,2025-05-01,227.62,44.09,Unpaid,
614,2025-05-31,224.27,57.35,Partial,
614,2025-06-30,272.01,64.47,Partial,
614,2025-07-30,488.55,92.73,Unpaid,
614,2025-08-29,114.85,31.49,Paid,2025-08-30
614,2025-09-28,480.64,112.56,Unpaid,
615,2025-01-01,178.72,46.64,Unpaid,
615,2025-01-31,67.55,28.77,Partial,
615,2025-03-02,425.54,96.31,Partial,
615,2025-04-01,381.51,70.86,Partial,
615,2025-05-01,290.49,57.41,Unpaid,
615,2025-05-31,248.47,65.26,Partial,
615,2025-06-30,343.2,76.87,Unpaid,
615,2025-07-30,390.97,96.56,Partial,
615,2025-08-29,378.37,82.99,Paid,2025-09-13
615,2025-09-28,397.57,82.68,Partial,
616,2025-01-01,429.76,81.1,Unpaid,
616,2025-01-31,274.27,73.52,Paid,2025-02-02
616,2025-03-02,480.47,112.09,Paid,2025-03-09
616,2025-04-01,368.39,77.19,Paid,2025-04-08
616,2025-05-01,68.07,30.05,Unpaid,
616,2025-05-31,395.12,98.44,Unpaid,
616,2025-06-30,481.62,92.59,Partial,
616,2025-07-30,266.94,68.81,Partial,
616,2025-08-29,281.99,60.33,Paid,2025-09-05
616,2025-09-28,219.47,54.31,Partial,
617,2025-01-01,410.85,79.32,Unpaid,
617,2025-01-31,473.77,67.44,Partial,
617,2025-03-02,238.4,48.64,Paid,2025-03-02
617,2025-04-01,276.28,49.97,Paid,2025-04-11
617,2025-05-01,476.65,86.51,Partial,
617,2025-05-31,178.06,49.42,Paid,2025-06-05
617,2025-06-30,165.68,45.1,Paid,2025-06-30
617,2025-07-30,162.07,39.35,Paid,2025-08-06
617,2025-08-29,115.8,42.12,Paid,2025-09-02
617,2025-09-28,410.41,96.62,Paid,2025-10-09
618,2025-01-01,453.99,86.19,Unpaid,
618,2025-01-31,116.72,31.69,Unpaid,
618,2025-03-02,399.42,94.71,Partial,
618,2025-04-01,469.6,67.25,Partial,
618,2025-05-01,185.97,54.46,Paid,2025-05-03
618,2025-05-31,112.96,33.19,Paid,2025-06-06
618,2025-06-30,324.83,66.78,Unpaid,
618,2025-07-30,140.63,39.76,Partial,
618,2025-08-29,263.85,60.4,Partial,
618,2025-09-28,319.61,55.36,Paid,2025-10-03
619,2025-01-01,375.79,64.22,Paid,2025-01-14
619,2025-01-31,393.84,83.47,Unpaid,
619,2025-03-02,418.79,62.98,Paid,2025-03-14
619,2025-04-01,291.86,66.7,Partial,
619,2025-05-01,283.81,56.72,Partial,
619,2025-05-31,152.01,42.22,Partial,
619,2025-06-30,98.49,32.56,Partial,
619,2025-07-30,262.27,60.01,Partial,
619,2025-08-29,132.74,42.36,Paid,2025-09-03
619,2025-09-28,319.25,52.7,Partial,
620,2025-01-01,325.55,85.09,Partial,
620,2025-01-31,244.31,68.25,Unpaid,
620,2025-03-02,356.46,72.55,Paid,2025-03-06
620,2025-04-01,325.76,75.28,Partial,
620,2025-05-01,458.69,78.07,Unpaid,
620,2025-05-31,214.37,52.31,Unpaid,
620,2025-06-30,122.41,39.11,Unpaid,
620,2025-07-30,292.73,68.3,Partial,
620,2025-08-29,415.13,97.38,Paid,2025-09-04
620,2025-09-28,382.37,59.88,Unpaid,
621,2025-01-01,423.02,94.35,Paid,2025-01-03
621,2025-01-31,288.0,63.31,Unpaid,
621,2025-03-02,152.46,41.42,Unpaid,
621,2025-04-01,192.43,55.46,Unpaid,
621,2025-05-01,393.38,84.79,Unpaid,
621,2025-05-31,397.36,82.57,Partial,
621,2025-06-30,173.59,46.44,Paid,2025-07-03
621,2025-07-30,225.87,55.32,Paid,2025-08-13
621,2025-08-29,104.26,30.87,Paid,2025-09-03
621,2025-09-28,197.53,51.5,Partial,
622,2025-01-01,434.88,83.13,Unpaid,
622,2025-01-31,418.01,76.59,Partial,
622,2025-03-02,289.62,67.57,Paid,2025-03-15
622,2025-04-01,430.97,101.04,Unpaid,
622,2025-05-01,222.74,55.12,Partial,
622,2025-05-31,114.31,34.21,Unpaid,
622,2025-06-30,75.9,28.08,Partial,
622,2025-07-30,217.77,55.94,Unpaid,
622,2025-08-29,50.03,28.87,Unpaid,
622,2025-09-28,449.71,104.74,Paid,2025-10-05
623,2025-01-01,399.61,66.79,Paid,2025-01-10
623,2025-01-31,121.43,38.13,Partial,
623,2025-03-02,217.64,59.77,Paid,2025-03-04
623,2025-04-01,432.45,85.4,Unpaid,
623,2025-05-01,191.1,41.01,Unpaid,
623,2025-05-31,217.06,58.65,Paid,2025-06-01
623,2025-06-30,404.22,87.79,Paid,2025-07-05
623,2025-07-30,264.6,54.79,Unpaid,
623,2025-08-29,447.92,89.35,Partial,
623,2025-09-28,430.87,73.51,Partial,
624,2025-01-01,148.74,38.58,Unpaid,
624,2025-01-31,270.27,62.42,Unpaid,
624,2025-03-02,254.59,55.05,Paid,2025-03-07
624,2025-04-01,231.12,44.79,Paid,2025-04-03
624,2025-05-01,488.25,79.72,Partial,
624,2025-05-31,493.82,88.51,Unpaid,
624,2025-06-30,438.11,67.07,Unpaid,
624,2025-07-30,349.52,66.02,Paid,2025-08-08
624,2025-08-29,461.91,88.4,Partial,
624,2025-09-28,226.55,47.48,Paid,2025-10-04
625,2025-01-01,262.33,72.1,Unpaid,
625,2025-01-31,391.07,78.46,Paid,2025-02-11
625,2025-03-02,231.53,53.44,Partial,
625,2025-04-01,488.56,70.65,Paid,2025-04-16
625,2025-05-01,450.1,79.37,Paid,2025-05-02
625,2025-05-31,73.96,30.59,Unpaid,
625,2025-06-30,419.16,100.9,Unpaid,
625,2025-07-30,230.83,50.23,Paid,2025-08-11
625,2025-08-29,108.56,35.78,Unpaid,
625,2025-09-28,210.99,60.21,Partial,
626,2025-01-01,454.36,89.3,Partial,
626,2025-01-31,359.31,75.64,Paid,2025-02-01
626,2025-03-02,362.3,91.98,Partial,
626,2025-04-01,490.37,117.26,Paid,2025-04-16
626,2025-05-01,65.5,31.73,Paid,2025-05-05
626,2025-05-31,105.14,36.51,Unpaid,
626,2025-06-30,443.45,100.56,Partial,
626,2025-07-30,157.83,48.99,Partial,
626,2025-08-29,388.24,61.82,Paid,2025-09-04
626,2025-09-28,273.76,50.88,Partial,
627,2025-01-01,475.05,74.7,Unpaid,
627,2025-01-31,88.21,35.75,Partial,
627,2025-03-02,265.2,49.12,Partial,
627,2025-04-01,357.5,66.56,Unpaid,
627,2025-05-01,357.37,60.93,Unpaid,
627,2025-05-31,62.96,29.67,Partial,
627,2025-06-30,307.03,70.86,Unpaid,
627,2025-07-30,418.29,68.58,Paid,2025-08-13
627,2025-08-29,234.37,50.06,Partial,
627,2025-09-28,70.75,33.16,Partial,
628,2025-01-01,469.4,88.72,Paid,2025-01-09
628,2025-01-31,117.37,32.02,Partial,
628,2025-03-02,376.01,71.08,Unpaid,
628,2025-04-01,217.85,45.87,Unpaid,
628,2025-05-01,442.88,91.37,Unpaid,
628,2025-05-31,421.42,75.48,Partial,
628,2025-06-30,469.45,107.18,Unpaid,
628,2025-07-30,441.36,64.59,Partial,
628,2025-08-29,236.65,61.34,Partial,
628,2025-09-28,167.56,36.95,Partial,
629,2025-01-01,351.72,62.43,Partial,
629,2025-01-31,260.56,52.23,Paid,2025-02-04
629,2025-03-02,149.25,46.87,Paid,2025-03-04
629,2025-04-01,304.93,53.28,Partial,
629,2025-05-01,137.26,43.59,Partial,
629,2025-05-31,451.08,70.04,Unpaid,
629,2025-06-30,285.39,69.9,Paid,2025-07-12
629,2025-07-30,363.65,62.43,Partial,
629,2025-08-29,177.13,38.29,Partial,
629,2025-09-28,365.91,92.04,Partial,
630,2025-01-01,143.43,41.89,Partial,
630,2025-01-31,148.25,38.38,Unpaid,
630,2025-03-02,269.67,64.78,Unpaid,
630,2025-04-01,441.3,79.29,Partial,
630,2025-05-01,224.45,49.07,Partial,
630,2025-05-31,198.3,54.23,Paid,2025-06-02
630,2025-06-30,248.9,66.13,Unpaid,
630,2025-07-30,188.19,41.39,Partial,
630,2025-08-29,469.45,106.15,Partial,
630,2025-09-28,181.74,49.63,Partial,
631,2025-01-01,320.46,62.39,Partial,
631,2025-01-31,108.51,40.75,Unpaid,
631,2025-03-02,290.67,72.47,Unpaid,
631,2025-04-01,361.71,62.17,Partial,
631,2025-05-01,434.12,87.9,Unpaid,
631,2025-05-31,479.27,86.67,Partial,
631,2025-06-30,142.83,44.01,Paid,2025-07-04
631,2025-07-30,234.74,64.58,Unpaid,
631,2025-08-29,92.64,36.96,Partial,
631,2025-09-28,327.26,76.1,Unpaid,
632,2025-01-01,128.67,38.78,Partial,
632,2025-01-31,219.01,60.29,Unpaid,
632,2025-03-02,129.95,35.3,Unpaid,
632,2025-04-01,107.92,38.66,Unpaid,
632,2025-05-01,227.18,50.54,Paid,2025-05-06
632,2025-05-31,188.87,56.91,Partial,
632,2025-06-30,241.6,67.95,Unpaid,
632,2025-07-30,174.86,48.59,Unpaid,
632,2025-08-29,164.31,41.31,Partial,
632,2025-09-28,106.42,38.64,Paid,2025-10-03
633,2025-01-01,196.77,48.17,Paid,2025-01-09
633,2025-01-31,406.9,89.14,Paid,2025-02-10
633,2025-03-02,482.75,71.92,Unpaid,
633,2025-04-01,103.93,31.02,Partial,
633,2025-05-01,99.5,32.29,Partial,
633,2025-05-31,472.57,107.8,Partial,
633,2025-06-30,95.8,36.61,Unpaid,
633,2025-07-30,213.46,52.93,Unpaid,
633,2025-08-29,384.23,73.29,Paid,2025-09-10
633,2025-09-28,85.28,34.4,Unpaid,
634,2025-01-01,54.81,28.71,Partial,
634,2025-01-31,148.82,37.61,Paid,2025-02-05
634,2025-03-02,460.02,108.69,Partial,
634,2025-04-01,361.31,66.21,Unpaid,
634,2025-05-01,419.53,103.18,Partial,
634,2025-05-31,135.45,38.4,Unpaid,
634,2025-06-30,345.03,62.03,Unpaid,
634,2025-07-30,124.03,38.35,Partial,
634,2025-08-29,101.0,39.63,Partial,
634,2025-09-28,117.3,32.79,Unpaid,
635,2025-01-01,240.01,61.7,Paid,2025-01-09
635,2025-01-31,172.01,51.11,Partial,
635,2025-03-02,133.08,37.96,Paid,2025-03-17
635,2025-04-01,366.36,60.93,Partial,
635,2025-05-01,400.86,72.06,Unpaid,
635,2025-05-31,152.56,40.67,Unpaid,
635,2025-06-30,77.49,32.7,Paid,2025-07-03
635,2025-07-30,439.61,84.54,Paid,2025-08-13
635,2025-08-29,301.17,72.37,Partial,
635,2025-09-28,296.57,60.84,Partial,
636,2025-01-01,380.0,92.67,Partial,
636,2025-01-31,294.49,77.0,Paid,2025-02-07
636,2025-03-02,142.76,44.15,Unpaid,
636,2025-04-01,97.96,34.54,Partial,
636,2025-05-01,296.81,78.89,Paid,2025-05-02
636,2025-05-31,387.68,85.52,Partial,
636,2025-06-30,421.24,89.49,Partial,
636,2025-07-30,485.16,116.05,Unpaid,
636,2025-08-29,63.37,29.69,Partial,
636,2025-09-28,376.21,70.12,Partial,
637,2025-01-01,333.46,70.81,Partial,
637,2025-01-31,222.42,48.25,Partial,
637,2025-03-02,414.88,90.27,Paid,2025-03-05
637,2025-04-01,213.66,42.95,Paid,2025-04-06
637,2025-05-01,454.78,96.47,Unpaid,
637,2025-05-31,393.84,60.49,Paid,2025-05-31
637,2025-06-30,194.35,46.87,Partial,
637,2025-07-30,460.58,103.97,Paid,2025-08-11
637,2025-08-29,449.94,107.74,Paid,2025-09-09
637,2025-09-28,406.78,84.47,Unpaid,
638,2025-01-01,361.5,90.94,Paid,2025-01-07
638,2025-01-31,434.33,75.38,Paid,2025-02-15
638,2025-03-02,261.57,51.18,Paid,2025-03-14
638,2025-04-01,105.63,38.6,Partial,
638,2025-05-01,485.26,115.86,Paid,2025-05-08
638,2025-05-31,162.07,46.71,Partial,
638,2025-06-30,281.35,54.23,Unpaid,
638,2025-07-30,409.63,68.07,Paid,2025-08-03
638,2025-08-29,344.77,74.32,Partial,
638,2025-09-28,84.24,35.44,Partial,
639,2025-01-01,254.1,59.31,Paid,2025-01-09
639,2025-01-31,370.46,92.82,Paid,2025-02-05
639,2025-03-02,74.64,27.5,Partial,
639,2025-04-01,325.76,52.82,Paid,2025-04-16
639,2025-05-01,396.88,64.24,Unpaid,
639,2025-05-31,394.45,97.2,Partial,
639,2025-06-30,318.91,66.03,Partial,
639,2025-07-30,90.93,34.59,Partial,
639,2025-08-29,329.93,82.92,Unpaid,
639,2025-09-28,306.96,69.44,Paid,2025-10-06
640,2025-01-01,173.06,38.12,Paid,2025-01-15
640,2025-01-31,87.81,32.57,Unpaid,
640,2025-03-02,416.62,84.82,Unpaid,
640,2025-04-01,266.69,48.96,Partial,
640,2025-05-01,273.84,65.57,Partial,
640,2025-05-31,447.04,106.61,Unpaid,
640,2025-06-30,50.55,27.39,Paid,2025-07-13
640,2025-07-30,203.06,46.22,Unpaid,
640,2025-08-29,462.78,81.2,Paid,2025-09-05
640,2025-09-28,219.6,49.19,Unpaid,
641,2025-01-01,210.43,44.48,Unpaid,
641,2025-01-31,81.58,33.63,Unpaid,
641,2025-03-02,176.47,47.61,Partial,
641,2025-04-01,182.83,47.95,Partial,
641,2025-05-01,226.26,59.79,Paid,2025-05-15
641,2025-05-31,72.03,29.5,Partial,
641,2025-06-30,484.47,96.13,Unpaid,
641,2025-07-30,198.1,59.48,Partial,
641,2025-08-29,50.56,25.65,Unpaid,
641,2025-09-28,290.37,54.14,Unpaid,
642,2025-01-01,164.0,52.34,Paid,2025-01-08
642,2025-01-31,304.57,75.12,Partial,
642,2025-03-02,103.3,37.48,Paid,2025-03-17
642,2025-04-01,327.06,69.24,Partial,
642,2025-05-01,94.98,38.31,Paid,2025-05-16
642,2025-05-31,112.53,38.5,Paid,2025-06-10
642,2025-06-30,420.65,102.89,Partial,
642,2025-07-30,56.31,27.44,Paid,2025-08-04
642,2025-08-29,476.22,72.78,Unpaid,
642,2025-09-28,122.43,43.73,Unpaid,
643,2025-01-01,225.92,64.84,Partial,
643,2025-01-31,317.26,61.87,Paid,2025-02-04
643,2025-03-02,218.82,61.35,Partial,
643,2025-04-01,141.28,46.55,Paid,2025-04-10
643,2025-05-01,188.55,52.55,Partial,
643,2025-05-31,60.92,31.64,Paid,2025-06-09
643,2025-06-30,164.72,44.6,Paid,2025-07-04
643,2025-07-30,202.72,48.9,Unpaid,
643,2025-08-29,54.01,28.07,Unpaid,
643,2025-09-28,284.67,74.66,Paid,2025-10-13
644,2025-01-01,158.4,41.12,Unpaid,
644,2025-01-31,175.28,46.74,Unpaid,
644,2025-03-02,207.49,50.69,Unpaid,
644,2025-04-01,218.11,44.21,Partial,
644,2025-05-01,340.12,79.68,Unpaid,
644,2025-05-31,377.52,92.63,Paid,2025-06-10
644,2025-06-30,430.88,79.76,Partial,
644,2025-07-30,413.43,79.26,Unpaid,
644,2025-08-29,249.32,68.06,Partial,
644,2025-09-28,206.61,56.31,Unpaid,
645,2025-01-01,422.34,70.21,Partial,
645,2025-01-31,246.94,56.13,Unpaid,
645,2025-03-02,210.32,60.68,Partial,
645,2025-04-01,460.57,80.21,Unpaid,
645,2025-05-01,199.27,49.95,Paid,2025-05-06
645,2025-05-31,392.39,69.75,Unpaid,
645,2025-06-30,463.81,95.64,Partial,
645,2025-07-30,151.46,49.25,Paid,2025-08-09
645,2025-08-29,88.07,29.34,Partial,
645,2025-09-28,266.92,48.76,Partial,
646,2025-01-01,258.18,51.46,Unpaid,
646,2025-01-31,243.43,47.38,Partial,
646,2025-03-02,368.64,89.05,Paid,2025-03-02
646,2025-04-01,491.61,115.99,Unpaid,
646,2025-05-01,128.06,44.07,Partial,
646,2025-05-31,302.2,76.71,Unpaid,
646,2025-06-30,492.04,73.38,Paid,2025-07-02
646,2025-07-30,357.64,87.7,Partial,
646,2025-08-29,459.16,82.72,Paid,2025-09-09
646,2025-09-28,284.82,67.35,Unpaid,
647,2025-01-01,204.18,44.07,Partial,
647,2025-01-31,140.01,36.45,Unpaid,
647,2025-03-02,430.94,64.87,Partial,
647,2025-04-01,401.6,90.76,Partial,
647,2025-05-01,305.4,57.79,Partial,
647,2025-05-31,354.9,58.59,Paid,2025-06-10
647,2025-06-30,97.31,37.92,Paid,2025-07-07
647,2025-07-30,483.94,104.12,Partial,
647,2025-08-29,288.88,52.46,Unpaid,
647,2025-09-28,165.04,52.28,Paid,2025-10-09
648,2025-01-01,149.08,47.99,Partial,
648,2025-01-31,100.65,36.95,Paid,2025-01-31
648,2025-03-02,267.82,51.49,Paid,2025-03-15
648,2025-04-01,352.48,72.54,Unpaid,
648,2025-05-01,363.1,63.2,Partial,
648,2025-05-31,358.32,61.64,Partial,
648,2025-06-30,179.63,40.66,Partial,
648,2025-07-30,280.8,60.53,Unpaid,
648,2025-08-29,74.38,32.98,Paid,2025-09-12
648,2025-09-28,298.33,65.74,Partial,
649,2025-01-01,442.18,75.24,Partial,
649,2025-01-31,414.68,89.17,Partial,
649,2025-03-02,123.8,35.58,Unpaid,
649,2025-04-01,348.74,84.57,Unpaid,
649,2025-05-01,266.07,53.25,Partial,
649,2025-05-31,194.69,54.32,Unpaid,
649,2025-06-30,104.84,35.55,Unpaid,
649,2025-07-30,127.83,33.72,Paid,2025-08-05
649,2025-08-29,141.91,37.16,Paid,2025-09-03
649,2025-09-28,309.92,59.0,Partial,
650,2025-01-01,389.08,63.75,Unpaid,
650,2025-01-31,74.6,28.79,Partial,
650,2025-03-02,416.22,71.13,Partial,
650,2025-04-01,385.25,92.24,Unpaid,
650,2025-05-01,249.56,55.0,Unpaid,
650,2025-05-31,151.65,38.91,Partial,
650,2025-06-30,129.74,43.2,Unpaid,
650,2025-07-30,305.65,57.54,Unpaid,
650,2025-08-29,270.11,60.16,Partial,
650,2025-09-28,160.57,51.65,Partial,
651,2025-01-01,66.73,30.08,Paid,2025-01-15
651,2025-01-31,281.28,60.72,Unpaid,
651,2025-03-02,200.41,57.88,Partial,
651,2025-04-01,356.65,88.84,Paid,2025-04-12
651,2025-05-01,414.91,102.84,Paid,2025-05-09
651,2025-05-31,215.34,56.86,Paid,2025-06-14
651,2025-06-30,289.5,57.88,Paid,2025-07-14
651,2025-07-30,206.1,55.15,Unpaid,
651,2025-08-29,438.15,88.72,Unpaid,
651,2025-09-28,445.21,106.39,Paid,2025-10-03
652,2025-01-01,458.02,71.42,Paid,2025-01-11
652,2025-01-31,167.89,41.59,Paid,2025-02-12
652,2025-03-02,348.16,64.05,Partial,
652,2025-04-01,140.19,34.65,Partial,
652,2025-05-01,244.21,55.97,Unpaid,
652,2025-05-31,486.13,98.74,Partial,
652,2025-06-30,391.47,98.12,Partial,
652,2025-07-30,209.47,50.78,Partial,
652,2025-08-29,404.69,83.06,Unpaid,
652,2025-09-28,498.23,116.84,Unpaid,
653,2025-01-01,100.81,37.01,Unpaid,
653,2025-01-31,417.98,92.71,Paid,2025-02-08
653,2025-03-02,71.95,29.22,Paid,2025-03-12
653,2025-04-01,205.42,47.63,Unpaid,
653,2025-05-01,315.51,68.64,Unpaid,
653,2025-05-31,218.55,43.3,Partial,
653,2025-06-30,359.23,88.44,Paid,2025-07-04
653,2025-07-30,419.48,92.73,Partial,
653,2025-08-29,483.89,81.59,Paid,2025-08-29
653,2025-09-28,375.48,80.6,Unpaid,
654,2025-01-01,78.29,35.65,Paid,2025-01-02
654,2025-01-31,320.18,56.14,Partial,
654,2025-03-02,217.27,56.17,Unpaid,
654,2025-04-01,473.64,78.3,Partial,
654,2025-05-01,437.2,75.69,Partial,
654,2025-05-31,233.01,47.11,Partial,
654,2025-06-30,202.27,56.49,Paid,2025-07-15
654,2025-07-30,476.93,82.77,Partial,
654,2025-08-29,197.32,43.68,Unpaid,
654,2025-09-28,225.82,56.19,Partial,
655,2025-01-01,418.89,96.05,Partial,
655,2025-01-31,132.86,44.6,Partial,
655,2025-03-02,305.13,70.45,Paid,2025-03-12
655,2025-04-01,96.33,29.83,Paid,2025-04-16
655,2025-05-01,275.57,66.12,Paid,2025-05-15
655,2025-05-31,335.95,75.65,Paid,2025-06-06
655,2025-06-30,170.61,48.71,Unpaid,
655,2025-07-30,313.99,75.34,Unpaid,
655,2025-08-29,280.31,51.08,Partial,
655,2025-09-28,417.6,69.48,Partial,
656,2025-01-01,438.43,97.1,Partial,
656,2025-01-31,254.79,54.6,Unpaid,
656,2025-03-02,103.86,39.81,Unpaid,
656,2025-04-01,365.02,71.61,Partial,
656,2025-05-01,147.93,49.44,Partial,
656,2025-05-31,454.38,68.79,Paid,2025-06-06
656,2025-06-30,275.83,54.68,Partial,
656,2025-07-30,121.99,42.99,Paid,2025-08-09
656,2025-08-29,52.13,28.57,Partial,
656,2025-09-28,477.51,83.79,Unpaid,
657,2025-01-01,285.44,53.23,Partial,
657,2025-01-31,250.62,66.05,Paid,2025-02-10
657,2025-03-02,382.32,94.66,Partial,
657,2025-04-01,460.47,91.86,Paid,2025-04-15
657,2025-05-01,452.95,109.46,Unpaid,
657,2025-05-31,271.79,71.24,Paid,2025-06-09
657,2025-06-30,476.88,103.35,Unpaid,
657,2025-07-30,201.68,58.95,Unpaid,
657,2025-08-29,200.05,42.98,Partial,
657,2025-09-28,265.88,56.16,Partial,
658,2025-01-01,240.52,46.35,Paid,2025-01-04
658,2025-01-31,359.75,61.76,Paid,2025-02-09
658,2025-03-02,252.07,57.55,Partial,
658,2025-04-01,418.65,90.13,Unpaid,
658,2025-05-01,347.38,59.35,Paid,2025-05-16
658,2025-05-31,407.99,68.98,Partial,
658,2025-06-30,140.56,42.38,Paid,2025-07-05
658,2025-07-30,489.33,89.72,Paid,2025-08-07
658,2025-08-29,332.55,86.4,Paid,2025-09-01
658,2025-09-28,229.95,64.95,Unpaid,
659,2025-01-01,356.98,79.82,Unpaid,
659,2025-01-31,86.01,34.85,Paid,2025-02-02
659,2025-03-02,215.9,48.55,Paid,2025-03-06
659,2025-04-01,186.01,50.19,Unpaid,
659,2025-05-01,346.48,69.62,Paid,2025-05-06
659,2025-05-31,52.05,29.17,Unpaid,
659,2025-06-30,153.29,38.09,Paid,2025-07-08
659,2025-07-30,431.41,87.39,Paid,2025-08-03
659,2025-08-29,127.37,33.03,Unpaid,
659,2025-09-28,443.97,98.92,Partial,
660,2025-01-01,93.39,31.48,Paid,2025-01-04
660,2025-01-31,388.55,67.25,Unpaid,
660,2025-03-02,242.83,55.24,Unpaid,
660,2025-04-01,399.87,91.32,Unpaid,
660,2025-05-01,136.37,37.45,Partial,
660,2025-05-31,243.5,52.32,Paid,2025-06-08
660,2025-06-30,111.02,37.46,Partial,
660,2025-07-30,207.07,58.56,Paid,2025-08-02
660,2025-08-29,110.09,36.78,Partial,
660,2025-09-28,492.93,95.02,Unpaid,
661,2025-01-01,198.96,40.19,Partial,
661,2025-01-31,113.8,32.51,Unpaid,
661,2025-03-02,223.29,58.11,Unpaid,
661,2025-04-01,407.25,81.5,Paid,2025-04-08
661,2025-05-01,189.54,47.06,Partial,
661,2025-05-31,72.46,33.06,Paid,2025-06-08
661,2025-06-30,401.11,69.65,Unpaid,
661,2025-07-30,446.71,75.31,Paid,2025-08-01
661,2025-08-29,491.09,117.2,Partial,
661,2025-09-28,301.16,54.28,Paid,2025-09-28
662,2025-01-01,147.67,46.63,Paid,2025-01-01
662,2025-01-31,66.37,30.85,Paid,2025-02-03
662,2025-03-02,284.29,75.44,Partial,
662,2025-04-01,232.41,47.11,Unpaid,
662,2025-05-01,243.34,51.78,Paid,2025-05-11
662,2025-05-31,328.1,56.9,Paid,2025-06-01
662,2025-06-30,411.96,87.1,Paid,2025-07-09
662,2025-07-30,404.18,73.82,Unpaid,
662,2025-08-29,321.92,72.58,Paid,2025-09-07
662,2025-09-28,379.92,74.47,Partial,
663,2025-01-01,241.43,50.24,Paid,2025-01-13
663,2025-01-31,109.68,37.72,Paid,2025-02-03
663,2025-03-02,325.69,77.6,Partial,
663,2025-04-01,89.03,30.98,Unpaid,
663,2025-05-01,213.62,50.87,Partial,
663,2025-05-31,121.81,38.5,Unpaid,
663,2025-06-30,153.21,44.96,Unpaid,
663,2025-07-30,409.89,69.06,Unpaid,
663,2025-08-29,227.31,55.38,Paid,2025-09-05
663,2025-09-28,178.62,47.26,Paid,2025-10-01
664,2025-01-01,231.76,57.89,Partial,
664,2025-01-31,103.29,33.96,Paid,2025-02-08
664,2025-03-02,59.33,28.66,Paid,2025-03-04
664,2025-04-01,270.7,66.39,Paid,2025-04-08
664,2025-05-01,199.93,46.9,Paid,2025-05-09
664,2025-05-31,86.17,35.92,Paid,2025-06-02
664,2025-06-30,472.68,90.45,Partial,
664,2025-07-30,297.44,56.54,Partial,
664,2025-08-29,443.82,95.46,Partial,
664,2025-09-28,148.07,43.2,Unpaid,
665,2025-01-01,58.32,31.61,Partial,
665,2025-01-31,219.24,62.31,Paid,2025-02-12
665,2025-03-02,224.8,44.25,Unpaid,
665,2025-04-01,295.46,54.93,Partial,
665,2025-05-01,189.28,41.44,Unpaid,
665,2025-05-31,420.22,91.14,Paid,2025-06-04
665,2025-06-30,325.95,71.3,Partial,
665,2025-07-30,437.77,86.78,Partial,
665,2025-08-29,494.29,108.96,Unpaid,
665,2025-09-28,236.41,57.71,Unpaid,
666,2025-01-01,420.24,101.95,Partial,
666,2025-01-31,154.24,36.45,Partial,
666,2025-03-02,87.29,30.99,Paid,2025-03-17
666,2025-04-01,312.77,57.59,Paid,2025-04-14
666,2025-05-01,195.52,48.38,Partial,
666,2025-05-31,133.51,39.26,Unpaid,
666,2025-06-30,108.73,30.98,Partial,
666,2025-07-30,477.52,103.85,Paid,2025-08-05
666,2025-08-29,167.35,50.85,Unpaid,
666,2025-09-28,442.21,71.14,Paid,2025-10-06
667,2025-01-01,152.1,46.73,Paid,2025-01-08
667,2025-01-31,145.38,38.45,Partial,
667,2025-03-02,248.29,69.6,Paid,2025-03-06
667,2025-04-01,483.16,76.38,Paid,2025-04-07
667,2025-05-01,194.66,54.65,Partial,
667,2025-05-31,54.19,26.65,Unpaid,
667,2025-06-30,335.54,79.24,Partial,
667,2025-07-30,496.14,118.68,Paid,2025-08-04
667,2025-08-29,493.43,80.96,Unpaid,
667,2025-09-28,306.35,78.62,Partial,
668,2025-01-01,199.54,50.31,Paid,2025-01-02
668,2025-01-31,137.61,42.22,Unpaid,
668,2025-03-02,167.41,37.78,Unpaid,
668,2025-04-01,497.11,96.42,Unpaid,
668,2025-05-01,66.27,28.9,Paid,2025-05-04
668,2025-05-31,422.82,63.39,Paid,2025-06-04
668,2025-06-30,66.08,31.98,Partial,
668,2025-07-30,334.71,72.96,Paid,2025-08-05
668,2025-08-29,325.53,73.16,Unpaid,
668,2025-09-28,370.9,90.77,Unpaid,
669,2025-01-01,118.83,33.24,Paid,2025-01-13
669,2025-01-31,486.39,87.32,Partial,
669,2025-03-02,104.58,31.79,Partial,
669,2025-04-01,350.78,63.16,Unpaid,
669,2025-05-01,412.08,74.17,Paid,2025-05-12
669,2025-05-31,402.76,96.06,Partial,
669,2025-06-30,385.37,78.06,Partial,
669,2025-07-30,206.84,56.12,Paid,2025-08-05
669,2025-08-29,264.32,62.93,Paid,2025-09-13
669,2025-09-28,138.1,37.6,Unpaid,
670,2025-01-01,336.31,69.07,Partial,
670,2025-01-31,200.49,58.84,Unpaid,
670,2025-03-02,210.18,48.84,Paid,2025-03-16
670,2025-04-01,276.67,52.23,Paid,2025-04-14
670,2025-05-01,191.94,41.4,Paid,2025-05-01
670,2025-05-31,253.08,47.28,Partial,
670,2025-06-30,183.97,46.8,Unpaid,
670,2025-07-30,288.66,68.33,Partial,
670,2025-08-29,329.82,63.47,Unpaid,
670,2025-09-28,430.9,74.96,Paid,2025-10-04
671,2025-01-01,112.39,39.96,Paid,2025-01-09
671,2025-01-31,332.83,83.47,Partial,
671,2025-03-02,137.33,38.11,Unpaid,
671,2025-04-01,192.26,57.36,Unpaid,
671,2025-05-01,177.25,43.35,Partial,
671,2025-05-31,325.65,84.37,Paid,2025-06-03
671,2025-06-30,56.59,26.59,Partial,
671,2025-07-30,322.01,76.78,Unpaid,
671,2025-08-29,267.37,55.97,Paid,2025-09-03
671,2025-09-28,226.57,46.11,Paid,2025-10-10
672,2025-01-01,213.01,56.46,Paid,2025-01-14
672,2025-01-31,360.22,64.92,Unpaid,
672,2025-03-02,87.49,29.16,Partial,
672,2025-04-01,453.67,80.1,Paid,2025-04-13
672,2025-05-01,295.23,59.28,Partial,
672,2025-05-31,279.46,49.62,Paid,2025-06-07
672,2025-06-30,449.91,72.23,Unpaid,
672,2025-07-30,112.79,35.27,Paid,2025-07-31
672,2025-08-29,181.07,54.46,Partial,
672,2025-09-28,381.89,75.32,Paid,2025-10-06
673,2025-01-01,334.49,70.16,Unpaid,
673,2025-01-31,185.63,42.38,Partial,
673,2025-03-02,192.42,46.76,Paid,2025-03-15
673,2025-04-01,139.21,43.96,Partial,
673,2025-05-01,305.93,55.45,Partial,
673,2025-05-31,213.3,47.94,Partial,
673,2025-06-30,194.45,39.87,Unpaid,
673,2025-07-30,429.28,75.57,Unpaid,
673,2025-08-29,366.29,64.01,Unpaid,
673,2025-09-28,192.21,43.84,Partial,
674,2025-01-01,157.69,47.8,Paid,2025-01-05
674,2025-01-31,447.31,102.15,Unpaid,
674,2025-03-02,242.34,52.82,Paid,2025-03-17
674,2025-04-01,306.0,76.71,Unpaid,
674,2025-05-01,492.17,101.86,Partial,
674,2025-05-31,439.39,70.05,Unpaid,
674,2025-06-30,269.62,54.58,Partial,
674,2025-07-30,475.82,69.77,Partial,
674,2025-08-29,394.9,86.34,Partial,
674,2025-09-28,291.14,61.51,Unpaid,
675,2025-01-01,289.27,69.71,Unpaid,
675,2025-01-31,228.31,43.0,Unpaid,
675,2025-03-02,287.43,75.02,Partial,
675,2025-04-01,391.68,74.86,Paid,2025-04-16
675,2025-05-01,134.84,46.47,Partial,
675,2025-05-31,190.22,54.87,Paid,2025-06-07
675,2025-06-30,185.45,42.37,Paid,2025-07-12
675,2025-07-30,269.89,65.0,Paid,2025-08-14
675,2025-08-29,328.86,83.22,Partial,
675,2025-09-28,479.4,91.03,Partial,
676,2025-01-01,56.81,26.5,Paid,2025-01-12
676,2025-01-31,144.93,41.14,Paid,2025-02-06
676,2025-03-02,356.19,89.71,Unpaid,
676,2025-04-01,199.46,54.13,Partial,
676,2025-05-01,68.33,29.83,Paid,2025-05-03
676,2025-05-31,493.78,93.16,Unpaid,
676,2025-06-30,219.88,57.34,Partial,
676,2025-07-30,110.59,41.33,Partial,
676,2025-08-29,190.65,43.59,Unpaid,
676,2025-09-28,313.65,68.55,Unpaid,
677,2025-01-01,177.67,38.56,Paid,2025-01-04
677,2025-01-31,147.11,48.32,Paid,2025-02-11
677,2025-03-02,278.54,55.8,Unpaid,
677,2025-04-01,245.76,62.21,Paid,2025-04-14
677,2025-05-01,278.24,48.5,Paid,2025-05-02
677,2025-05-31,110.64,38.58,Partial,
677,2025-06-30,203.34,53.88,Paid,2025-07-09
677,2025-07-30,77.01,35.34,Partial,
677,2025-08-29,168.97,39.25,Unpaid,
677,2025-09-28,441.56,65.53,Paid,2025-10-13
678,2025-01-01,298.33,64.07,Unpaid,
678,2025-01-31,251.58,65.37,Paid,2025-02-07
678,2025-03-02,200.11,43.74,Partial,
678,2025-04-01,288.85,69.88,Partial,
678,2025-05-01,255.56,62.07,Paid,2025-05-15
678,2025-05-31,398.64,61.6,Partial,
678,2025-06-30,160.23,42.09,Unpaid,
678,2025-07-30,363.05,57.27,Partial,
678,2025-08-29,260.52,66.74,Unpaid,
678,2025-09-28,332.89,84.03,Paid,2025-09-30
679,2025-01-01,110.5,32.21,Unpaid,
679,2025-01-31,414.49,99.63,Partial,
679,2025-03-02,429.58,102.4,Paid,2025-03-03
679,2025-04-01,404.13,96.61,Unpaid,
679,2025-05-01,85.82,34.32,Partial,
679,2025-05-31,176.19,39.14,Unpaid,
679,2025-06-30,75.77,34.45,Paid,2025-07-03
679,2025-07-30,459.16,75.53,Unpaid,
679,2025-08-29,238.62,55.83,Paid,2025-09-01
679,2025-09-28,341.32,74.37,Partial,
680,2025-01-01,161.45,45.31,Partial,
680,2025-01-31,495.86,115.16,Paid,2025-02-14
680,2025-03-02,391.8,89.14,Partial,
680,2025-04-01,322.41,79.71,Unpaid,
680,2025-05-01,216.77,42.83,Unpaid,
680,2025-05-31,369.65,63.65,Paid,2025-06-02
680,2025-06-30,195.1,57.69,Paid,2025-07-12
680,2025-07-30,340.26,59.31,Paid,2025-08-01
680,2025-08-29,106.66,41.33,Unpaid,
680,2025-09-28,315.93,78.96,Unpaid,
681,2025-01-01,391.03,89.68,Partial,
681,2025-01-31,215.73,42.84,Paid,2025-02-01
681,2025-03-02,164.88,51.47,Unpaid,
681,2025-04-01,74.22,30.83,Partial,
681,2025-05-01,232.76,50.75,Partial,
681,2025-05-31,306.89,80.03,Unpaid,
681,2025-06-30,377.82,59.02,Unpaid,
681,2025-07-30,135.25,44.35,Partial,
681,2025-08-29,342.24,59.54,Unpaid,
681,2025-09-28,153.44,45.15,Partial,
682,2025-01-01,94.0,35.66,Partial,
682,2025-01-31,369.13,86.64,Paid,2025-02-14
682,2025-03-02,137.71,33.96,Unpaid,
682,2025-04-01,81.26,32.8,Unpaid,
682,2025-05-01,328.6,59.68,Partial,
682,2025-05-31,246.13,57.31,Partial,
682,2025-06-30,201.09,48.74,Partial,
682,2025-07-30,419.64,92.95,Partial,
682,2025-08-29,85.66,35.45,Unpaid,
682,2025-09-28,450.82,68.52,Partial,
683,2025-01-01,316.59,65.56,Unpaid,
683,2025-01-31,494.8,83.15,Unpaid,
683,2025-03-02,57.86,30.19,Paid,2025-03-09
683,2025-04-01,454.85,102.3,Partial,
683,2025-05-01,495.34,72.44,Paid,2025-05-03
683,2025-05-31,427.61,98.03,Unpaid,
683,2025-06-30,130.81,36.32,Paid,2025-07-03
683,2025-07-30,490.88,87.37,Paid,2025-07-31
683,2025-08-29,257.13,64.78,Partial,
683,2025-09-28,183.04,55.43,Unpaid,
684,2025-01-01,467.92,94.54,Partial,
684,2025-01-31,336.97,79.91,Partial,
684,2025-03-02,377.44,90.16,Partial,
684,2025-04-01,172.8,44.41,Paid,2025-04-02
684,2025-05-01,96.77,35.2,Unpaid,
684,2025-05-31,146.6,40.7,Partial,
684,2025-06-30,330.52,84.94,Partial,
684,2025-07-30,300.04,54.12,Partial,
684,2025-08-29,493.88,111.72,Partial,
684,2025-09-28,209.51,52.51,Unpaid,
685,2025-01-01,496.88,101.32,Unpaid,
685,2025-01-31,399.29,75.42,Paid,2025-02-15
685,2025-03-02,76.29,32.54,Unpaid,
685,2025-04-01,201.24,49.35,Partial,
685,2025-05-01,197.54,51.78,Paid,2025-05-09
685,2025-05-31,73.72,34.08,Partial,
685,2025-06-30,284.26,55.04,Paid,2025-07-15
685,2025-07-30,63.28,30.27,Partial,
685,2025-08-29,374.35,83.67,Partial,
685,2025-09-28,66.36,32.24,Unpaid,
686,2025-01-01,320.75,76.79,Partial,
686,2025-01-31,109.45,39.33,Paid,2025-02-12
686,2025-03-02,105.44,36.95,Partial,
686,2025-04-01,193.41,53.21,Unpaid,
686,2025-05-01,164.58,38.07,Unpaid,
686,2025-05-31,421.47,103.05,Unpaid,
686,2025-06-30,380.14,93.69,Paid,2025-07-05
686,2025-07-30,451.39,95.07,Partial,
686,2025-08-29,71.0,33.28,Unpaid,
686,2025-09-28,146.15,45.5,Unpaid,
687,2025-01-01,355.12,88.64,Unpaid,
687,2025-01-31,62.26,27.72,Unpaid,
687,2025-03-02,337.84,56.29,Partial,
687,2025-04-01,348.97,74.07,Partial,
687,2025-05-01,178.31,51.74,Unpaid,
687,2025-05-31,333.33,61.14,Partial,
687,2025-06-30,254.39,54.39,Paid,2025-07-02
687,2025-07-30,471.08,83.32,Paid,2025-08-10
687,2025-08-29,384.17,65.42,Unpaid,
687,2025-09-28,415.77,73.38,Paid,2025-09-28
688,2025-01-01,296.64,64.8,Paid,2025-01-03
688,2025-01-31,362.94,85.61,Unpaid,
688,2025-03-02,263.42,47.75,Paid,2025-03-06
688,2025-04-01,251.97,58.92,Unpaid,
688,2025-05-01,145.63,46.6,Unpaid,
688,2025-05-31,375.79,93.2,Unpaid,
688,2025-06-30,433.63,87.36,Partial,
688,2025-07-30,273.28,73.6,Unpaid,
688,2025-08-29,384.06,87.73,Partial,
688,2025-09-28,448.68,75.43,Unpaid,
689,2025-01-01,357.96,62.84,Unpaid,
689,2025-01-31,257.02,48.39,Partial,
689,2025-03-02,122.56,37.8,Unpaid,
689,2025-04-01,51.27,29.26,Paid,2025-04-05
689,2025-05-01,171.58,40.64,Unpaid,
689,2025-05-31,322.58,78.83,Unpaid,
689,2025-06-30,344.81,68.31,Paid,2025-07-07
689,2025-07-30,394.82,75.75,Paid,2025-07-31
689,2025-08-29,200.94,44.6,Unpaid,
689,2025-09-28,351.15,82.64,Unpaid,
690,2025-01-01,293.11,62.85,Partial,
690,2025-01-31,408.34,83.71,Partial,
690,2025-03-02,392.4,75.61,Paid,2025-03-13
690,2025-04-01,422.26,98.24,Partial,
690,2025-05-01,112.65,41.26,Unpaid,
690,2025-05-31,402.05,88.0,Partial,
690,2025-06-30,63.39,32.22,Paid,2025-06-30
690,2025-07-30,420.54,102.58,Unpaid,
690,2025-08-29,382.85,84.72,Partial,
690,2025-09-28,388.52,88.1,Unpaid,
691,2025-01-01,234.34,61.7,Unpaid,
691,2025-01-31,433.13,89.47,Unpaid,
691,2025-03-02,106.41,35.12,Partial,
691,2025-04-01,362.87,74.17,Paid,2025-04-15
691,2025-05-01,159.84,39.84,Unpaid,
691,2025-05-31,302.96,57.98,Partial,
691,2025-06-30,119.2,41.95,Partial,
691,2025-07-30,412.22,61.53,Paid,2025-08-04
691,2025-08-29,143.57,44.3,Unpaid,
691,2025-09-28,355.52,56.15,Unpaid,
692,2025-01-01,102.14,38.8,Unpaid,
692,2025-01-31,154.97,48.32,Unpaid,
692,2025-03-02,392.66,98.02,Partial,
692,2025-04-01,305.79,65.39,Unpaid,
692,2025-05-01,272.37,66.69,Unpaid,
692,2025-05-31,335.17,56.42,Unpaid,
692,2025-06-30,260.97,50.65,Partial,
692,2025-07-30,498.45,79.63,Paid,2025-07-31
692,2025-08-29,105.82,30.61,Partial,
692,2025-09-28,399.94,80.64,Partial,
693,2025-01-01,381.34,64.87,Partial,
693,2025-01-31,154.91,45.34,Paid,2025-02-05
693,2025-03-02,451.11,93.72,Paid,2025-03-17
693,2025-04-01,80.54,32.16,Paid,2025-04-01
693,2025-05-01,395.52,73.72,Paid,2025-05-09
693,2025-05-31,465.55,106.3,Partial,
693,2025-06-30,88.48,35.61,Paid,2025-07-11
693,2025-07-30,333.44,84.8,Unpaid,
693,2025-08-29,346.83,65.38,Paid,2025-09-04
693,2025-09-28,394.84,70.64,Partial,
694,2025-01-01,221.61,54.27,Partial,
694,2025-01-31,499.74,92.82,Paid,2025-02-05
694,2025-03-02,140.47,38.36,Unpaid,
694,2025-04-01,476.71,84.75,Paid,2025-04-01
694,2025-05-01,51.54,26.44,Paid,2025-05-06
694,2025-05-31,305.96,79.12,Unpaid,
694,2025-06-30,316.25,52.0,Paid,2025-07-13
694,2025-07-30,174.64,44.03,Paid,2025-08-03
694,2025-08-29,344.36,81.88,Paid,2025-08-29
694,2025-09-28,304.58,64.68,Paid,2025-09-29
695,2025-01-01,376.44,77.02,Partial,
695,2025-01-31,462.52,103.69,Unpaid,
695,2025-03-02,394.26,86.88,Partial,
695,2025-04-01,253.12,50.83,Paid,2025-04-05
695,2025-05-01,85.26,32.03,Partial,
695,2025-05-31,336.91,78.44,Paid,2025-06-07
695,2025-06-30,153.1,44.72,Paid,2025-07-09
695,2025-07-30,437.0,103.25,Partial,
695,2025-08-29,271.36,48.38,Unpaid,
695,2025-09-28,420.81,80.87,Paid,2025-10-11
696,2025-01-01,373.38,79.48,Paid,2025-01-06
696,2025-01-31,375.16,83.56,Paid,2025-01-31
696,2025-03-02,352.21,82.36,Unpaid,
696,2025-04-01,496.84,95.73,Unpaid,
696,2025-05-01,146.81,43.14,Paid,2025-05-01
696,2025-05-31,427.75,77.29,Unpaid,
696,2025-06-30,263.07,56.72,Paid,2025-06-30
696,2025-07-30,152.44,39.27,Unpaid,
696,2025-08-29,333.34,57.76,Paid,2025-09-08
696,2025-09-28,294.35,71.7,Unpaid,
697,2025-01-01,307.31,68.84,Paid,2025-01-14
697,2025-01-31,199.18,56.89,Paid,2025-02-01
697,2025-03-02,70.0,29.15,Paid,2025-03-10
697,2025-04-01,103.67,31.97,Partial,
697,2025-05-01,429.66,101.59,Unpaid,
697,2025-05-31,356.8,88.84,Paid,2025-06-11
697,2025-06-30,378.43,63.64,Paid,2025-07-12
697,2025-07-30,241.72,48.97,Unpaid,
697,2025-08-29,376.48,70.3,Paid,2025-09-04
697,2025-09-28,227.99,44.19,Paid,2025-09-28
698,2025-01-01,94.84,33.48,Partial,
698,2025-01-31,469.22,69.69,Unpaid,
698,2025-03-02,476.8,103.64,Partial,
698,2025-04-01,139.58,37.86,Paid,2025-04-09
698,2025-05-01,435.92,98.04,Unpaid,
698,2025-05-31,191.82,53.14,Paid,2025-06-10
698,2025-06-30,100.55,35.74,Paid,2025-07-11
698,2025-07-30,168.44,39.17,Paid,2025-07-31
698,2025-08-29,452.68,109.53,Paid,2025-09-03
698,2025-09-28,107.12,39.81,Partial,
699,2025-01-01,103.58,38.68,Unpaid,
699,2025-01-31,168.5,49.55,Paid,2025-02-13
699,2025-03-02,462.34,108.57,Paid,2025-03-17
699,2025-04-01,378.06,73.23,Unpaid,
699,2025-05-01,341.15,60.06,Unpaid,
699,2025-05-31,453.1,90.72,Partial,
699,2025-06-30,466.27,85.67,Paid,2025-07-06
699,2025-07-30,432.43,64.56,Unpaid,
699,2025-08-29,151.38,35.87,Paid,2025-09-02
699,2025-09-28,489.63,114.29,Partial,
700,2025-01-01,340.27,57.61,Paid,2025-01-04
700,2025-01-31,280.47,68.59,Partial,
700,2025-03-02,463.48,92.23,Paid,2025-03-02
700,2025-04-01,449.43,67.48,Unpaid,
700,2025-05-01,82.5,32.74,Partial,
700,2025-05-31,228.15,50.68,Unpaid,
700,2025-06-30,219.85,51.18,Partial,
700,2025-07-30,209.96,58.38,Partial,
700,2025-08-29,131.23,45.52,Partial,
700,2025-09-28,164.22,51.17,Partial,
701,2025-01-01,189.36,39.49,Unpaid,
701,2025-01-31,50.42,29.58,Paid,2025-02-10
701,2025-03-02,281.54,59.12,Paid,2025-03-03
701,2025-04-01,449.58,79.1,Paid,2025-04-04
701,2025-05-01,420.82,97.11,Paid,2025-05-15
701,2025-05-31,450.06,71.95,Partial,
701,2025-06-30,141.18,43.65,Unpaid,
701,2025-07-30,447.3,94.18,Paid,2025-08-14
701,2025-08-29,382.98,84.95,Paid,2025-09-07
701,2025-09-28,439.83,72.3,Unpaid,
702,2025-01-01,194.71,49.53,Partial,
702,2025-01-31,56.98,26.97,Paid,2025-01-31
702,2025-03-02,101.99,33.33,Paid,2025-03-03
702,2025-04-01,216.64,49.08,Unpaid,
702,2025-05-01,375.58,66.04,Paid,2025-05-06
702,2025-05-31,105.01,36.48,Paid,2025-06-09
702,2025-06-30,232.77,44.05,Paid,2025-06-30
702,2025-07-30,339.92,78.69,Unpaid,
702,2025-08-29,237.94,60.94,Unpaid,
702,2025-09-28,439.11,70.09,Partial,
703,2025-01-01,261.09,71.08,Partial,
703,2025-01-31,193.89,49.15,Paid,2025-02-04
703,2025-03-02,422.25,85.94,Paid,2025-03-17
703,2025-04-01,362.01,64.28,Partial,
703,2025-05-01,473.42,67.6,Partial,
703,2025-05-31,419.91,76.48,Paid,2025-06-14
703,2025-06-30,310.19,79.61,Paid,2025-07-05
703,2025-07-30,347.95,82.75,Unpaid,
703,2025-08-29,436.73,78.28,Unpaid,
703,2025-09-28,354.87,73.01,Paid,2025-10-05
704,2025-01-01,105.09,39.51,Paid,2025-01-11
704,2025-01-31,164.19,47.66,Paid,2025-02-15
704,2025-03-02,305.34,55.52,Paid,2025-03-07
704,2025-04-01,222.87,61.34,Paid,2025-04-13
704,2025-05-01,125.33,42.38,Paid,2025-05-15
704,2025-05-31,370.07,59.14,Paid,2025-06-07
704,2025-06-30,138.29,47.1,Paid,2025-07-12
704,2025-07-30,257.83,52.7,Paid,2025-08-14
704,2025-08-29,91.21,29.51,Paid,2025-08-30
704,2025-09-28,357.17,87.61,Paid,2025-10-05
705,2025-01-01,230.28,56.79,Partial,
705,2025-01-31,143.58,35.24,Partial,
705,2025-03-02,420.57,68.51,Partial,
705,2025-04-01,200.87,47.79,Partial,
705,2025-05-01,251.53,52.66,Paid,2025-05-05
705,2025-05-31,425.47,95.84,Paid,2025-06-03
705,2025-06-30,156.1,43.91,Paid,2025-07-15
705,2025-07-30,364.58,58.44,Unpaid,
705,2025-08-29,396.8,81.39,Unpaid,
705,2025-09-28,317.83,82.86,Partial,
706,2025-01-01,217.5,52.69,Unpaid,
706,2025-01-31,345.17,69.33,Paid,2025-02-13
706,2025-03-02,232.69,50.01,Paid,2025-03-06
706,2025-04-01,463.35,78.65,Partial,
706,2025-05-01,477.89,69.08,Partial,
706,2025-05-31,353.65,66.79,Unpaid,
706,2025-06-30,127.06,40.09,Paid,2025-07-02
706,2025-07-30,169.85,50.83,Unpaid,
706,2025-08-29,312.93,51.54,Paid,2025-08-29
706,2025-09-28,270.02,61.18,Unpaid,
707,2025-01-01,470.45,71.97,Unpaid,
707,2025-01-31,279.74,53.82,Paid,2025-02-02
707,2025-03-02,452.25,79.1,Unpaid,
707,2025-04-01,252.45,50.36,Paid,2025-04-16
707,2025-05-01,444.57,93.48,Partial,
707,2025-05-31,97.09,33.74,Unpaid,
707,2025-06-30,169.83,37.91,Partial,
707,2025-07-30,201.43,50.79,Paid,2025-08-11
707,2025-08-29,114.09,38.24,Paid,2025-08-29
707,2025-09-28,487.06,80.39,Partial,
708,2025-01-01,71.38,30.34,Partial,
708,2025-01-31,337.34,85.9,Partial,
708,2025-03-02,321.78,58.93,Paid,2025-03-06
708,2025-04-01,206.54,55.01,Paid,2025-04-03
708,2025-05-01,388.06,63.99,Unpaid,
708,2025-05-31,369.13,67.31,Partial,
708,2025-06-30,73.63,28.47,Unpaid,
708,2025-07-30,225.35,53.88,Paid,2025-08-02
708,2025-08-29,321.53,72.16,Partial,
708,2025-09-28,76.09,34.76,Partial,
709,2025-01-01,109.83,32.25,Paid,2025-01-03
709,2025-01-31,366.87,77.7,Paid,2025-02-04
709,2025-03-02,53.58,26.7,Partial,
709,2025-04-01,117.04,35.38,Partial,
709,2025-05-01,405.25,80.88,Paid,2025-05-07
709,2025-05-31,130.33,37.16,Partial,
709,2025-06-30,335.05,66.42,Paid,2025-07-02
709,2025-07-30,95.13,37.42,Unpaid,
709,2025-08-29,266.71,71.78,Partial,
709,2025-09-28,445.31,64.68,Paid,2025-09-30
710,2025-01-01,437.11,67.55,Partial,
710,2025-01-31,488.71,101.05,Paid,2025-01-31
710,2025-03-02,378.21,94.14,Paid,2025-03-04
710,2025-04-01,499.0,113.3,Partial,
710,2025-05-01,275.07,61.11,Unpaid,
710,2025-05-31,165.35,44.01,Paid,2025-06-15
710,2025-06-30,337.67,70.66,Unpaid,
710,2025-07-30,326.9,81.93,Partial,
710,2025-08-29,205.12,53.35,Unpaid,
710,2025-09-28,117.15,36.39,Partial,
711,2025-01-01,233.97,53.31,Paid,2025-01-13
711,2025-01-31,273.44,52.57,Partial,
711,2025-03-02,488.78,88.76,Unpaid,
711,2025-04-01,291.39,70.54,Paid,2025-04-05
711,2025-05-01,72.85,31.35,Paid,2025-05-12
711,2025-05-31,186.38,47.84,Unpaid,
711,2025-06-30,270.66,73.67,Partial,
711,2025-07-30,129.25,33.11,Partial,
711,2025-08-29,272.78,50.86,Partial,
711,2025-09-28,385.22,91.27,Paid,2025-10-03
712,2025-01-01,442.22,69.96,Partial,
712,2025-01-31,242.99,67.2,Paid,2025-02-12
712,2025-03-02,295.14,69.14,Unpaid,
712,2025-04-01,60.57,26.2,Unpaid,
712,2025-05-01,338.04,74.18,Paid,2025-05-01
712,2025-05-31,317.05,65.65,Paid,2025-06-14
712,2025-06-30,142.5,34.92,Paid,2025-07-15
712,2025-07-30,292.25,71.12,Paid,2025-08-05
712,2025-08-29,317.28,66.99,Paid,2025-09-12
712,2025-09-28,431.49,93.69,Partial,
713,2025-01-01,389.14,73.97,Unpaid,
713,2025-01-31,240.65,44.47,Partial,
713,2025-03-02,483.68,69.02,Unpaid,
713,2025-04-01,139.69,41.23,Paid,2025-04-05
713,2025-05-01,141.63,44.54,Partial,
713,2025-05-31,281.53,57.48,Paid,2025-06-04
713,2025-06-30,55.66,26.71,Partial,
713,2025-07-30,307.05,78.71,Unpaid,
713,2025-08-29,393.72,75.99,Paid,2025-09-13
713,2025-09-28,161.66,49.93,Unpaid,
714,2025-01-01,184.48,42.6,Partial,
714,2025-01-31,179.74,52.92,Unpaid,
714,2025-03-02,417.21,97.99,Paid,2025-03-15
714,2025-04-01,274.51,72.87,Unpaid,
714,2025-05-01,431.18,69.02,Paid,2025-05-04
714,2025-05-31,429.26,95.75,Unpaid,
714,2025-06-30,377.46,87.01,Unpaid,
714,2025-07-30,55.27,30.16,Unpaid,
714,2025-08-29,484.79,106.57,Partial,
714,2025-09-28,177.58,43.42,Partial,
715,2025-01-01,62.48,29.79,Partial,
715,2025-01-31,183.31,52.23,Paid,2025-02-06
715,2025-03-02,210.54,56.14,Partial,
715,2025-04-01,464.68,71.14,Paid,2025-04-11
715,2025-05-01,182.47,48.71,Partial,
715,2025-05-31,389.49,94.34,Partial,
715,2025-06-30,300.99,75.85,Unpaid,
715,2025-07-30,235.55,52.57,Paid,2025-08-02
715,2025-08-29,171.9,47.45,Partial,
715,2025-09-28,84.7,34.74,Partial,
716,2025-01-01,319.97,78.02,Partial,
716,2025-01-31,246.92,61.74,Paid,2025-02-06
716,2025-03-02,360.79,65.0,Paid,2025-03-07
716,2025-04-01,332.62,73.44,Paid,2025-04-09
716,2025-05-01,208.82,45.15,Partial,
716,2025-05-31,496.11,85.93,Unpaid,
716,2025-06-30,341.24,76.49,Paid,2025-06-30
716,2025-07-30,233.22,63.61,Partial,
716,2025-08-29,269.87,49.77,Unpaid,
716,2025-09-28,316.88,65.62,Unpaid,
717,2025-01-01,93.92,36.17,Unpaid,
717,2025-01-31,251.65,57.6,Unpaid,
717,2025-03-02,53.07,26.74,Partial,
717,2025-04-01,341.4,78.17,Paid,2025-04-05
717,2025-05-01,86.95,29.38,Partial,
717,2025-05-31,138.51,33.91,Paid,2025-06-08
717,2025-06-30,202.17,47.41,Paid,2025-07-05
717,2025-07-30,401.89,84.4,Unpaid,
717,2025-08-29,196.0,53.81,Unpaid,
717,2025-09-28,486.56,105.63,Paid,2025-09-29
718,2025-01-01,175.92,42.69,Partial,
718,2025-01-31,125.88,37.05,Paid,2025-02-15
718,2025-03-02,95.13,30.48,Partial,
718,2025-04-01,367.87,91.84,Paid,2025-04-08
718,2025-05-01,392.64,59.32,Unpaid,
718,2025-05-31,316.97,62.71,Unpaid,
718,2025-06-30,327.96,54.46,Paid,2025-07-01
718,2025-07-30,436.52,78.56,Unpaid,
718,2025-08-29,434.68,102.07,Partial,
718,2025-09-28,315.38,60.3,Paid,2025-10-01
719,2025-01-01,79.5,33.44,Partial,
719,2025-01-31,320.81,56.46,Partial,
719,2025-03-02,225.71,49.06,Unpaid,
719,2025-04-01,408.09,63.83,Partial,
719,2025-05-01,116.46,35.8,Unpaid,
719,2025-05-31,250.0,45.57,Partial,
719,2025-06-30,415.96,74.23,Partial,
719,2025-07-30,173.51,38.48,Partial,
719,2025-08-29,472.24,99.21,Unpaid,
719,2025-09-28,100.15,39.43,Partial,
720,2025-01-01,295.04,51.31,Partial,
720,2025-01-31,392.42,77.84,Paid,2025-02-12
720,2025-03-02,115.35,38.81,Paid,2025-03-15
720,2025-04-01,104.63,37.1,Partial,
720,2025-05-01,242.32,67.4,Partial,
720,2025-05-31,494.8,115.52,Paid,2025-06-01
720,2025-06-30,187.64,52.87,Unpaid,
720,2025-07-30,149.91,47.45,Paid,2025-08-07
720,2025-08-29,183.64,45.69,Paid,2025-09-03
720,2025-09-28,219.19,45.75,Partial,
721,2025-01-01,131.39,41.39,Partial,
721,2025-01-31,203.81,57.72,Partial,
721,2025-03-02,118.96,42.45,Unpaid,
721,2025-04-01,191.97,46.99,Partial,
721,2025-05-01,212.6,51.35,Partial,
721,2025-05-31,373.95,93.58,Paid,2025-06-10
721,2025-06-30,179.96,39.17,Partial,
721,2025-07-30,166.47,43.19,Unpaid,
721,2025-08-29,211.41,59.1,Unpaid,
721,2025-09-28,409.31,68.5,Paid,2025-10-09
722,2025-01-01,368.84,65.87,Unpaid,
722,2025-01-31,270.23,48.25,Paid,2025-01-31
722,2025-03-02,342.09,85.1,Partial,
722,2025-04-01,331.55,60.98,Partial,
722,2025-05-01,324.55,77.43,Paid,2025-05-08
722,2025-05-31,182.37,40.27,Partial,
722,2025-06-30,486.49,106.06,Partial,
722,2025-07-30,78.15,28.88,Partial,
722,2025-08-29,270.98,65.56,Partial,
722,2025-09-28,290.11,53.62,Partial,
723,2025-01-01,122.36,43.88,Paid,2025-01-02
723,2025-01-31,129.57,33.07,Paid,2025-02-04
723,2025-03-02,258.42,70.99,Unpaid,
723,2025-04-01,420.5,87.95,Unpaid,
723,2025-05-01,414.96,98.55,Unpaid,
723,2025-05-31,171.96,53.07,Unpaid,
723,2025-06-30,153.8,43.25,Unpaid,
723,2025-07-30,462.84,67.3,Partial,
723,2025-08-29,212.21,55.14,Unpaid,
723,2025-09-28,265.47,60.76,Partial,
724,2025-01-01,87.91,37.01,Partial,
724,2025-01-31,220.92,57.25,Unpaid,
724,2025-03-02,185.98,56.43,Partial,
724,2025-04-01,252.67,69.43,Paid,2025-04-05
724,2025-05-01,457.46,74.22,Unpaid,
724,2025-05-31,316.7,78.36,Partial,
724,2025-06-30,320.84,74.64,Paid,2025-07-09
724,2025-07-30,234.87,56.87,Unpaid,
724,2025-08-29,327.9,57.75,Partial,
724,2025-09-28,305.74,74.92,Partial,
725,2025-01-01,298.61,56.39,Unpaid,
725,2025-01-31,454.47,94.33,Paid,2025-02-03
725,2025-03-02,426.28,86.89,Partial,
725,2025-04-01,269.06,65.16,Unpaid,
725,2025-05-01,379.65,68.76,Partial,
725,2025-05-31,374.32,63.56,Paid,2025-06-12
725,2025-06-30,350.9,88.11,Unpaid,
725,2025-07-30,240.64,64.0,Unpaid,
725,2025-08-29,251.43,46.2,Paid,2025-09-13
725,2025-09-28,293.02,64.75,Unpaid,
726,2025-01-01,419.47,75.95,Unpaid,
726,2025-01-31,435.39,75.34,Unpaid,
726,2025-03-02,385.53,81.99,Partial,
726,2025-04-01,106.26,38.97,Unpaid,
726,2025-05-01,177.43,53.87,Unpaid,
726,2025-05-31,307.78,72.68,Unpaid,
726,2025-06-30,212.69,53.19,Unpaid,
726,2025-07-30,495.88,88.27,Unpaid,
726,2025-08-29,213.65,44.66,Unpaid,
726,2025-09-28,106.89,36.9,Unpaid,
727,2025-01-01,292.37,57.16,Paid,2025-01-16
727,2025-01-31,177.05,45.85,Paid,2025-02-06
727,2025-03-02,143.81,47.02,Paid,2025-03-07
727,2025-04-01,189.7,44.51,Paid,2025-04-02
727,2025-05-01,375.96,68.48,Paid,2025-05-12
727,2025-05-31,231.65,65.08,Paid,2025-05-31
727,2025-06-30,228.25,58.18,Paid,2025-07-03
727,2025-07-30,494.28,92.31,Unpaid,
727,2025-08-29,88.85,35.08,Partial,
727,2025-09-28,384.11,60.86,Unpaid,
728,2025-01-01,123.35,43.59,Partial,
728,2025-01-31,452.23,87.05,Partial,
728,2025-03-02,139.97,43.19,Unpaid,
728,2025-04-01,363.17,75.31,Unpaid,
728,2025-05-01,241.56,53.98,Paid,2025-05-11
728,2025-05-31,379.2,84.53,Partial,
728,2025-06-30,286.45,60.68,Paid,2025-07-08
728,2025-07-30,186.31,44.15,Unpaid,
728,2025-08-29,348.03,60.98,Unpaid,
728,2025-09-28,186.13,48.11,Paid,2025-10-12
729,2025-01-01,342.77,63.05,Unpaid,
729,2025-01-31,260.82,46.58,Unpaid,
729,2025-03-02,117.4,33.9,Paid,2025-03-17
729,2025-04-01,225.18,60.47,Partial,
729,2025-05-01,294.08,75.35,Unpaid,
729,2025-05-31,184.88,39.18,Paid,2025-06-15
729,2025-06-30,291.83,77.54,Partial,
729,2025-07-30,178.85,41.21,Unpaid,
729,2025-08-29,348.08,63.7,Paid,2025-09-11
729,2025-09-28,92.83,33.27,Partial,
730,2025-01-01,145.58,43.05,Unpaid,
730,2025-01-31,336.59,85.07,Partial,
730,2025-03-02,349.49,68.61,Unpaid,
730,2025-04-01,139.26,38.84,Paid,2025-04-12
730,2025-05-01,312.61,63.22,Unpaid,
730,2025-05-31,240.99,55.38,Unpaid,
730,2025-06-30,349.79,86.71,Paid,2025-07-13
730,2025-07-30,79.18,31.0,Partial,
730,2025-08-29,194.47,52.38,Paid,2025-08-31
730,2025-09-28,163.81,51.55,Partial,
731,2025-01-01,86.32,31.58,Paid,2025-01-06
731,2025-01-31,174.46,39.78,Paid,2025-02-11
731,2025-03-02,441.52,69.59,Unpaid,
731,2025-04-01,367.12,61.79,Unpaid,
731,2025-05-01,76.54,31.0,Paid,2025-05-04
731,2025-05-31,268.68,48.34,Partial,
731,2025-06-30,325.87,78.03,Paid,2025-07-12
731,2025-07-30,276.77,65.79,Paid,2025-08-03
731,2025-08-29,106.92,36.93,Paid,2025-09-03
731,2025-09-28,101.59,31.08,Partial,
732,2025-01-01,394.03,74.41,Paid,2025-01-06
732,2025-01-31,317.36,80.16,Partial,
732,2025-03-02,440.61,70.44,Partial,
732,2025-04-01,171.49,53.09,Partial,
732,2025-05-01,451.42,98.79,Paid,2025-05-14
732,2025-05-31,260.44,58.5,Unpaid,
732,2025-06-30,228.17,62.62,Unpaid,
732,2025-07-30,166.15,41.57,Unpaid,
732,2025-08-29,113.08,33.46,Partial,
732,2025-09-28,348.32,70.62,Paid,2025-10-08
733,2025-01-01,223.51,44.69,Unpaid,
733,2025-01-31,471.06,103.77,Partial,
733,2025-03-02,375.35,93.86,Unpaid,
733,2025-04-01,245.76,62.15,Partial,
733,2025-05-01,189.45,52.06,Unpaid,
733,2025-05-31,333.23,71.57,Paid,2025-06-11
733,2025-06-30,150.89,40.45,Unpaid,
733,2025-07-30,490.85,105.83,Partial,
733,2025-08-29,185.92,52.44,Paid,2025-09-07
733,2025-09-28,303.05,71.21,Paid,2025-10-05
734,2025-01-01,199.48,46.63,Paid,2025-01-02
734,2025-01-31,262.62,67.23,Paid,2025-02-15
734,2025-03-02,394.63,71.7,Partial,
734,2025-04-01,489.93,98.93,Unpaid,
734,2025-05-01,471.55,69.02,Unpaid,
734,2025-05-31,455.6,96.28,Partial,
734,2025-06-30,136.23,45.5,Partial,
734,2025-07-30,160.18,36.26,Paid,2025-08-13
734,2025-08-29,66.14,29.06,Unpaid,
734,2025-09-28,55.73,28.93,Paid,2025-10-12
735,2025-01-01,236.07,50.31,Paid,2025-01-16
735,2025-01-31,300.48,64.34,Partial,
735,2025-03-02,360.05,65.23,Partial,
735,2025-04-01,435.45,76.24,Partial,
735,2025-05-01,237.6,46.2,Partial,
735,2025-05-31,423.08,85.95,Partial,
735,2025-06-30,459.07,77.68,Paid,2025-07-14
735,2025-07-30,264.38,46.97,Partial,
735,2025-08-29,232.78,48.59,Unpaid,
735,2025-09-28,205.98,41.04,Paid,2025-10-08
736,2025-01-01,216.88,45.44,Paid,2025-01-15
736,2025-01-31,350.25,66.07,Paid,2025-02-11
736,2025-03-02,88.79,36.01,Paid,2025-03-04
736,2025-04-01,227.25,56.6,Partial,
736,2025-05-01,279.06,48.64,Partial,
736,2025-05-31,403.77,67.0,Unpaid,
736,2025-06-30,368.23,81.66,Partial,
736,2025-07-30,188.38,46.85,Unpaid,
736,2025-08-29,238.33,59.28,Unpaid,
736,2025-09-28,174.47,47.07,Unpaid,
737,2025-01-01,123.8,41.09,Unpaid,
737,2025-01-31,289.76,70.23,Unpaid,
737,2025-03-02,350.57,89.82,Paid,2025-03-13
737,2025-04-01,344.92,81.51,Partial,
737,2025-05-01,439.21,72.62,Paid,2025-05-02
737,2025-05-31,225.41,55.4,Unpaid,
737,2025-06-30,109.6,35.37,Partial,
737,2025-07-30,499.81,107.16,Partial,
737,2025-08-29,277.51,67.43,Paid,2025-09-05
737,2025-09-28,322.62,66.53,Partial,
738,2025-01-01,403.2,69.38,Partial,
738,2025-01-31,383.9,64.03,Unpaid,
738,2025-03-02,393.14,76.42,Partial,
738,2025-04-01,163.73,42.19,Partial,
738,2025-05-01,248.81,51.39,Paid,2025-05-11
738,2025-05-31,430.64,91.74,Partial,
738,2025-06-30,495.37,81.13,Unpaid,
738,2025-07-30,133.5,45.49,Unpaid,
738,2025-08-29,114.88,34.91,Paid,2025-09-01
738,2025-09-28,226.88,47.08,Partial,
739,2025-01-01,90.4,31.9,Paid,2025-01-04
739,2025-01-31,496.76,77.35,Partial,
739,2025-03-02,437.66,67.78,Unpaid,
739,2025-04-01,438.3,67.35,Unpaid,
739,2025-05-01,132.69,36.39,Partial,
739,2025-05-31,332.41,55.33,Unpaid,
739,2025-06-30,274.14,47.83,Partial,
739,2025-07-30,493.16,76.95,Unpaid,
739,2025-08-29,302.53,78.65,Paid,2025-09-07
739,2025-09-28,406.04,99.02,Unpaid,
740,2025-01-01,405.58,94.45,Paid,2025-01-15
740,2025-01-31,163.75,51.54,Paid,2025-02-02
740,2025-03-02,366.48,74.87,Unpaid,
740,2025-04-01,179.85,46.97,Partial,
740,2025-05-01,103.65,33.44,Paid,2025-05-02
740,2025-05-31,186.99,40.56,Unpaid,
740,2025-06-30,293.36,50.35,Partial,
740,2025-07-30,80.3,33.58,Paid,2025-08-02
740,2025-08-29,477.03,85.99,Unpaid,
740,2025-09-28,398.56,66.13,Paid,2025-10-12
741,2025-01-01,53.93,27.78,Paid,2025-01-05
741,2025-01-31,396.14,86.14,Paid,2025-02-08
741,2025-03-02,219.74,57.27,Paid,2025-03-15
741,2025-04-01,155.53,45.72,Paid,2025-04-09
741,2025-05-01,207.26,48.72,Partial,
741,2025-05-31,327.37,83.87,Paid,2025-06-10
741,2025-06-30,330.5,55.08,Paid,2025-07-02
741,2025-07-30,466.34,71.82,Unpaid,
741,2025-08-29,146.09,40.07,Partial,
741,2025-09-28,349.63,81.96,Partial,
742,2025-01-01,50.58,26.43,Paid,2025-01-11
742,2025-01-31,164.14,48.14,Partial,
742,2025-03-02,160.61,38.79,Unpaid,
742,2025-04-01,274.65,74.76,Unpaid,
742,2025-05-01,186.62,42.84,Partial,
742,2025-05-31,287.13,53.61,Unpaid,
742,2025-06-30,68.03,31.33,Paid,2025-07-13
742,2025-07-30,297.26,68.62,Unpaid,
742,2025-08-29,194.13,54.76,Paid,2025-09-09
742,2025-09-28,100.09,35.59,Partial,
743,2025-01-01,165.17,45.79,Unpaid,
743,2025-01-31,412.68,101.16,Unpaid,
743,2025-03-02,125.48,40.07,Partial,
743,2025-04-01,444.76,102.59,Unpaid,
743,2025-05-01,345.45,66.56,Partial,
743,2025-05-31,333.95,72.36,Partial,
743,2025-06-30,424.23,71.24,Partial,
743,2025-07-30,411.97,80.0,Partial,
743,2025-08-29,145.3,41.84,Partial,
743,2025-09-28,132.78,45.68,Unpaid,
744,2025-01-01,442.14,91.77,Paid,2025-01-09
744,2025-01-31,199.1,45.03,Paid,2025-02-15
744,2025-03-02,363.19,84.37,Partial,
744,2025-04-01,366.41,66.43,Unpaid,
744,2025-05-01,139.06,46.59,Partial,
744,2025-05-31,478.53,102.96,Unpaid,
744,2025-06-30,169.61,41.13,Paid,2025-07-07
744,2025-07-30,459.61,86.13,Paid,2025-08-02
744,2025-08-29,194.52,47.78,Paid,2025-09-01
744,2025-09-28,57.46,27.55,Paid,2025-10-10
745,2025-01-01,130.64,43.32,Paid,2025-01-05
745,2025-01-31,247.06,51.31,Paid,2025-02-03
745,2025-03-02,357.15,66.78,Paid,2025-03-08
745,2025-04-01,55.75,29.74,Unpaid,
745,2025-05-01,379.96,63.69,Partial,
745,2025-05-31,489.4,93.15,Partial,
745,2025-06-30,266.05,52.61,Unpaid,
745,2025-07-30,140.14,43.84,Paid,2025-08-10
745,2025-08-29,436.28,69.52,Paid,2025-09-07
745,2025-09-28,279.7,69.48,Unpaid,
746,2025-01-01,147.28,48.71,Paid,2025-01-14
746,2025-01-31,212.4,46.05,Paid,2025-02-09
746,2025-03-02,424.67,67.93,Unpaid,
746,2025-04-01,155.52,41.38,Partial,
746,2025-05-01,496.47,92.49,Partial,
746,2025-05-31,397.3,72.15,Unpaid,
746,2025-06-30,158.5,37.56,Paid,2025-07-07
746,2025-07-30,370.8,65.16,Partial,
746,2025-08-29,452.89,76.19,Paid,2025-09-03
746,2025-09-28,290.34,55.13,Unpaid,
747,2025-01-01,349.95,62.76,Unpaid,
747,2025-01-31,442.57,93.42,Partial,
747,2025-03-02,71.34,28.62,Paid,2025-03-15
747,2025-04-01,390.43,94.82,Partial,
747,2025-05-01,468.57,80.29,Unpaid,
747,2025-05-31,219.09,45.84,Unpaid,
747,2025-06-30,55.01,28.47,Partial,
747,2025-07-30,310.81,78.16,Unpaid,
747,2025-08-29,173.73,46.54,Paid,2025-09-13
747,2025-09-28,174.64,49.44,Paid,2025-10-08
748,2025-01-01,64.33,31.15,Partial,
748,2025-01-31,323.09,69.27,Paid,2025-02-07
748,2025-03-02,175.72,45.04,Partial,
748,2025-04-01,334.7,58.93,Unpaid,
748,2025-05-01,444.0,77.51,Paid,2025-05-07
748,2025-05-31,114.14,32.05,Unpaid,
748,2025-06-30,458.44,110.87,Unpaid,
748,2025-07-30,365.36,60.23,Partial,
748,2025-08-29,189.13,48.5,Unpaid,
748,2025-09-28,406.2,98.81,Paid,2025-10-12
749,2025-01-01,400.91,99.57,Partial,
749,2025-01-31,491.73,92.63,Partial,
749,2025-03-02,191.62,39.59,Paid,2025-03-04
749,2025-04-01,289.02,57.82,Unpaid,
749,2025-05-01,426.14,64.68,Partial,
749,2025-05-31,88.76,35.32,Partial,
749,2025-06-30,102.92,30.42,Paid,2025-07-08
749,2025-07-30,270.45,61.92,Partial,
749,2025-08-29,327.52,71.37,Paid,2025-09-03
749,2025-09-28,398.77,98.56,Unpaid,
750,2025-01-01,243.51,44.6,Partial,
750,2025-01-31,286.32,73.99,Partial,
750,2025-03-02,81.83,31.83,Unpaid,
750,2025-04-01,434.75,88.7,Paid,2025-04-07
750,2025-05-01,68.95,29.49,Paid,2025-05-07
750,2025-05-31,357.12,80.95,Paid,2025-06-02
750,2025-06-30,483.21,88.13,Partial,
750,2025-07-30,180.77,54.17,Paid,2025-08-03
750,2025-08-29,313.13,73.47,Unpaid,
750,2025-09-28,268.0,70.57,Partial,
751,2025-01-01,94.92,33.77,Partial,
751,2025-01-31,405.89,73.22,Unpaid,
751,2025-03-02,484.14,68.85,Paid,2025-03-03
751,2025-04-01,249.71,61.84,Paid,2025-04-06
751,2025-05-01,245.54,67.11,Paid,2025-05-03
751,2025-05-31,93.79,31.47,Partial,
751,2025-06-30,269.82,69.3,Unpaid,
751,2025-07-30,386.65,90.82,Paid,2025-08-04
751,2025-08-29,458.13,95.33,Paid,2025-09-10
751,2025-09-28,190.92,54.49,Partial,
752,2025-01-01,258.55,57.28,Paid,2025-01-02
752,2025-01-31,174.15,52.61,Partial,
752,2025-03-02,144.91,47.47,Unpaid,
752,2025-04-01,203.81,45.86,Unpaid,
752,2025-05-01,236.81,52.13,Paid,2025-05-04
752,2025-05-31,399.07,96.18,Unpaid,
752,2025-06-30,124.14,40.11,Partial,
752,2025-07-30,305.84,77.13,Partial,
752,2025-08-29,240.56,62.31,Unpaid,
752,2025-09-28,384.98,92.2,Paid,2025-10-13
753,2025-01-01,177.78,42.06,Unpaid,
753,2025-01-31,332.92,84.0,Paid,2025-02-04
753,2025-03-02,471.27,69.18,Unpaid,
753,2025-04-01,280.87,49.09,Paid,2025-04-04
753,2025-05-01,261.24,68.29,Unpaid,
753,2025-05-31,319.59,64.09,Unpaid,
753,2025-06-30,342.78,63.71,Partial,
753,2025-07-30,492.11,71.71,Partial,
753,2025-08-29,124.72,42.43,Unpaid,
753,2025-09-28,93.9,34.56,Unpaid,
754,2025-01-01,210.23,47.14,Unpaid,
754,2025-01-31,386.54,71.63,Unpaid,
754,2025-03-02,437.24,78.79,Partial,
754,2025-04-01,87.34,32.93,Paid,2025-04-10
754,2025-05-01,83.57,35.0,Paid,2025-05-09
754,2025-05-31,68.69,28.2,Partial,
754,2025-06-30,115.61,38.6,Paid,2025-07-02
754,2025-07-30,292.21,76.51,Unpaid,
754,2025-08-29,76.39,27.81,Unpaid,
754,2025-09-28,139.37,39.94,Unpaid,
755,2025-01-01,374.11,92.11,Unpaid,
755,2025-01-31,299.23,57.71,Partial,
755,2025-03-02,475.27,103.64,Unpaid,
755,2025-04-01,406.02,78.88,Unpaid,
755,2025-05-01,360.61,61.92,Unpaid,
755,2025-05-31,366.11,80.87,Unpaid,
755,2025-06-30,437.91,82.52,Paid,2025-07-05
755,2025-07-30,306.66,71.25,Paid,2025-08-05
755,2025-08-29,204.13,43.6,Unpaid,
755,2025-09-28,400.3,98.77,Partial,
756,2025-01-01,298.98,57.23,Paid,2025-01-10
756,2025-01-31,275.6,73.34,Unpaid,
756,2025-03-02,492.33,102.2,Partial,
756,2025-04-01,168.64,53.56,Unpaid,
756,2025-05-01,126.81,34.92,Partial,
756,2025-05-31,310.66,64.47,Unpaid,
756,2025-06-30,396.65,77.36,Unpaid,
756,2025-07-30,419.81,100.3,Unpaid,
756,2025-08-29,54.93,27.83,Partial,
756,2025-09-28,465.64,77.47,Partial,
757,2025-01-01,310.97,75.64,Paid,2025-01-09
757,2025-01-31,382.25,58.74,Partial,
757,2025-03-02,63.46,27.72,Paid,2025-03-14
757,2025-04-01,462.73,71.16,Partial,
757,2025-05-01,458.26,67.86,Partial,
757,2025-05-31,170.49,48.2,Unpaid,
757,2025-06-30,486.29,117.01,Paid,2025-07-04
757,2025-07-30,434.18,100.7,Partial,
757,2025-08-29,96.65,29.8,Partial,
757,2025-09-28,493.65,111.51,Unpaid,
758,2025-01-01,419.58,66.3,Paid,2025-01-09
758,2025-01-31,272.02,53.92,Unpaid,
758,2025-03-02,225.25,46.55,Partial,
758,2025-04-01,113.53,33.1,Paid,2025-04-07
758,2025-05-01,84.35,36.4,Partial,
758,2025-05-31,77.99,30.85,Partial,
758,2025-06-30,101.49,32.84,Partial,
758,2025-07-30,54.22,30.61,Unpaid,
758,2025-08-29,415.4,76.04,Paid,2025-09-05
758,2025-09-28,387.17,67.0,Paid,2025-09-30
759,2025-01-01,215.52,54.22,Paid,2025-01-06
759,2025-01-31,352.72,59.59,Partial,
759,2025-03-02,197.96,52.37,Unpaid,
759,2025-04-01,307.95,73.62,Unpaid,
759,2025-05-01,167.85,47.05,Paid,2025-05-10
759,2025-05-31,237.23,64.44,Partial,
759,2025-06-30,301.4,77.15,Paid,2025-07-02
759,2025-07-30,178.04,37.95,Unpaid,
759,2025-08-29,67.19,32.72,Partial,
759,2025-09-28,273.69,57.78,Paid,2025-09-29
760,2025-01-01,485.18,96.79,Unpaid,
760,2025-01-31,126.86,40.82,Paid,2025-02-08
760,2025-03-02,119.88,39.62,Partial,
760,2025-04-01,232.3,57.08,Partial,
760,2025-05-01,325.46,68.7,Paid,2025-05-01
760,2025-05-31,264.08,70.23,Paid,2025-06-12
760,2025-06-30,416.64,96.75,Partial,
760,2025-07-30,225.38,55.18,Partial,
760,2025-08-29,419.63,71.54,Partial,
760,2025-09-28,284.65,52.95,Paid,2025-10-03
761,2025-01-01,110.4,31.36,Partial,
761,2025-01-31,377.47,79.14,Partial,
761,2025-03-02,158.45,47.19,Partial,
761,2025-04-01,469.84,90.94,Unpaid,
761,2025-05-01,203.65,43.61,Unpaid,
761,2025-05-31,467.41,81.75,Partial,
761,2025-06-30,79.23,32.63,Unpaid,
761,2025-07-30,293.11,54.61,Paid,2025-08-06
761,2025-08-29,113.02,39.31,Paid,2025-08-29
761,2025-09-28,404.34,98.06,Unpaid,
762,2025-01-01,314.21,56.03,Paid,2025-01-14
762,2025-01-31,248.39,49.35,Unpaid,
762,2025-03-02,408.58,97.26,Partial,
762,2025-04-01,457.85,77.08,Paid,2025-04-12
762,2025-05-01,391.94,69.35,Paid,2025-05-04
762,2025-05-31,239.49,59.02,Partial,
762,2025-06-30,442.12,101.63,Paid,2025-07-10
762,2025-07-30,90.65,30.43,Paid,2025-08-08
762,2025-08-29,111.35,38.15,Paid,2025-09-13
762,2025-09-28,57.2,27.47,Unpaid,
763,2025-01-01,304.15,67.83,Paid,2025-01-14
763,2025-01-31,130.15,37.11,Paid,2025-02-03
763,2025-03-02,495.94,87.31,Partial,
763,2025-04-01,318.28,76.92,Unpaid,
763,2025-05-01,197.77,42.0,Unpaid,
763,2025-05-31,203.11,40.35,Unpaid,
763,2025-06-30,263.14,58.85,Unpaid,
763,2025-07-30,263.73,48.18,Paid,2025-08-09
763,2025-08-29,84.1,35.24,Unpaid,
763,2025-09-28,455.35,83.92,Unpaid,
764,2025-01-01,233.23,57.54,Unpaid,
764,2025-01-31,266.44,49.47,Paid,2025-02-06
764,2025-03-02,97.57,34.85,Paid,2025-03-02
764,2025-04-01,131.59,43.77,Unpaid,
764,2025-05-01,263.66,68.41,Paid,2025-05-10
764,2025-05-31,54.35,25.49,Partial,
764,2025-06-30,443.99,79.57,Partial,
764,2025-07-30,197.57,41.15,Partial,
764,2025-08-29,295.76,76.12,Paid,2025-09-03
764,2025-09-28,387.28,87.68,Unpaid,
765,2025-01-01,135.03,42.71,Partial,
765,2025-01-31,363.99,67.35,Unpaid,
765,2025-03-02,296.57,63.13,Partial,
765,2025-04-01,183.45,44.06,Paid,2025-04-03
765,2025-05-01,292.53,71.72,Paid,2025-05-10
765,2025-05-31,125.56,40.32,Unpaid,
765,2025-06-30,144.21,45.8,Paid,2025-07-04
765,2025-07-30,161.7,43.91,Paid,2025-08-09
765,2025-08-29,258.23,60.1,Paid,2025-09-05
765,2025-09-28,455.93,107.91,Unpaid,
766,2025-01-01,182.53,43.51,Paid,2025-01-09
766,2025-01-31,365.74,71.81,Partial,
766,2025-03-02,170.76,40.78,Partial,
766,2025-04-01,213.99,52.64,Paid,2025-04-08
766,2025-05-01,246.27,68.32,Unpaid,
766,2025-05-31,294.16,68.52,Partial,
766,2025-06-30,250.05,68.76,Paid,2025-07-02
766,2025-07-30,137.43,44.8,Partial,
766,2025-08-29,156.13,39.69,Partial,
766,2025-09-28,109.53,32.73,Unpaid,
767,2025-01-01,450.4,90.55,Partial,
767,2025-01-31,492.92,88.77,Partial,
767,2025-03-02,310.22,81.05,Unpaid,
767,2025-04-01,493.28,118.02,Partial,
767,2025-05-01,333.66,58.52,Paid,2025-05-07
767,2025-05-31,370.44,74.32,Unpaid,
767,2025-06-30,340.79,60.11,Unpaid,
767,2025-07-30,420.52,85.41,Paid,2025-08-13
767,2025-08-29,191.47,41.13,Partial,
767,2025-09-28,318.71,55.23,Partial,
768,2025-01-01,366.48,84.64,Paid,2025-01-16
768,2025-01-31,112.83,35.53,Partial,
768,2025-03-02,238.99,46.93,Unpaid,
768,2025-04-01,309.53,61.56,Partial,
768,2025-05-01,343.39,68.81,Paid,2025-05-01
768,2025-05-31,226.4,58.23,Unpaid,
768,2025-06-30,162.52,46.02,Paid,2025-07-11
768,2025-07-30,190.62,45.07,Unpaid,
768,2025-08-29,355.88,63.26,Unpaid,
768,2025-09-28,441.94,70.2,Unpaid,
769,2025-01-01,165.3,42.47,Partial,
769,2025-01-31,154.32,37.27,Unpaid,
769,2025-03-02,443.45,92.24,Paid,2025-03-10
769,2025-04-01,350.99,60.82,Partial,
769,2025-05-01,328.32,64.61,Partial,
769,2025-05-31,211.2,58.98,Unpaid,
769,2025-06-30,67.71,30.77,Partial,
769,2025-07-30,445.28,85.44,Paid,2025-08-07
769,2025-08-29,181.42,38.69,Unpaid,
769,2025-09-28,296.17,64.58,Partial,
770,2025-01-01,440.58,85.74,Partial,
770,2025-01-31,59.06,29.8,Paid,2025-02-02
770,2025-03-02,293.0,66.43,Partial,
770,2025-04-01,118.71,36.96,Paid,2025-04-09
770,2025-05-01,494.3,103.21,Partial,
770,2025-05-31,303.47,67.13,Paid,2025-06-11
770,2025-06-30,197.43,48.7,Partial,
770,2025-07-30,378.51,94.2,Paid,2025-08-14
770,2025-08-29,199.39,48.29,Partial,
770,2025-09-28,488.2,77.65,Paid,2025-10-11
771,2025-01-01,257.6,47.46,Unpaid,
771,2025-01-31,234.54,50.23,Paid,2025-02-15
771,2025-03-02,268.54,68.94,Unpaid,
771,2025-04-01,138.01,40.92,Unpaid,
771,2025-05-01,412.94,86.7,Partial,
771,2025-05-31,445.15,68.74,Paid,2025-06-15
771,2025-06-30,331.51,63.58,Paid,2025-07-09
771,2025-07-30,214.88,50.8,Unpaid,
771,2025-08-29,432.38,84.2,Paid,2025-09-11
771,2025-09-28,434.84,68.37,Partial,
772,2025-01-01,406.45,67.44,Unpaid,
772,2025-01-31,383.42,68.18,Partial,
772,2025-03-02,435.19,88.15,Partial,
772,2025-04-01,189.1,40.49,Unpaid,
772,2025-05-01,151.9,44.86,Unpaid,
772,2025-05-31,55.98,25.86,Paid,2025-06-13
772,2025-06-30,203.21,50.07,Unpaid,
772,2025-07-30,97.98,39.4,Unpaid,
772,2025-08-29,362.2,81.16,Paid,2025-09-13
772,2025-09-28,279.39,60.23,Unpaid,
773,2025-01-01,424.46,74.63,Unpaid,
773,2025-01-31,146.53,46.11,Unpaid,
773,2025-03-02,144.91,45.11,Partial,
773,2025-04-01,198.6,40.85,Paid,2025-04-02
773,2025-05-01,243.99,47.28,Unpaid,
773,2025-05-31,422.82,95.13,Partial,
773,2025-06-30,445.63,109.07,Partial,
773,2025-07-30,286.18,55.6,Paid,2025-08-13
773,2025-08-29,51.19,26.79,Paid,2025-09-10
773,2025-09-28,229.88,59.3,Paid,2025-10-04
774,2025-01-01,438.3,76.62,Partial,
774,2025-01-31,146.47,39.0,Partial,
774,2025-03-02,206.82,53.01,Paid,2025-03-10
774,2025-04-01,492.05,104.4,Partial,
774,2025-05-01,359.55,86.63,Partial,
774,2025-05-31,444.74,90.2,Unpaid,
774,2025-06-30,221.81,49.36,Unpaid,
774,2025-07-30,422.53,75.08,Paid,2025-07-30
774,2025-08-29,250.24,47.97,Partial,
774,2025-09-28,98.39,37.68,Paid,2025-10-13
775,2025-01-01,157.03,45.18,Partial,
775,2025-01-31,327.24,60.25,Unpaid,
775,2025-03-02,204.74,49.62,Paid,2025-03-09
775,2025-04-01,333.86,64.16,Unpaid,
775,2025-05-01,370.55,69.25,Unpaid,
775,2025-05-31,138.89,45.69,Paid,2025-06-09
775,2025-06-30,226.74,43.45,Paid,2025-07-06
775,2025-07-30,294.49,76.46,Unpaid,
775,2025-08-29,228.64,61.29,Paid,2025-09-10
775,2025-09-28,409.47,91.29,Unpaid,
776,2025-01-01,402.16,69.94,Paid,2025-01-16
776,2025-01-31,381.88,74.44,Paid,2025-02-14
776,2025-03-02,307.11,57.68,Partial,
776,2025-04-01,323.44,72.12,Paid,2025-04-15
776,2025-05-01,439.52,68.85,Paid,2025-05-13
776,2025-05-31,350.16,72.92,Partial,
776,2025-06-30,486.99,70.95,Unpaid,
776,2025-07-30,469.44,77.04,Paid,2025-08-10
776,2025-08-29,340.13,54.19,Partial,
776,2025-09-28,152.13,38.3,Unpaid,
777,2025-01-01,182.45,45.01,Paid,2025-01-02
777,2025-01-31,437.66,86.97,Unpaid,
777,2025-03-02,305.73,75.32,Partial,
777,2025-04-01,306.25,51.17,Paid,2025-04-07
777,2025-05-01,204.79,41.74,Unpaid,
777,2025-05-31,256.51,48.48,Paid,2025-06-13
777,2025-06-30,438.45,73.17,Unpaid,
777,2025-07-30,354.6,65.2,Unpaid,
777,2025-08-29,315.76,68.26,Partial,
777,2025-09-28,384.35,60.63,Unpaid,
778,2025-01-01,94.1,31.37,Partial,
778,2025-01-31,484.53,107.2,Partial,
778,2025-03-02,435.19,103.33,Partial,
778,2025-04-01,448.96,101.11,Partial,
778,2025-05-01,327.71,65.51,Unpaid,
778,2025-05-31,333.39,62.34,Partial,
778,2025-06-30,431.48,87.96,Paid,2025-07-04
778,2025-07-30,135.14,46.39,Unpaid,
778,2025-08-29,260.3,53.72,Partial,
778,2025-09-28,282.39,62.14,Paid,2025-10-09
779,2025-01-01,422.46,73.72,Partial,
779,2025-01-31,207.47,43.24,Paid,2025-02-13
779,2025-03-02,404.15,87.47,Partial,
779,2025-04-01,405.78,61.78,Unpaid,
779,2025-05-01,408.79,62.89,Partial,
779,2025-05-31,216.44,51.28,Unpaid,
779,2025-06-30,444.24,91.05,Paid,2025-07-08
779,2025-07-30,274.31,51.53,Partial,
779,2025-08-29,395.98,86.12,Unpaid,
779,2025-09-28,54.2,27.31,Unpaid,
780,2025-01-01,450.99,80.17,Paid,2025-01-11
780,2025-01-31,336.71,84.55,Paid,2025-02-05
780,2025-03-02,404.91,76.16,Partial,
780,2025-04-01,341.65,60.87,Paid,2025-04-07
780,2025-05-01,390.85,85.36,Partial,
780,2025-05-31,384.09,96.58,Partial,
780,2025-06-30,152.18,49.79,Paid,2025-07-14
780,2025-07-30,473.98,88.82,Unpaid,
780,2025-08-29,259.77,58.58,Unpaid,
780,2025-09-28,330.34,83.61,Partial,
781,2025-01-01,466.06,68.9,Partial,
781,2025-01-31,150.14,35.65,Paid,2025-02-09
781,2025-03-02,389.55,74.34,Unpaid,
781,2025-04-01,175.71,50.48,Partial,
781,2025-05-01,456.88,85.22,Partial,
781,2025-05-31,403.69,91.67,Partial,
781,2025-06-30,455.08,73.55,Paid,2025-07-06
781,2025-07-30,377.1,95.22,Unpaid,
781,2025-08-29,261.5,64.28,Unpaid,
781,2025-09-28,494.04,106.85,Paid,2025-10-03
782,2025-01-01,134.09,44.37,Paid,2025-01-09
782,2025-01-31,289.64,70.02,Unpaid,
782,2025-03-02,388.72,70.86,Partial,
782,2025-04-01,472.01,69.25,Unpaid,
782,2025-05-01,100.96,31.54,Unpaid,
782,2025-05-31,54.08,28.61,Partial,
782,2025-06-30,102.92,33.88,Unpaid,
782,2025-07-30,326.98,79.76,Partial,
782,2025-08-29,303.21,79.22,Unpaid,
782,2025-09-28,239.16,45.84,Paid,2025-09-28
783,2025-01-01,129.53,33.81,Unpaid,
783,2025-01-31,107.2,31.52,Unpaid,
783,2025-03-02,464.41,111.56,Paid,2025-03-06
783,2025-04-01,448.79,77.14,Unpaid,
783,2025-05-01,441.38,75.49,Unpaid,
783,2025-05-31,348.36,75.27,Unpaid,
783,2025-06-30,65.31,27.06,Unpaid,
783,2025-07-30,377.49,68.78,Paid,2025-08-12
783,2025-08-29,247.48,65.35,Paid,2025-09-11
783,2025-09-28,329.55,84.03,Partial,
784,2025-01-01,407.62,70.23,Paid,2025-01-08
784,2025-01-31,295.0,74.23,Partial,
784,2025-03-02,368.87,82.96,Partial,
784,2025-04-01,198.13,40.55,Unpaid,
784,2025-05-01,91.18,30.37,Partial,
784,2025-05-31,281.6,61.82,Partial,
784,2025-06-30,342.84,79.82,Unpaid,
784,2025-07-30,483.59,88.74,Partial,
784,2025-08-29,389.82,73.66,Paid,2025-09-02
784,2025-09-28,439.22,74.21,Partial,
785,2025-01-01,431.05,105.1,Partial,
785,2025-01-31,155.66,38.82,Unpaid,
785,2025-03-02,317.64,66.6,Partial,
785,2025-04-01,58.79,29.43,Partial,
785,2025-05-01,181.44,51.79,Paid,2025-05-12
785,2025-05-31,456.41,99.27,Paid,2025-06-15
785,2025-06-30,113.44,37.73,Paid,2025-07-11
785,2025-07-30,369.9,87.39,Unpaid,
785,2025-08-29,217.55,47.05,Unpaid,
785,2025-09-28,465.78,68.21,Unpaid,
786,2025-01-01,238.06,54.13,Partial,
786,2025-01-31,486.26,113.82,Unpaid,
786,2025-03-02,146.9,46.04,Partial,
786,2025-04-01,452.86,89.25,Partial,
786,2025-05-01,125.22,41.72,Paid,2025-05-05
786,2025-05-31,413.67,65.31,Partial,
786,2025-06-30,432.69,92.2,Partial,
786,2025-07-30,448.96,97.61,Paid,2025-08-06
786,2025-08-29,97.83,33.74,Paid,2025-09-12
786,2025-09-28,324.74,54.69,Unpaid,
787,2025-01-01,229.33,60.02,Unpaid,
787,2025-01-31,496.44,91.4,Paid,2025-02-11
787,2025-03-02,341.75,63.88,Paid,2025-03-10
787,2025-04-01,125.59,38.33,Paid,2025-04-04
787,2025-05-01,278.07,72.76,Partial,
787,2025-05-31,493.29,81.82,Unpaid,
787,2025-06-30,101.19,39.5,Unpaid,
787,2025-07-30,295.36,67.7,Unpaid,
787,2025-08-29,392.0,74.11,Unpaid,
787,2025-09-28,134.35,44.39,Unpaid,
788,2025-01-01,166.44,51.82,Partial,
788,2025-01-31,454.87,90.34,Partial,
788,2025-03-02,408.17,61.04,Partial,
788,2025-04-01,137.34,34.53,Unpaid,
788,2025-05-01,480.25,110.18,Paid,2025-05-12
788,2025-05-31,71.41,30.41,Paid,2025-06-04
788,2025-06-30,315.81,55.71,Unpaid,
788,2025-07-30,477.61,76.72,Unpaid,
788,2025-08-29,479.4,89.8,Unpaid,
788,2025-09-28,106.26,40.91,Unpaid,
789,2025-01-01,379.11,71.15,Unpaid,
789,2025-01-31,237.76,59.2,Paid,2025-02-06
789,2025-03-02,474.81,79.76,Partial,
789,2025-04-01,308.26,81.5,Unpaid,
789,2025-05-01,59.39,28.87,Partial,
789,2025-05-31,407.9,97.06,Partial,
789,2025-06-30,398.93,90.11,Paid,2025-07-02
789,2025-07-30,237.37,54.68,Unpaid,
789,2025-08-29,132.67,43.41,Partial,
789,2025-09-28,436.84,89.08,Unpaid,
790,2025-01-01,72.57,28.66,Paid,2025-01-09
790,2025-01-31,90.23,32.38,Unpaid,
790,2025-03-02,267.69,59.55,Unpaid,
790,2025-04-01,244.89,64.9,Paid,2025-04-11
790,2025-05-01,259.05,66.3,Unpaid,
790,2025-05-31,157.98,43.31,Paid,2025-06-04
790,2025-06-30,409.78,84.35,Unpaid,
790,2025-07-30,264.2,60.35,Partial,
790,2025-08-29,398.37,66.93,Unpaid,
790,2025-09-28,70.83,30.42,Unpaid,
791,2025-01-01,498.97,87.36,Partial,
791,2025-01-31,233.5,51.92,Unpaid,
791,2025-03-02,181.5,50.38,Partial,
791,2025-04-01,267.71,49.11,Partial,
791,2025-05-01,338.71,54.4,Unpaid,
791,2025-05-31,392.46,65.82,Unpaid,
791,2025-06-30,169.62,51.92,Partial,
791,2025-07-30,113.31,40.26,Partial,
791,2025-08-29,483.28,97.62,Unpaid,
791,2025-09-28,499.45,118.08,Partial,
792,2025-01-01,476.09,108.66,Partial,
792,2025-01-31,111.36,33.9,Paid,2025-02-07
792,2025-03-02,490.75,92.73,Unpaid,
792,2025-04-01,75.52,34.73,Unpaid,
792,2025-05-01,270.2,72.2,Paid,2025-05-05
792,2025-05-31,68.21,30.72,Partial,
792,2025-06-30,216.97,42.1,Unpaid,
792,2025-07-30,163.96,37.42,Paid,2025-08-09
792,2025-08-29,368.49,91.44,Partial,
792,2025-09-28,284.94,64.23,Paid,2025-09-30
793,2025-01-01,381.03,96.08,Partial,
793,2025-01-31,363.71,61.1,Partial,
793,2025-03-02,410.67,61.36,Unpaid,
793,2025-04-01,190.53,55.52,Paid,2025-04-07
793,2025-05-01,422.28,65.26,Unpaid,
793,2025-05-31,323.75,66.3,Paid,2025-06-01
793,2025-06-30,323.26,78.18,Partial,
793,2025-07-30,89.54,37.37,Unpaid,
793,2025-08-29,136.32,36.01,Paid,2025-09-07
793,2025-09-28,313.67,57.49,Unpaid,
794,2025-01-01,382.16,84.43,Paid,2025-01-09
794,2025-01-31,485.22,96.55,Paid,2025-02-06
794,2025-03-02,295.94,77.87,Paid,2025-03-10
794,2025-04-01,329.51,76.49,Paid,2025-04-07
794,2025-05-01,194.66,49.57,Paid,2025-05-16
794,2025-05-31,350.06,76.42,Paid,2025-06-03
794,2025-06-30,106.42,37.19,Paid,2025-07-07
794,2025-07-30,234.29,56.93,Partial,
794,2025-08-29,434.78,78.49,Unpaid,
794,2025-09-28,421.67,67.62,Partial,
795,2025-01-01,445.17,80.48,Partial,
795,2025-01-31,331.3,82.95,Partial,
795,2025-03-02,346.02,68.6,Unpaid,
795,2025-04-01,150.82,45.54,Paid,2025-04-10
795,2025-05-01,105.27,32.7,Partial,
795,2025-05-31,190.6,55.78,Partial,
795,2025-06-30,410.85,76.8,Paid,2025-07-03
795,2025-07-30,294.77,77.74,Partial,
795,2025-08-29,450.45,74.19,Unpaid,
795,2025-09-28,404.76,95.53,Paid,2025-09-30
796,2025-01-01,362.61,86.96,Paid,2025-01-14
796,2025-01-31,496.27,115.02,Unpaid,
796,2025-03-02,67.12,26.82,Partial,
796,2025-04-01,297.81,75.84,Partial,
796,2025-05-01,181.69,45.54,Unpaid,
796,2025-05-31,57.77,29.15,Partial,
796,2025-06-30,370.64,61.44,Paid,2025-07-09
796,2025-07-30,431.47,104.59,Paid,2025-08-09
796,2025-08-29,179.07,43.55,Partial,
796,2025-09-28,168.83,38.53,Unpaid,
797,2025-01-01,457.79,76.7,Paid,2025-01-05
797,2025-01-31,267.41,69.7,Paid,2025-02-07
797,2025-03-02,151.57,37.96,Partial,
797,2025-04-01,162.72,44.32,Paid,2025-04-16
797,2025-05-01,111.96,33.91,Paid,2025-05-04
797,2025-05-31,78.48,29.28,Unpaid,
797,2025-06-30,86.46,32.0,Unpaid,
797,2025-07-30,152.23,43.05,Unpaid,
797,2025-08-29,237.89,55.89,Unpaid,
797,2025-09-28,435.09,64.9,Paid,2025-10-05
798,2025-01-01,336.07,76.86,Paid,2025-01-09
798,2025-01-31,70.38,28.81,Partial,
798,2025-03-02,280.09,55.11,Paid,2025-03-09
798,2025-04-01,301.03,79.02,Partial,
798,2025-05-01,447.5,98.15,Paid,2025-05-15
798,2025-05-31,102.29,31.24,Unpaid,
798,2025-06-30,381.04,82.81,Unpaid,
798,2025-07-30,241.62,65.12,Unpaid,
798,2025-08-29,377.97,92.04,Unpaid,
798,2025-09-28,403.42,86.29,Paid,2025-09-29
799,2025-01-01,164.83,39.46,Partial,
799,2025-01-31,126.24,40.23,Paid,2025-02-14
799,2025-03-02,432.9,72.75,Paid,2025-03-04
799,2025-04-01,245.72,52.52,Unpaid,
799,2025-05-01,274.94,59.68,Paid,2025-05-02
799,2025-05-31,397.53,62.47,Partial,
799,2025-06-30,112.47,36.87,Unpaid,
799,2025-07-30,150.96,45.38,Partial,
799,2025-08-29,264.34,63.56,Paid,2025-09-04
799,2025-09-28,466.2,111.08,Unpaid,
800,2025-01-01,103.04,36.8,Paid,2025-01-03
800,2025-01-31,121.71,36.64,Partial,
800,2025-03-02,372.8,88.47,Paid,2025-03-15
800,2025-04-01,286.85,72.53,Partial,
800,2025-05-01,286.46,74.02,Partial,
800,2025-05-31,107.06,35.71,Unpaid,
800,2025-06-30,287.6,72.72,Unpaid,
800,2025-07-30,284.08,60.68,Unpaid,
800,2025-08-29,277.21,71.24,Paid,2025-08-31
800,2025-09-28,321.04,56.0,Partial,
801,2025-01-01,144.81,40.74,Paid,2025-01-04
801,2025-01-31,173.67,51.09,Unpaid,
801,2025-03-02,256.72,50.1,Paid,2025-03-08
801,2025-04-01,273.95,62.65,Paid,2025-04-04
801,2025-05-01,53.74,28.01,Partial,
801,2025-05-31,150.48,41.53,Unpaid,
801,2025-06-30,97.57,30.59,Unpaid,
801,2025-07-30,311.37,59.69,Partial,
801,2025-08-29,420.85,97.82,Partial,
801,2025-09-28,305.83,80.31,Paid,2025-09-30
802,2025-01-01,99.86,30.97,Paid,2025-01-04
802,2025-01-31,144.72,44.94,Paid,2025-02-01
802,2025-03-02,272.06,68.72,Unpaid,
802,2025-04-01,99.39,33.6,Paid,2025-04-05
802,2025-05-01,270.97,55.02,Unpaid,
802,2025-05-31,375.61,65.82,Partial,
802,2025-06-30,152.38,49.86,Unpaid,
802,2025-07-30,286.67,62.41,Unpaid,
802,2025-08-29,275.92,51.1,Unpaid,
802,2025-09-28,92.41,34.97,Partial,
803,2025-01-01,228.5,46.06,Paid,2025-01-05
803,2025-01-31,400.28,83.17,Paid,2025-02-08
803,2025-03-02,69.47,28.11,Paid,2025-03-17
803,2025-04-01,144.07,34.93,Unpaid,
803,2025-05-01,66.39,30.71,Paid,2025-05-05
803,2025-05-31,163.51,52.62,Paid,2025-06-14
803,2025-06-30,373.35,88.91,Unpaid,
803,2025-07-30,491.0,92.24,Partial,
803,2025-08-29,61.17,28.34,Unpaid,
803,2025-09-28,380.41,74.9,Unpaid,
804,2025-01-01,324.86,76.5,Unpaid,
804,2025-01-31,344.82,67.08,Paid,2025-02-07
804,2025-03-02,75.66,35.06,Paid,2025-03-16
804,2025-04-01,426.62,66.63,Partial,
804,2025-05-01,112.66,39.41,Paid,2025-05-10
804,2025-05-31,485.75,94.32,Paid,2025-06-03
804,2025-06-30,193.13,58.02,Paid,2025-07-13
804,2025-07-30,263.16,66.98,Unpaid,
804,2025-08-29,398.49,61.14,Paid,2025-08-30
804,2025-09-28,255.6,61.84,Paid,2025-10-09
805,2025-01-01,248.32,63.17,Unpaid,
805,2025-01-31,272.62,66.33,Unpaid,
805,2025-03-02,130.47,37.85,Paid,2025-03-12
805,2025-04-01,341.73,86.82,Paid,2025-04-07
805,2025-05-01,310.89,57.5,Unpaid,
805,2025-05-31,445.12,100.93,Partial,
805,2025-06-30,128.39,39.21,Unpaid,
805,2025-07-30,277.98,62.95,Unpaid,
805,2025-08-29,339.6,56.95,Paid,2025-09-10
805,2025-09-28,399.68,69.99,Partial,
806,2025-01-01,233.75,50.54,Partial,
806,2025-01-31,391.47,66.88,Paid,2025-02-12
806,2025-03-02,495.79,76.58,Paid,2025-03-07
806,2025-04-01,350.84,64.82,Paid,2025-04-03
806,2025-05-01,282.13,49.58,Unpaid,
806,2025-05-31,139.55,43.67,Unpaid,
806,2025-06-30,413.21,81.08,Unpaid,
806,2025-07-30,137.47,46.01,Paid,2025-08-07
806,2025-08-29,410.1,77.66,Paid,2025-08-31
806,2025-09-28,260.23,50.29,Partial,
807,2025-01-01,413.68,74.46,Paid,2025-01-01
807,2025-01-31,295.01,54.52,Paid,2025-02-08
807,2025-03-02,179.08,50.87,Partial,
807,2025-04-01,483.87,91.3,Paid,2025-04-15
807,2025-05-01,361.06,64.11,Partial,
807,2025-05-31,366.76,90.83,Partial,
807,2025-06-30,463.53,83.44,Partial,
807,2025-07-30,155.54,38.61,Paid,2025-08-09
807,2025-08-29,456.74,78.23,Paid,2025-09-04
807,2025-09-28,293.1,60.35,Partial,
808,2025-01-01,180.86,44.54,Unpaid,
808,2025-01-31,382.39,83.44,Paid,2025-02-08
808,2025-03-02,338.42,72.94,Paid,2025-03-11
808,2025-04-01,160.9,36.18,Partial,
808,2025-05-01,437.56,107.04,Unpaid,
808,2025-05-31,473.19,100.55,Partial,
808,2025-06-30,346.55,86.82,Paid,2025-07-06
808,2025-07-30,306.46,75.11,Paid,2025-08-06
808,2025-08-29,269.74,60.96,Partial,
808,2025-09-28,320.06,64.01,Unpaid,
809,2025-01-01,242.69,65.73,Partial,
809,2025-01-31,238.86,53.93,Unpaid,
809,2025-03-02,255.16,56.29,Paid,2025-03-07
809,2025-04-01,262.75,54.76,Unpaid,
809,2025-05-01,362.12,91.25,Partial,
809,2025-05-31,414.73,93.66,Partial,
809,2025-06-30,389.01,65.7,Unpaid,
809,2025-07-30,196.38,44.46,Paid,2025-08-14
809,2025-08-29,391.64,72.05,Unpaid,
809,2025-09-28,464.71,101.83,Partial,
810,2025-01-01,183.48,44.58,Paid,2025-01-13
810,2025-01-31,359.14,86.55,Paid,2025-02-13
810,2025-03-02,57.87,27.94,Partial,
810,2025-04-01,290.99,67.74,Paid,2025-04-04
810,2025-05-01,111.82,38.99,Unpaid,
810,2025-05-31,340.74,60.91,Paid,2025-06-13
810,2025-06-30,497.7,94.46,Unpaid,
810,2025-07-30,235.45,51.71,Paid,2025-07-30
810,2025-08-29,205.44,42.92,Unpaid,
810,2025-09-28,236.09,46.81,Paid,2025-10-12
811,2025-01-01,330.44,68.58,Paid,2025-01-08
811,2025-01-31,106.98,40.16,Partial,
811,2025-03-02,398.67,87.06,Paid,2025-03-06
811,2025-04-01,63.88,31.95,Paid,2025-04-14
811,2025-05-01,439.73,74.5,Paid,2025-05-16
811,2025-05-31,322.72,61.47,Paid,2025-06-10
811,2025-06-30,362.63,92.39,Unpaid,
811,2025-07-30,184.16,39.25,Unpaid,
811,2025-08-29,350.91,77.39,Partial,
811,2025-09-28,197.57,47.71,Unpaid,
812,2025-01-01,219.73,62.16,Unpaid,
812,2025-01-31,458.2,100.44,Partial,
812,2025-03-02,198.49,58.0,Partial,
812,2025-04-01,391.96,97.16,Partial,
812,2025-05-01,437.91,97.78,Paid,2025-05-11
812,2025-05-31,300.51,57.73,Unpaid,
812,2025-06-30,410.55,70.49,Unpaid,
812,2025-07-30,220.48,58.61,Partial,
812,2025-08-29,327.18,84.11,Paid,2025-08-30
812,2025-09-28,383.23,80.18,Paid,2025-10-13
813,2025-01-01,457.56,84.64,Paid,2025-01-01
813,2025-01-31,372.91,92.5,Partial,
813,2025-03-02,83.72,29.45,Unpaid,
813,2025-04-01,185.38,44.78,Partial,
813,2025-05-01,78.07,32.89,Unpaid,
813,2025-05-31,253.86,66.45,Partial,
813,2025-06-30,438.57,78.79,Unpaid,
813,2025-07-30,460.66,103.64,Unpaid,
813,2025-08-29,205.18,44.24,Paid,2025-09-05
813,2025-09-28,85.47,31.52,Paid,2025-10-11
814,2025-01-01,308.39,60.5,Unpaid,
814,2025-01-31,341.91,75.53,Partial,
814,2025-03-02,463.87,72.97,Unpaid,
814,2025-04-01,181.11,54.48,Unpaid,
814,2025-05-01,164.58,52.21,Partial,
814,2025-05-31,310.52,56.96,Unpaid,
814,2025-06-30,494.77,91.08,Partial,
814,2025-07-30,477.26,105.91,Unpaid,
814,2025-08-29,181.35,55.46,Partial,
814,2025-09-28,249.76,47.57,Partial,
815,2025-01-01,488.78,103.66,Paid,2025-01-12
815,2025-01-31,250.01,51.71,Paid,2025-02-06
815,2025-03-02,151.54,41.05,Unpaid,
815,2025-04-01,186.98,42.22,Partial,
815,2025-05-01,344.59,57.53,Paid,2025-05-16
815,2025-05-31,60.77,27.34,Unpaid,
815,2025-06-30,176.34,54.12,Partial,
815,2025-07-30,443.84,98.76,Paid,2025-08-07
815,2025-08-29,85.64,28.95,Unpaid,
815,2025-09-28,187.42,42.21,Partial,
816,2025-01-01,59.38,27.49,Paid,2025-01-11
816,2025-01-31,75.1,30.38,Paid,2025-01-31
816,2025-03-02,393.93,81.6,Paid,2025-03-06
816,2025-04-01,384.25,73.88,Paid,2025-04-05
816,2025-05-01,60.17,31.94,Paid,2025-05-04
816,2025-05-31,236.24,53.69,Paid,2025-06-01
816,2025-06-30,473.09,77.23,Paid,2025-07-03
816,2025-07-30,128.78,42.82,Unpaid,
816,2025-08-29,493.87,76.56,Unpaid,
816,2025-09-28,343.91,57.03,Partial,
817,2025-01-01,140.26,40.51,Paid,2025-01-04
817,2025-01-31,137.5,45.9,Partial,
817,2025-03-02,181.57,39.18,Unpaid,
817,2025-04-01,104.22,37.36,Unpaid,
817,2025-05-01,285.54,51.36,Unpaid,
817,2025-05-31,110.54,39.52,Unpaid,
817,2025-06-30,124.1,34.24,Partial,
817,2025-07-30,183.82,50.05,Unpaid,
817,2025-08-29,188.59,57.41,Paid,2025-08-31
817,2025-09-28,322.53,73.33,Unpaid,
818,2025-01-01,391.89,68.49,Partial,
818,2025-01-31,284.6,49.87,Partial,
818,2025-03-02,104.71,38.18,Unpaid,
818,2025-04-01,101.14,39.6,Unpaid,
818,2025-05-01,438.94,73.58,Paid,2025-05-04
818,2025-05-31,129.58,39.99,Unpaid,
818,2025-06-30,484.67,95.26,Unpaid,
818,2025-07-30,122.3,43.33,Paid,2025-07-31
818,2025-08-29,407.36,91.66,Partial,
818,2025-09-28,381.97,77.36,Paid,2025-10-08
819,2025-01-01,266.44,51.27,Unpaid,
819,2025-01-31,158.44,37.74,Partial,
819,2025-03-02,284.45,63.16,Partial,
819,2025-04-01,321.01,71.49,Partial,
819,2025-05-01,202.89,47.16,Paid,2025-05-08
819,2025-05-31,396.04,71.13,Unpaid,
819,2025-06-30,345.06,59.87,Paid,2025-06-30
819,2025-07-30,209.65,60.97,Partial,
819,2025-08-29,59.6,31.48,Paid,2025-09-04
819,2025-09-28,140.69,39.13,Unpaid,
820,2025-01-01,435.83,103.89,Unpaid,
820,2025-01-31,196.23,49.98,Unpaid,
820,2025-03-02,91.53,32.69,Paid,2025-03-13
820,2025-04-01,115.72,32.6,Unpaid,
820,2025-05-01,300.61,52.84,Paid,2025-05-12
820,2025-05-31,408.92,96.73,Paid,2025-06-05
820,2025-06-30,173.36,49.15,Partial,
820,2025-07-30,495.63,98.77,Paid,2025-08-05
820,2025-08-29,78.83,33.48,Paid,2025-09-10
820,2025-09-28,424.23,73.73,Partial,
821,2025-01-01,64.41,32.39,Unpaid,
821,2025-01-31,317.1,54.9,Unpaid,
821,2025-03-02,314.57,63.83,Partial,
821,2025-04-01,97.97,30.26,Paid,2025-04-05
821,2025-05-01,401.98,92.22,Paid,2025-05-16
821,2025-05-31,210.43,46.35,Unpaid,
821,2025-06-30,318.04,59.54,Paid,2025-07-14
821,2025-07-30,222.57,47.85,Unpaid,
821,2025-08-29,233.55,43.44,Paid,2025-08-30
821,2025-09-28,400.82,74.42,Unpaid,
822,2025-01-01,376.76,78.52,Unpaid,
822,2025-01-31,130.26,39.54,Paid,2025-02-02
822,2025-03-02,367.5,57.83,Partial,
822,2025-04-01,202.34,59.16,Unpaid,
822,2025-05-01,77.84,29.65,Paid,2025-05-10
822,2025-05-31,267.73,69.04,Unpaid,
822,2025-06-30,367.43,68.32,Partial,
822,2025-07-30,130.78,35.27,Partial,
822,2025-08-29,125.13,33.65,Paid,2025-09-01
822,2025-09-28,82.84,29.09,Paid,2025-10-10
823,2025-01-01,279.74,53.87,Unpaid,
823,2025-01-31,245.04,59.78,Unpaid,
823,2025-03-02,88.3,35.75,Paid,2025-03-02
823,2025-04-01,64.19,29.84,Unpaid,
823,2025-05-01,114.88,39.1,Unpaid,
823,2025-05-31,421.37,68.99,Paid,2025-05-31
823,2025-06-30,360.68,67.19,Paid,2025-07-04
823,2025-07-30,425.1,64.35,Unpaid,
823,2025-08-29,239.34,47.41,Paid,2025-09-11
823,2025-09-28,219.57,54.39,Paid,2025-10-03
824,2025-01-01,324.2,84.52,Unpaid,
824,2025-01-31,361.25,82.73,Unpaid,
824,2025-03-02,301.6,68.7,Partial,
824,2025-04-01,134.31,45.32,Partial,
824,2025-05-01,180.77,43.97,Partial,
824,2025-05-31,454.5,105.26,Unpaid,
824,2025-06-30,184.54,39.1,Unpaid,
824,2025-07-30,169.45,39.42,Unpaid,
824,2025-08-29,93.25,30.5,Partial,
824,2025-09-28,254.94,54.38,Partial,
825,2025-01-01,473.65,91.46,Unpaid,
825,2025-01-31,127.34,41.97,Unpaid,
825,2025-03-02,185.31,51.31,Unpaid,
825,2025-04-01,85.71,36.58,Partial,
825,2025-05-01,215.22,44.01,Partial,
825,2025-05-31,158.02,45.47,Partial,
825,2025-06-30,220.74,63.41,Partial,
825,2025-07-30,257.06,67.64,Partial,
825,2025-08-29,148.1,38.76,Paid,2025-09-03
825,2025-09-28,466.31,86.68,Unpaid,
826,2025-01-01,458.54,84.58,Unpaid,
826,2025-01-31,399.16,77.29,Paid,2025-02-04
826,2025-03-02,174.24,42.8,Partial,
826,2025-04-01,434.69,99.13,Paid,2025-04-14
826,2025-05-01,431.77,91.7,Unpaid,
826,2025-05-31,443.67,99.38,Unpaid,
826,2025-06-30,141.4,45.16,Partial,
826,2025-07-30,441.28,86.99,Unpaid,
826,2025-08-29,133.44,41.31,Partial,
826,2025-09-28,133.5,41.36,Unpaid,
827,2025-01-01,124.08,38.82,Partial,
827,2025-01-31,476.15,72.24,Partial,
827,2025-03-02,380.31,93.1,Unpaid,
827,2025-04-01,239.78,47.42,Partial,
827,2025-05-01,391.81,95.2,Unpaid,
827,2025-05-31,83.07,34.75,Unpaid,
827,2025-06-30,253.67,55.42,Partial,
827,2025-07-30,476.47,75.39,Unpaid,
827,2025-08-29,283.42,61.46,Partial,
827,2025-09-28,391.54,93.82,Unpaid,
828,2025-01-01,146.82,35.86,Paid,2025-01-05
828,2025-01-31,219.64,46.41,Unpaid,
828,2025-03-02,168.39,49.16,Unpaid,
828,2025-04-01,464.62,90.61,Partial,
828,2025-05-01,184.63,41.83,Unpaid,
828,2025-05-31,423.2,73.93,Paid,2025-06-12
828,2025-06-30,299.97,67.55,Unpaid,
828,2025-07-30,284.13,69.25,Unpaid,
828,2025-08-29,314.86,67.21,Unpaid,
828,2025-09-28,137.88,44.15,Partial,
829,2025-01-01,440.66,87.42,Paid,2025-01-14
829,2025-01-31,492.8,100.48,Unpaid,
829,2025-03-02,354.85,74.17,Partial,
829,2025-04-01,392.76,78.17,Partial,
829,2025-05-01,331.95,72.81,Unpaid,
829,2025-05-31,328.38,68.34,Paid,2025-06-10
829,2025-06-30,373.29,84.08,Unpaid,
829,2025-07-30,310.18,58.22,Unpaid,
829,2025-08-29,487.0,115.51,Unpaid,
829,2025-09-28,297.84,53.4,Paid,2025-10-03
830,2025-01-01,217.84,46.89,Partial,
830,2025-01-31,165.44,45.7,Partial,
830,2025-03-02,340.07,71.78,Partial,
830,2025-04-01,304.27,64.72,Unpaid,
830,2025-05-01,466.29,80.3,Partial,
830,2025-05-31,204.21,56.1,Unpaid,
830,2025-06-30,151.62,47.69,Unpaid,
830,2025-07-30,352.07,62.22,Partial,
830,2025-08-29,327.59,55.24,Paid,2025-08-30
830,2025-09-28,425.11,69.88,Paid,2025-10-07
831,2025-01-01,316.24,65.41,Partial,
831,2025-01-31,96.98,34.97,Unpaid,
831,2025-03-02,154.33,39.5,Partial,
831,2025-04-01,73.77,31.07,Unpaid,
831,2025-05-01,113.89,36.27,Paid,2025-05-01
831,2025-05-31,421.75,70.24,Paid,2025-06-03
831,2025-06-30,211.55,59.46,Unpaid,
831,2025-07-30,498.83,80.63,Partial,
831,2025-08-29,172.92,53.53,Unpaid,
831,2025-09-28,296.72,61.72,Partial,
832,2025-01-01,420.82,97.9,Partial,
832,2025-01-31,220.02,47.93,Partial,
832,2025-03-02,73.2,32.61,Unpaid,
832,2025-04-01,456.76,98.56,Paid,2025-04-14
832,2025-05-01,356.11,56.55,Unpaid,
832,2025-05-31,493.7,78.84,Paid,2025-06-05
832,2025-06-30,256.29,53.94,Paid,2025-07-13
832,2025-07-30,446.38,87.8,Partial,
832,2025-08-29,87.5,30.34,Unpaid,
832,2025-09-28,253.83,64.73,Paid,2025-10-11
833,2025-01-01,181.05,53.48,Unpaid,
833,2025-01-31,196.1,47.89,Unpaid,
833,2025-03-02,172.24,38.26,Paid,2025-03-14
833,2025-04-01,311.63,78.03,Unpaid,
833,2025-05-01,297.8,77.82,Partial,
833,2025-05-31,187.48,48.89,Paid,2025-06-06
833,2025-06-30,413.03,71.6,Partial,
833,2025-07-30,424.68,62.56,Paid,2025-08-05
833,2025-08-29,163.8,47.64,Paid,2025-09-05
833,2025-09-28,151.68,41.92,Paid,2025-10-04
834,2025-01-01,275.73,69.17,Partial,
834,2025-01-31,305.86,58.08,Paid,2025-02-09
834,2025-03-02,337.58,64.45,Partial,
834,2025-04-01,454.38,101.17,Partial,
834,2025-05-01,91.77,38.18,Partial,
834,2025-05-31,142.8,47.12,Paid,2025-06-05
834,2025-06-30,152.26,37.04,Unpaid,
834,2025-07-30,472.43,73.85,Partial,
834,2025-08-29,53.87,27.51,Unpaid,
834,2025-09-28,176.42,42.62,Paid,2025-09-29
835,2025-01-01,130.03,42.3,Partial,
835,2025-01-31,110.11,41.92,Paid,2025-02-09
835,2025-03-02,200.93,48.63,Unpaid,
835,2025-04-01,353.36,87.41,Partial,
835,2025-05-01,199.09,44.43,Partial,
835,2025-05-31,176.45,51.63,Partial,
835,2025-06-30,73.89,27.91,Paid,2025-07-01
835,2025-07-30,192.98,54.94,Paid,2025-08-03
835,2025-08-29,289.0,64.38,Paid,2025-09-02
835,2025-09-28,209.88,44.31,Unpaid,
836,2025-01-01,163.84,45.05,Paid,2025-01-09
836,2025-01-31,466.8,68.99,Partial,
836,2025-03-02,164.47,47.43,Paid,2025-03-16
836,2025-04-01,165.91,37.66,Partial,
836,2025-05-01,273.95,57.66,Paid,2025-05-16
836,2025-05-31,228.08,56.31,Paid,2025-06-10
836,2025-06-30,64.65,29.53,Paid,2025-07-04
836,2025-07-30,95.68,33.12,Partial,
836,2025-08-29,70.41,30.68,Unpaid,
836,2025-09-28,389.3,61.88,Paid,2025-10-11
837,2025-01-01,150.25,44.58,Partial,
837,2025-01-31,308.39,77.81,Partial,
837,2025-03-02,456.42,82.14,Unpaid,
837,2025-04-01,171.05,43.98,Partial,
837,2025-05-01,160.83,37.83,Partial,
837,2025-05-31,416.74,76.42,Partial,
837,2025-06-30,183.96,56.13,Partial,
837,2025-07-30,155.89,41.31,Paid,2025-08-02
837,2025-08-29,496.27,79.71,Paid,2025-09-01
837,2025-09-28,155.18,49.28,Partial,
838,2025-01-01,311.41,52.82,Partial,
838,2025-01-31,219.94,49.51,Unpaid,
838,2025-03-02,463.14,66.62,Unpaid,
838,2025-04-01,161.31,50.0,Partial,
838,2025-05-01,88.96,34.03,Unpaid,
838,2025-05-31,433.91,75.69,Unpaid,
838,2025-06-30,373.04,58.34,Unpaid,
838,2025-07-30,175.27,46.5,Paid,2025-08-12
838,2025-08-29,292.71,65.3,Unpaid,
838,2025-09-28,206.47,55.5,Partial,
839,2025-01-01,258.53,61.74,Paid,2025-01-14
839,2025-01-31,245.2,51.79,Paid,2025-02-06
839,2025-03-02,324.91,74.18,Partial,
839,2025-04-01,199.73,43.5,Unpaid,
839,2025-05-01,353.38,66.94,Partial,
839,2025-05-31,372.82,66.91,Paid,2025-06-02
839,2025-06-30,222.59,42.33,Unpaid,
839,2025-07-30,268.66,64.36,Paid,2025-08-04
839,2025-08-29,129.51,43.72,Unpaid,
839,2025-09-28,154.01,38.9,Unpaid,
840,2025-01-01,108.07,36.37,Unpaid,
840,2025-01-31,370.53,84.61,Partial,
840,2025-03-02,88.62,37.32,Paid,2025-03-09
840,2025-04-01,472.07,107.94,Partial,
840,2025-05-01,253.69,61.33,Paid,2025-05-14
840,2025-05-31,237.6,47.75,Partial,
840,2025-06-30,168.13,45.24,Paid,2025-07-13
840,2025-07-30,63.7,31.42,Unpaid,
840,2025-08-29,95.28,29.67,Partial,
840,2025-09-28,284.61,51.51,Partial,
841,2025-01-01,358.53,80.78,Paid,2025-01-10
841,2025-01-31,136.83,44.08,Unpaid,
841,2025-03-02,440.84,86.34,Partial,
841,2025-04-01,461.44,82.08,Unpaid,
841,2025-05-01,320.55,73.81,Unpaid,
841,2025-05-31,451.47,96.57,Paid,2025-06-02
841,2025-06-30,207.01,58.37,Paid,2025-07-07
841,2025-07-30,169.58,45.68,Paid,2025-07-31
841,2025-08-29,278.19,48.78,Unpaid,
841,2025-09-28,490.76,69.29,Unpaid,
842,2025-01-01,108.51,38.54,Unpaid,
842,2025-01-31,412.38,81.84,Unpaid,
842,2025-03-02,391.48,85.87,Paid,2025-03-10
842,2025-04-01,488.33,90.66,Paid,2025-04-13
842,2025-05-01,67.47,31.02,Partial,
842,2025-05-31,287.97,61.2,Partial,
842,2025-06-30,142.01,35.78,Paid,2025-07-01
842,2025-07-30,334.96,70.95,Paid,2025-07-31
842,2025-08-29,136.25,35.43,Partial,
842,2025-09-28,60.21,31.29,Unpaid,
843,2025-01-01,408.33,95.43,Unpaid,
843,2025-01-31,325.26,58.77,Paid,2025-02-02
843,2025-03-02,151.64,37.76,Partial,
843,2025-04-01,81.92,29.05,Partial,
843,2025-05-01,416.5,70.98,Paid,2025-05-11
843,2025-05-31,432.52,94.03,Partial,
843,2025-06-30,278.29,54.44,Partial,
843,2025-07-30,203.17,42.02,Paid,2025-07-30
843,2025-08-29,79.1,32.39,Paid,2025-09-13
843,2025-09-28,222.07,61.5,Partial,
844,2025-01-01,435.18,101.75,Paid,2025-01-04
844,2025-01-31,80.99,28.17,Partial,
844,2025-03-02,314.8,57.83,Unpaid,
844,2025-04-01,77.55,30.2,Paid,2025-04-03
844,2025-05-01,285.08,72.66,Unpaid,
844,2025-05-31,411.38,95.23,Unpaid,
844,2025-06-30,470.94,67.84,Paid,2025-07-10
844,2025-07-30,183.7,51.05,Unpaid,
844,2025-08-29,246.47,57.66,Unpaid,
844,2025-09-28,335.2,62.6,Paid,2025-10-07
845,2025-01-01,132.89,41.98,Paid,2025-01-12
845,2025-01-31,52.41,30.36,Paid,2025-02-15
845,2025-03-02,311.87,61.98,Partial,
845,2025-04-01,197.36,45.94,Paid,2025-04-05
845,2025-05-01,369.32,71.59,Unpaid,
845,2025-05-31,91.88,31.52,Unpaid,
845,2025-06-30,175.22,53.96,Partial,
845,2025-07-30,112.49,31.59,Partial,
845,2025-08-29,268.3,49.91,Paid,2025-09-04
845,2025-09-28,477.6,103.04,Paid,2025-09-30
846,2025-01-01,230.31,56.66,Unpaid,
846,2025-01-31,407.96,66.55,Unpaid,
846,2025-03-02,171.96,45.42,Partial,
846,2025-04-01,183.1,40.51,Paid,2025-04-03
846,2025-05-01,486.5,113.44,Partial,
846,2025-05-31,477.57,108.0,Partial,
846,2025-06-30,323.62,76.01,Partial,
846,2025-07-30,410.28,72.6,Paid,2025-08-07
846,2025-08-29,288.29,75.26,Paid,2025-09-13
846,2025-09-28,327.09,83.48,Unpaid,
847,2025-01-01,89.22,32.96,Paid,2025-01-15
847,2025-01-31,498.7,74.72,Unpaid,
847,2025-03-02,223.39,49.18,Paid,2025-03-07
847,2025-04-01,105.6,33.75,Unpaid,
847,2025-05-01,370.74,86.82,Paid,2025-05-13
847,2025-05-31,473.95,113.76,Unpaid,
847,2025-06-30,301.98,67.54,Unpaid,
847,2025-07-30,69.23,27.17,Paid,2025-08-03
847,2025-08-29,289.1,59.59,Unpaid,
847,2025-09-28,302.71,64.59,Paid,2025-10-04
848,2025-01-01,456.85,95.68,Unpaid,
848,2025-01-31,450.61,107.07,Partial,
848,2025-03-02,222.7,47.16,Partial,
848,2025-04-01,56.42,30.2,Partial,
848,2025-05-01,54.73,27.73,Partial,
848,2025-05-31,199.18,42.03,Partial,
848,2025-06-30,178.39,44.31,Unpaid,
848,2025-07-30,97.21,35.15,Paid,2025-08-06
848,2025-08-29,200.8,52.43,Partial,
848,2025-09-28,242.36,68.13,Paid,2025-10-06
849,2025-01-01,236.61,48.77,Partial,
849,2025-01-31,368.81,75.89,Unpaid,
849,2025-03-02,138.12,39.71,Paid,2025-03-02
849,2025-04-01,66.63,27.69,Paid,2025-04-05
849,2025-05-01,372.61,65.53,Partial,
849,2025-05-31,381.95,59.17,Paid,2025-06-02
849,2025-06-30,250.16,63.76,Unpaid,
849,2025-07-30,111.86,42.2,Partial,
849,2025-08-29,152.52,42.24,Unpaid,
849,2025-09-28,87.86,33.86,Paid,2025-10-03
850,2025-01-01,110.67,39.77,Unpaid,
850,2025-01-31,160.35,46.63,Unpaid,
850,2025-03-02,204.28,46.29,Paid,2025-03-15
850,2025-04-01,208.65,55.99,Partial,
850,2025-05-01,72.92,33.08,Unpaid,
850,2025-05-31,472.08,80.29,Paid,2025-06-07
850,2025-06-30,98.1,36.5,Unpaid,
850,2025-07-30,178.95,41.37,Partial,
850,2025-08-29,238.46,60.28,Partial,
850,2025-09-28,405.86,79.96,Paid,2025-10-02
851,2025-01-01,142.12,42.25,Unpaid,
851,2025-01-31,125.78,35.9,Unpaid,
851,2025-03-02,418.11,63.4,Partial,
851,2025-04-01,395.06,88.0,Paid,2025-04-14
851,2025-05-01,290.73,61.89,Partial,
851,2025-05-31,448.47,85.16,Paid,2025-06-05
851,2025-06-30,169.75,49.91,Unpaid,
851,2025-07-30,166.61,45.15,Paid,2025-08-11
851,2025-08-29,224.79,47.56,Paid,2025-09-05
851,2025-09-28,400.23,80.43,Partial,
852,2025-01-01,397.65,90.77,Partial,
852,2025-01-31,434.51,73.19,Paid,2025-02-13
852,2025-03-02,463.15,104.62,Partial,
852,2025-04-01,302.05,73.18,Partial,
852,2025-05-01,439.72,107.05,Paid,2025-05-15
852,2025-05-31,287.72,59.22,Unpaid,
852,2025-06-30,291.31,57.09,Unpaid,
852,2025-07-30,465.29,103.75,Unpaid,
852,2025-08-29,456.88,87.89,Partial,
852,2025-09-28,268.2,55.69,Unpaid,
853,2025-01-01,399.02,96.12,Paid,2025-01-09
853,2025-01-31,292.65,73.98,Paid,2025-02-14
853,2025-03-02,179.13,48.32,Paid,2025-03-11
853,2025-04-01,53.79,27.83,Paid,2025-04-09
853,2025-05-01,181.21,49.98,Paid,2025-05-09
853,2025-05-31,190.64,57.84,Paid,2025-06-02
853,2025-06-30,100.01,39.73,Paid,2025-07-11
853,2025-07-30,136.82,36.81,Paid,2025-08-11
853,2025-08-29,243.48,45.5,Partial,
853,2025-09-28,391.1,87.87,Paid,2025-09-28
854,2025-01-01,68.51,28.56,Partial,
854,2025-01-31,70.02,29.16,Partial,
854,2025-03-02,215.63,42.85,Partial,
854,2025-04-01,144.91,45.41,Paid,2025-04-15
854,2025-05-01,417.26,78.67,Partial,
854,2025-05-31,413.93,69.61,Paid,2025-06-07
854,2025-06-30,144.95,47.66,Unpaid,
854,2025-07-30,221.79,63.27,Paid,2025-08-13
854,2025-08-29,62.28,27.32,Paid,2025-09-09
854,2025-09-28,360.04,87.0,Paid,2025-10-03
855,2025-01-01,419.19,64.4,Paid,2025-01-12
855,2025-01-31,376.92,74.99,Unpaid,
855,2025-03-02,106.52,34.96,Unpaid,
855,2025-04-01,377.67,88.7,Paid,2025-04-13
855,2025-05-01,56.0,26.07,Paid,2025-05-16
855,2025-05-31,443.1,64.37,Paid,2025-06-15
855,2025-06-30,286.74,53.74,Unpaid,
855,2025-07-30,55.77,26.81,Unpaid,
855,2025-08-29,347.9,67.64,Paid,2025-09-01
855,2025-09-28,302.45,75.8,Unpaid,
856,2025-01-01,364.89,86.06,Paid,2025-01-16
856,2025-01-31,370.27,79.91,Partial,
856,2025-03-02,414.29,62.86,Unpaid,
856,2025-04-01,408.46,88.63,Paid,2025-04-04
856,2025-05-01,469.26,108.38,Unpaid,
856,2025-05-31,363.54,76.9,Unpaid,
856,2025-06-30,145.83,44.78,Unpaid,
856,2025-07-30,201.83,48.33,Paid,2025-08-01
856,2025-08-29,486.06,79.68,Paid,2025-09-04
856,2025-09-28,104.38,36.9,Partial,
857,2025-01-01,138.67,35.4,Unpaid,
857,2025-01-31,319.69,76.4,Partial,
857,2025-03-02,410.53,96.24,Partial,
857,2025-04-01,262.47,50.79,Paid,2025-04-14
857,2025-05-01,441.13,93.77,Unpaid,
857,2025-05-31,124.11,34.21,Unpaid,
857,2025-06-30,460.26,89.48,Partial,
857,2025-07-30,123.79,41.37,Unpaid,
857,2025-08-29,361.81,73.9,Partial,
857,2025-09-28,317.76,52.58,Paid,2025-10-08
858,2025-01-01,145.54,38.19,Unpaid,
858,2025-01-31,275.25,60.29,Partial,
858,2025-03-02,380.29,66.15,Paid,2025-03-05
858,2025-04-01,179.15,49.53,Unpaid,
858,2025-05-01,384.14,59.96,Partial,
858,2025-05-31,205.08,49.31,Paid,2025-06-08
858,2025-06-30,224.38,53.33,Partial,
858,2025-07-30,485.8,72.77,Unpaid,
858,2025-08-29,110.89,38.52,Paid,2025-09-11
858,2025-09-28,61.99,31.04,Unpaid,
859,2025-01-01,351.47,86.28,Paid,2025-01-02
859,2025-01-31,237.37,49.06,Unpaid,
859,2025-03-02,209.11,41.88,Partial,
859,2025-04-01,395.16,79.65,Partial,
859,2025-05-01,380.68,78.91,Unpaid,
859,2025-05-31,217.88,59.71,Partial,
859,2025-06-30,215.52,54.96,Partial,
859,2025-07-30,148.14,47.69,Paid,2025-08-09
859,2025-08-29,432.42,73.06,Partial,
859,2025-09-28,208.46,55.26,Unpaid,
860,2025-01-01,456.74,91.27,Unpaid,
860,2025-01-31,239.94,50.61,Partial,
860,2025-03-02,176.48,45.79,Unpaid,
860,2025-04-01,304.73,66.3,Partial,
860,2025-05-01,205.21,44.57,Paid,2025-05-03
860,2025-05-31,273.84,63.37,Paid,2025-06-06
860,2025-06-30,57.56,26.5,Partial,
860,2025-07-30,266.9,51.4,Paid,2025-07-30
860,2025-08-29,339.13,72.71,Paid,2025-09-01
860,2025-09-28,276.89,54.81,Partial,
861,2025-01-01,178.82,48.8,Paid,2025-01-06
861,2025-01-31,292.64,69.48,Partial,
861,2025-03-02,272.4,66.88,Paid,2025-03-11
861,2025-04-01,354.91,86.57,Paid,2025-04-08
861,2025-05-01,200.51,46.44,Partial,
861,2025-05-31,161.86,39.95,Partial,
861,2025-06-30,272.05,64.39,Paid,2025-07-12
861,2025-07-30,355.89,67.36,Paid,2025-08-10
861,2025-08-29,392.71,82.35,Paid,2025-08-29
861,2025-09-28,227.9,49.46,Paid,2025-10-04
862,2025-01-01,116.99,42.16,Unpaid,
862,2025-01-31,384.03,64.76,Partial,
862,2025-03-02,296.56,50.51,Partial,
862,2025-04-01,389.28,69.44,Paid,2025-04-11
862,2025-05-01,447.84,84.12,Unpaid,
862,2025-05-31,447.42,71.4,Partial,
862,2025-06-30,477.47,90.81,Partial,
862,2025-07-30,232.96,46.85,Unpaid,
862,2025-08-29,395.67,97.85,Paid,2025-09-02
862,2025-09-28,499.97,113.56,Partial,
863,2025-01-01,492.36,82.56,Unpaid,
863,2025-01-31,235.89,64.15,Partial,
863,2025-03-02,54.05,29.45,Unpaid,
863,2025-04-01,237.6,47.15,Unpaid,
863,2025-05-01,424.93,94.13,Paid,2025-05-10
863,2025-05-31,66.36,31.32,Paid,2025-06-12
863,2025-06-30,374.89,83.46,Unpaid,
863,2025-07-30,240.94,52.59,Unpaid,
863,2025-08-29,306.94,79.05,Partial,
863,2025-09-28,211.46,52.67,Partial,
864,2025-01-01,432.49,84.45,Paid,2025-01-07
864,2025-01-31,427.0,72.64,Paid,2025-02-09
864,2025-03-02,446.89,80.49,Partial,
864,2025-04-01,480.14,72.38,Partial,
864,2025-05-01,293.86,78.12,Paid,2025-05-03
864,2025-05-31,162.04,48.07,Paid,2025-06-12
864,2025-06-30,255.26,64.89,Paid,2025-07-11
864,2025-07-30,205.31,59.29,Unpaid,
864,2025-08-29,245.63,56.54,Paid,2025-09-12
864,2025-09-28,211.81,55.77,Paid,2025-09-29
865,2025-01-01,104.58,38.0,Partial,
865,2025-01-31,249.12,62.19,Paid,2025-02-08
865,2025-03-02,288.99,60.33,Partial,
865,2025-04-01,458.92,109.16,Unpaid,
865,2025-05-01,158.83,41.81,Paid,2025-05-11
865,2025-05-31,235.06,58.81,Unpaid,
865,2025-06-30,330.94,85.91,Paid,2025-07-15
865,2025-07-30,274.98,69.82,Unpaid,
865,2025-08-29,246.49,49.87,Paid,2025-09-06
865,2025-09-28,329.49,67.38,Partial,
866,2025-01-01,215.47,53.74,Unpaid,
866,2025-01-31,132.61,38.76,Unpaid,
866,2025-03-02,195.1,49.18,Paid,2025-03-11
866,2025-04-01,122.97,36.89,Unpaid,
866,2025-05-01,490.16,88.22,Partial,
866,2025-05-31,399.21,82.72,Paid,2025-06-11
866,2025-06-30,372.35,73.78,Partial,
866,2025-07-30,273.99,48.87,Partial,
866,2025-08-29,485.08,81.65,Unpaid,
866,2025-09-28,291.13,69.0,Unpaid,
867,2025-01-01,196.4,55.16,Unpaid,
867,2025-01-31,463.12,89.63,Partial,
867,2025-03-02,396.41,83.41,Unpaid,
867,2025-04-01,163.13,36.44,Paid,2025-04-03
867,2025-05-01,321.27,60.05,Paid,2025-05-03
867,2025-05-31,456.34,90.87,Partial,
867,2025-06-30,368.24,62.24,Unpaid,
867,2025-07-30,444.78,79.17,Paid,2025-08-01
867,2025-08-29,275.4,67.91,Paid,2025-09-03
867,2025-09-28,143.0,40.21,Partial,
868,2025-01-01,56.92,27.17,Unpaid,
868,2025-01-31,142.68,37.53,Unpaid,
868,2025-03-02,492.85,117.06,Partial,
868,2025-04-01,66.96,32.44,Unpaid,
868,2025-05-01,466.16,81.52,Paid,2025-05-15
868,2025-05-31,250.99,68.56,Paid,2025-06-04
868,2025-06-30,417.92,70.69,Unpaid,
868,2025-07-30,244.89,49.87,Partial,
868,2025-08-29,89.81,29.93,Paid,2025-09-12
868,2025-09-28,443.06,73.47,Partial,
869,2025-01-01,493.58,71.3,Paid,2025-01-15
869,2025-01-31,452.32,93.69,Unpaid,
869,2025-03-02,261.17,53.46,Unpaid,
869,2025-04-01,125.78,37.52,Partial,
869,2025-05-01,136.11,43.94,Paid,2025-05-11
869,2025-05-31,462.99,66.97,Unpaid,
869,2025-06-30,72.24,30.51,Paid,2025-07-13
869,2025-07-30,201.07,51.69,Unpaid,
869,2025-08-29,131.93,41.75,Paid,2025-09-08
869,2025-09-28,384.22,72.0,Unpaid,
870,2025-01-01,362.64,74.08,Partial,
870,2025-01-31,323.17,71.72,Paid,2025-02-01
870,2025-03-02,372.26,79.3,Partial,
870,2025-04-01,357.99,74.15,Unpaid,
870,2025-05-01,127.07,39.66,Partial,
870,2025-05-31,204.45,57.65,Paid,2025-06-09
870,2025-06-30,267.55,56.84,Unpaid,
870,2025-07-30,51.1,29.73,Unpaid,
870,2025-08-29,256.28,51.74,Partial,
870,2025-09-28,303.78,71.78,Paid,2025-10-07
871,2025-01-01,152.85,41.83,Unpaid,
871,2025-01-31,376.88,62.94,Paid,2025-02-02
871,2025-03-02,415.43,82.84,Partial,
871,2025-04-01,100.94,36.76,Partial,
871,2025-05-01,304.83,62.04,Paid,2025-05-09
871,2025-05-31,434.26,68.89,Paid,2025-06-14
871,2025-06-30,400.79,68.76,Paid,2025-07-14
871,2025-07-30,82.05,32.1,Partial,
871,2025-08-29,423.24,67.95,Partial,
871,2025-09-28,479.75,105.37,Unpaid,
872,2025-01-01,280.35,71.54,Partial,
872,2025-01-31,276.06,68.69,Paid,2025-02-09
872,2025-03-02,117.86,32.64,Unpaid,
872,2025-04-01,99.04,33.74,Partial,
872,2025-05-01,223.29,44.26,Unpaid,
872,2025-05-31,145.24,38.44,Unpaid,
872,2025-06-30,306.18,51.74,Partial,
872,2025-07-30,95.06,36.46,Partial,
872,2025-08-29,162.19,37.5,Unpaid,
872,2025-09-28,100.68,31.01,Paid,2025-10-09
873,2025-01-01,392.22,69.12,Unpaid,
873,2025-01-31,187.0,40.73,Paid,2025-02-08
873,2025-03-02,89.63,34.54,Unpaid,
873,2025-04-01,381.48,70.36,Partial,
873,2025-05-01,338.27,83.91,Paid,2025-05-13
873,2025-05-31,415.49,77.68,Paid,2025-06-14
873,2025-06-30,469.43,106.41,Unpaid,
873,2025-07-30,429.77,97.64,Partial,
873,2025-08-29,194.91,50.79,Partial,
873,2025-09-28,401.63,92.16,Partial,
874,2025-01-01,164.29,50.62,Unpaid,
874,2025-01-31,287.62,49.92,Unpaid,
874,2025-03-02,454.56,102.27,Paid,2025-03-09
874,2025-04-01,417.31,97.94,Partial,
874,2025-05-01,61.41,32.03,Paid,2025-05-03
874,2025-05-31,441.65,92.2,Unpaid,
874,2025-06-30,126.8,35.06,Unpaid,
874,2025-07-30,226.96,48.64,Unpaid,
874,2025-08-29,55.69,30.86,Paid,2025-09-07
874,2025-09-28,377.82,74.49,Partial,
875,2025-01-01,486.32,78.2,Unpaid,
875,2025-01-31,450.17,75.21,Partial,
875,2025-03-02,390.25,68.37,Partial,
875,2025-04-01,307.01,68.3,Partial,
875,2025-05-01,286.27,51.2,Unpaid,
875,2025-05-31,299.23,51.32,Partial,
875,2025-06-30,220.03,54.64,Partial,
875,2025-07-30,427.77,77.01,Paid,2025-08-02
875,2025-08-29,271.27,57.96,Paid,2025-09-05
875,2025-09-28,229.76,43.94,Paid,2025-10-11
876,2025-01-01,297.02,64.73,Unpaid,
876,2025-01-31,440.18,85.32,Unpaid,
876,2025-03-02,235.52,57.54,Unpaid,
876,2025-04-01,153.66,35.99,Paid,2025-04-01
876,2025-05-01,155.36,40.77,Unpaid,
876,2025-05-31,352.98,75.5,Paid,2025-06-03
876,2025-06-30,67.38,28.17,Partial,
876,2025-07-30,330.92,61.88,Unpaid,
876,2025-08-29,221.04,52.93,Partial,
876,2025-09-28,171.72,38.08,Partial,
877,2025-01-01,279.33,69.58,Unpaid,
877,2025-01-31,432.23,82.79,Unpaid,
877,2025-03-02,245.71,65.56,Unpaid,
877,2025-04-01,152.59,39.62,Partial,
877,2025-05-01,354.31,67.54,Partial,
877,2025-05-31,402.98,67.08,Paid,2025-06-11
877,2025-06-30,382.67,82.19,Paid,2025-07-01
877,2025-07-30,465.99,71.11,Unpaid,
877,2025-08-29,183.6,51.88,Partial,
877,2025-09-28,117.64,33.78,Paid,2025-10-01
878,2025-01-01,287.83,59.91,Partial,
878,2025-01-31,446.96,74.46,Partial,
878,2025-03-02,368.36,84.03,Partial,
878,2025-04-01,230.86,49.63,Unpaid,
878,2025-05-01,266.44,57.61,Partial,
878,2025-05-31,59.16,28.34,Partial,
878,2025-06-30,240.26,60.25,Paid,2025-07-09
878,2025-07-30,275.33,66.84,Unpaid,
878,2025-08-29,331.97,78.14,Partial,
878,2025-09-28,199.91,50.83,Paid,2025-10-05
879,2025-01-01,205.9,55.33,Partial,
879,2025-01-31,273.71,74.53,Unpaid,
879,2025-03-02,148.42,47.06,Unpaid,
879,2025-04-01,279.02,54.96,Unpaid,
879,2025-05-01,211.24,56.74,Paid,2025-05-04
879,2025-05-31,323.39,59.69,Partial,
879,2025-06-30,174.75,41.47,Paid,2025-07-08
879,2025-07-30,282.21,65.14,Partial,
879,2025-08-29,176.35,53.64,Partial,
879,2025-09-28,372.38,63.41,Partial,
880,2025-01-01,125.9,39.92,Partial,
880,2025-01-31,342.42,71.2,Paid,2025-02-14
880,2025-03-02,471.33,107.07,Paid,2025-03-14
880,2025-04-01,396.4,77.78,Partial,
880,2025-05-01,324.67,83.68,Unpaid,
880,2025-05-31,172.94,38.54,Partial,
880,2025-06-30,425.92,71.55,Partial,
880,2025-07-30,344.7,85.86,Paid,2025-08-03
880,2025-08-29,66.27,29.73,Unpaid,
880,2025-09-28,182.13,50.18,Partial,
881,2025-01-01,197.08,42.76,Paid,2025-01-12
881,2025-01-31,436.86,96.82,Partial,
881,2025-03-02,334.08,67.87,Unpaid,
881,2025-04-01,391.35,62.05,Paid,2025-04-08
881,2025-05-01,322.51,66.65,Paid,2025-05-03
881,2025-05-31,337.72,59.6,Unpaid,
881,2025-06-30,177.18,53.04,Paid,2025-07-01
881,2025-07-30,263.38,70.07,Paid,2025-08-14
881,2025-08-29,172.57,50.27,Partial,
881,2025-09-28,106.05,38.22,Unpaid,
882,2025-01-01,170.15,38.57,Partial,
882,2025-01-31,471.49,75.32,Unpaid,
882,2025-03-02,66.92,30.35,Paid,2025-03-11
882,2025-04-01,88.93,34.05,Unpaid,
882,2025-05-01,130.06,41.34,Partial,
882,2025-05-31,99.94,30.29,Paid,2025-06-08
882,2025-06-30,399.05,92.04,Paid,2025-07-14
882,2025-07-30,459.61,77.33,Partial,
882,2025-08-29,131.99,41.16,Partial,
882,2025-09-28,141.36,38.71,Unpaid,
883,2025-01-01,199.15,40.9,Paid,2025-01-15
883,2025-01-31,318.03,64.03,Paid,2025-02-01
883,2025-03-02,323.97,82.82,Unpaid,
883,2025-04-01,182.08,56.35,Paid,2025-04-09
883,2025-05-01,407.89,80.86,Unpaid,
883,2025-05-31,140.39,46.22,Unpaid,
883,2025-06-30,328.08,82.21,Unpaid,
883,2025-07-30,439.57,104.82,Unpaid,
883,2025-08-29,187.58,44.47,Unpaid,
883,2025-09-28,68.58,28.51,Unpaid,
884,2025-01-01,361.06,73.77,Partial,
884,2025-01-31,298.36,59.94,Partial,
884,2025-03-02,209.94,44.81,Partial,
884,2025-04-01,436.63,99.79,Paid,2025-04-02
884,2025-05-01,267.04,47.32,Partial,
884,2025-05-31,214.14,49.24,Paid,2025-06-09
884,2025-06-30,412.29,64.83,Partial,
884,2025-07-30,415.55,80.75,Unpaid,
884,2025-08-29,342.99,74.48,Paid,2025-08-29
884,2025-09-28,415.78,84.56,Unpaid,
885,2025-01-01,289.34,54.94,Paid,2025-01-04
885,2025-01-31,398.98,89.09,Unpaid,
885,2025-03-02,112.98,32.56,Partial,
885,2025-04-01,121.45,41.87,Paid,2025-04-05
885,2025-05-01,306.29,66.98,Partial,
885,2025-05-31,498.68,71.81,Partial,
885,2025-06-30,167.22,40.19,Paid,2025-07-07
885,2025-07-30,308.71,69.51,Unpaid,
885,2025-08-29,437.5,94.53,Partial,
885,2025-09-28,371.1,71.82,Paid,2025-10-01
886,2025-01-01,160.95,46.22,Unpaid,
886,2025-01-31,372.27,89.03,Partial,
886,2025-03-02,184.46,40.05,Paid,2025-03-05
886,2025-04-01,356.03,89.44,Partial,
886,2025-05-01,274.91,73.21,Unpaid,
886,2025-05-31,314.98,78.26,Partial,
886,2025-06-30,488.92,109.64,Partial,
886,2025-07-30,314.62,61.33,Paid,2025-08-04
886,2025-08-29,232.72,62.32,Paid,2025-09-12
886,2025-09-28,301.14,56.08,Paid,2025-10-02
887,2025-01-01,100.61,33.06,Unpaid,
887,2025-01-31,431.01,75.27,Partial,
887,2025-03-02,359.06,67.64,Partial,
887,2025-04-01,75.22,34.0,Paid,2025-04-12
887,2025-05-01,369.26,76.27,Paid,2025-05-15
887,2025-05-31,238.89,49.1,Partial,
887,2025-06-30,493.65,99.33,Paid,2025-07-07
887,2025-07-30,285.71,67.65,Paid,2025-07-31
887,2025-08-29,93.24,32.86,Unpaid,
887,2025-09-28,477.16,88.15,Paid,2025-10-13
888,2025-01-01,185.21,56.29,Unpaid,
888,2025-01-31,146.16,39.98,Unpaid,
888,2025-03-02,483.08,85.41,Unpaid,
888,2025-04-01,207.08,54.49,Partial,
888,2025-05-01,66.09,29.36,Partial,
888,2025-05-31,429.76,65.53,Paid,2025-06-09
888,2025-06-30,384.92,95.15,Paid,2025-07-04
888,2025-07-30,477.67,74.51,Partial,
888,2025-08-29,455.82,67.33,Partial,
888,2025-09-28,397.11,78.08,Unpaid,
889,2025-01-01,364.86,84.46,Partial,
889,2025-01-31,199.15,49.38,Unpaid,
889,2025-03-02,135.0,35.25,Paid,2025-03-09
889,2025-04-01,224.6,63.3,Paid,2025-04-03
889,2025-05-01,198.37,53.32,Paid,2025-05-16
889,2025-05-31,355.28,78.45,Paid,2025-06-04
889,2025-06-30,198.22,42.77,Partial,
889,2025-07-30,382.27,64.92,Paid,2025-08-12
889,2025-08-29,357.63,61.35,Unpaid,
889,2025-09-28,231.01,63.39,Partial,
890,2025-01-01,107.74,35.69,Paid,2025-01-11
890,2025-01-31,202.16,54.19,Partial,
890,2025-03-02,229.74,62.46,Unpaid,
890,2025-04-01,380.92,80.39,Partial,
890,2025-05-01,135.72,34.79,Partial,
890,2025-05-31,188.01,53.32,Paid,2025-06-05
890,2025-06-30,397.43,77.92,Unpaid,
890,2025-07-30,173.9,44.95,Partial,
890,2025-08-29,299.86,61.25,Paid,2025-09-07
890,2025-09-28,199.04,57.93,Paid,2025-10-09
891,2025-01-01,465.88,79.37,Partial,
891,2025-01-31,192.98,50.45,Paid,2025-02-13
891,2025-03-02,344.8,77.53,Paid,2025-03-10
891,2025-04-01,208.34,43.58,Unpaid,
891,2025-05-01,446.83,94.91,Partial,
891,2025-05-31,464.75,109.76,Unpaid,
891,2025-06-30,355.31,71.09,Partial,
891,2025-07-30,302.2,53.92,Unpaid,
891,2025-08-29,259.22,57.56,Paid,2025-09-04
891,2025-09-28,147.73,48.92,Paid,2025-10-09
892,2025-01-01,58.26,31.5,Unpaid,
892,2025-01-31,145.38,35.28,Unpaid,
892,2025-03-02,147.87,49.51,Partial,
892,2025-04-01,395.01,92.8,Paid,2025-04-06
892,2025-05-01,208.57,41.89,Unpaid,
892,2025-05-31,387.45,78.82,Partial,
892,2025-06-30,140.96,37.61,Unpaid,
892,2025-07-30,171.45,50.04,Partial,
892,2025-08-29,134.05,37.75,Partial,
892,2025-09-28,306.25,60.72,Partial,
893,2025-01-01,480.97,68.47,Partial,
893,2025-01-31,416.21,99.94,Partial,
893,2025-03-02,98.56,30.07,Partial,
893,2025-04-01,318.61,71.93,Paid,2025-04-05
893,2025-05-01,118.14,33.03,Paid,2025-05-05
893,2025-05-31,448.86,87.01,Unpaid,
893,2025-06-30,116.5,36.05,Unpaid,
893,2025-07-30,396.41,99.01,Unpaid,
893,2025-08-29,408.62,86.72,Paid,2025-09-03
893,2025-09-28,295.53,56.0,Partial,
894,2025-01-01,233.75,60.26,Paid,2025-01-04
894,2025-01-31,482.82,85.21,Unpaid,
894,2025-03-02,279.59,53.4,Paid,2025-03-05
894,2025-04-01,446.53,109.3,Unpaid,
894,2025-05-01,459.34,104.56,Partial,
894,2025-05-31,354.73,89.16,Paid,2025-06-10
894,2025-06-30,108.27,35.35,Partial,
894,2025-07-30,197.72,43.81,Unpaid,
894,2025-08-29,103.58,40.21,Paid,2025-09-04
894,2025-09-28,85.44,30.41,Unpaid,
895,2025-01-01,359.78,87.6,Partial,
895,2025-01-31,244.59,64.09,Partial,
895,2025-03-02,313.31,62.34,Unpaid,
895,2025-04-01,135.85,45.83,Unpaid,
895,2025-05-01,440.4,73.68,Unpaid,
895,2025-05-31,89.71,36.41,Partial,
895,2025-06-30,197.79,47.48,Paid,2025-06-30
895,2025-07-30,261.89,59.92,Unpaid,
895,2025-08-29,149.43,39.17,Partial,
895,2025-09-28,81.27,31.59,Unpaid,
896,2025-01-01,460.61,71.55,Partial,
896,2025-01-31,378.7,95.01,Paid,2025-02-09
896,2025-03-02,442.71,86.55,Partial,
896,2025-04-01,171.51,51.35,Partial,
896,2025-05-01,194.44,51.93,Paid,2025-05-02
896,2025-05-31,193.4,49.72,Unpaid,
896,2025-06-30,208.09,45.98,Paid,2025-07-04
896,2025-07-30,382.54,64.31,Paid,2025-08-12
896,2025-08-29,235.6,44.66,Paid,2025-09-02
896,2025-09-28,209.43,59.9,Paid,2025-10-01
897,2025-01-01,406.77,100.83,Partial,
897,2025-01-31,417.42,84.1,Partial,
897,2025-03-02,239.21,57.73,Unpaid,
897,2025-04-01,380.12,73.08,Unpaid,
897,2025-05-01,497.48,87.24,Unpaid,
897,2025-05-31,140.38,39.57,Partial,
897,2025-06-30,282.34,75.41,Unpaid,
897,2025-07-30,350.6,80.82,Unpaid,
897,2025-08-29,381.2,92.18,Paid,2025-09-03
897,2025-09-28,377.5,62.98,Unpaid,
898,2025-01-01,373.06,93.4,Paid,2025-01-13
898,2025-01-31,495.29,83.06,Unpaid,
898,2025-03-02,57.29,28.33,Partial,
898,2025-04-01,240.83,62.67,Partial,
898,2025-05-01,468.45,76.69,Paid,2025-05-14
898,2025-05-31,466.21,111.78,Partial,
898,2025-06-30,331.83,80.52,Partial,
898,2025-07-30,159.37,39.58,Unpaid,
898,2025-08-29,458.58,108.71,Unpaid,
898,2025-09-28,124.28,41.79,Partial,
899,2025-01-01,424.33,80.08,Partial,
899,2025-01-31,348.85,73.07,Partial,
899,2025-03-02,107.53,39.52,Unpaid,
899,2025-04-01,344.21,69.7,Partial,
899,2025-05-01,102.45,35.32,Partial,
899,2025-05-31,266.38,65.6,Unpaid,
899,2025-06-30,312.28,62.83,Partial,
899,2025-07-30,97.25,35.95,Paid,2025-08-10
899,2025-08-29,340.39,54.17,Unpaid,
899,2025-09-28,329.39,53.56,Partial,
900,2025-01-01,394.46,86.23,Unpaid,
900,2025-01-31,68.26,27.77,Paid,2025-02-10
900,2025-03-02,268.63,47.32,Paid,2025-03-07
900,2025-04-01,482.2,81.99,Paid,2025-04-08
900,2025-05-01,97.46,39.18,Paid,2025-05-05
900,2025-05-31,341.96,61.91,Paid,2025-05-31
900,2025-06-30,400.06,78.75,Paid,2025-06-30
900,2025-07-30,217.32,46.3,Partial,
900,2025-08-29,456.42,70.04,Paid,2025-09-03
900,2025-09-28,435.28,103.75,Partial,
901,2025-01-01,124.8,36.99,Unpaid,
901,2025-01-31,86.24,33.54,Partial,
901,2025-03-02,138.97,43.78,Paid,2025-03-08
901,2025-04-01,230.13,50.53,Partial,
901,2025-05-01,186.34,54.07,Partial,
901,2025-05-31,232.84,48.04,Paid,2025-06-05
901,2025-06-30,322.56,70.82,Paid,2025-07-07
901,2025-07-30,446.03,101.56,Partial,
901,2025-08-29,475.23,99.02,Unpaid,
901,2025-09-28,128.41,33.88,Unpaid,
902,2025-01-01,92.53,32.56,Paid,2025-01-05
902,2025-01-31,317.76,71.71,Partial,
902,2025-03-02,391.54,95.08,Partial,
902,2025-04-01,142.56,43.83,Partial,
902,2025-05-01,63.61,27.04,Paid,2025-05-13
902,2025-05-31,57.68,31.44,Paid,2025-06-03
902,2025-06-30,129.31,42.0,Paid,2025-07-05
902,2025-07-30,124.66,34.47,Unpaid,
902,2025-08-29,463.75,112.74,Partial,
902,2025-09-28,212.13,53.28,Unpaid,
903,2025-01-01,351.21,74.71,Paid,2025-01-04
903,2025-01-31,486.67,73.42,Partial,
903,2025-03-02,62.84,29.28,Paid,2025-03-12
903,2025-04-01,430.75,95.48,Partial,
903,2025-05-01,221.9,46.49,Partial,
903,2025-05-31,388.62,68.7,Paid,2025-06-01
903,2025-06-30,229.8,58.93,Paid,2025-07-09
903,2025-07-30,118.64,34.41,Paid,2025-08-07
903,2025-08-29,291.57,63.56,Paid,2025-08-29
903,2025-09-28,59.42,30.77,Unpaid,
904,2025-01-01,264.82,66.66,Partial,
904,2025-01-31,354.19,80.89,Paid,2025-02-14
904,2025-03-02,313.48,77.27,Unpaid,
904,2025-04-01,495.74,109.04,Partial,
904,2025-05-01,101.42,31.46,Partial,
904,2025-05-31,496.48,102.09,Paid,2025-05-31
904,2025-06-30,147.22,47.57,Paid,2025-07-13
904,2025-07-30,109.08,38.7,Partial,
904,2025-08-29,217.3,55.87,Paid,2025-09-12
904,2025-09-28,475.26,84.63,Unpaid,
905,2025-01-01,229.31,63.58,Unpaid,
905,2025-01-31,395.07,93.25,Paid,2025-02-12
905,2025-03-02,153.47,35.85,Partial,
905,2025-04-01,331.46,82.48,Unpaid,
905,2025-05-01,434.38,70.82,Paid,2025-05-10
905,2025-05-31,290.91,71.72,Unpaid,
905,2025-06-30,70.57,29.09,Partial,
905,2025-07-30,161.58,37.63,Paid,2025-08-07
905,2025-08-29,243.16,56.85,Paid,2025-09-06
905,2025-09-28,391.62,93.1,Paid,2025-10-06
906,2025-01-01,254.13,55.66,Paid,2025-01-02
906,2025-01-31,119.89,39.72,Unpaid,
906,2025-03-02,222.49,51.69,Partial,
906,2025-04-01,296.8,60.66,Partial,
906,2025-05-01,388.71,69.93,Paid,2025-05-14
906,2025-05-31,418.96,67.08,Partial,
906,2025-06-30,90.93,30.12,Unpaid,
906,2025-07-30,157.07,45.21,Paid,2025-08-02
906,2025-08-29,220.76,58.79,Unpaid,
906,2025-09-28,75.8,33.34,Paid,2025-10-02
907,2025-01-01,470.13,95.96,Paid,2025-01-02
907,2025-01-31,274.57,67.74,Paid,2025-02-10
907,2025-03-02,130.88,40.09,Partial,
907,2025-04-01,247.03,46.35,Unpaid,
907,2025-05-01,117.93,37.52,Partial,
907,2025-05-31,268.91,54.97,Unpaid,
907,2025-06-30,458.93,72.96,Unpaid,
907,2025-07-30,203.32,42.89,Unpaid,
907,2025-08-29,258.75,53.07,Unpaid,
907,2025-09-28,64.92,31.66,Partial,
908,2025-01-01,416.36,74.95,Unpaid,
908,2025-01-31,302.68,63.53,Paid,2025-02-02
908,2025-03-02,59.53,30.42,Paid,2025-03-03
908,2025-04-01,336.78,76.01,Unpaid,
908,2025-05-01,415.39,90.25,Unpaid,
908,2025-05-31,338.73,72.33,Unpaid,
908,2025-06-30,305.24,55.61,Unpaid,
908,2025-07-30,183.79,43.13,Unpaid,
908,2025-08-29,389.44,85.06,Paid,2025-09-01
908,2025-09-28,219.72,61.63,Paid,2025-10-11
909,2025-01-01,293.39,59.7,Paid,2025-01-10
909,2025-01-31,100.54,39.09,Unpaid,
909,2025-03-02,223.05,61.96,Paid,2025-03-03
909,2025-04-01,405.71,92.82,Partial,
909,2025-05-01,491.36,80.48,Partial,
909,2025-05-31,180.11,38.45,Unpaid,
909,2025-06-30,112.83,35.89,Unpaid,
909,2025-07-30,496.36,80.0,Unpaid,
909,2025-08-29,317.95,53.27,Unpaid,
909,2025-09-28,488.87,72.29,Partial,
910,2025-01-01,472.92,92.41,Unpaid,
910,2025-01-31,126.67,40.39,Unpaid,
910,2025-03-02,106.93,32.45,Unpaid,
910,2025-04-01,234.67,65.13,Partial,
910,2025-05-01,272.24,60.28,Unpaid,
910,2025-05-31,329.67,69.93,Paid,2025-06-02
910,2025-06-30,405.81,90.78,Paid,2025-07-01
910,2025-07-30,300.36,62.54,Paid,2025-07-30
910,2025-08-29,101.16,38.04,Unpaid,
910,2025-09-28,97.52,31.0,Unpaid,
911,2025-01-01,442.76,74.21,Unpaid,
911,2025-01-31,483.9,72.47,Unpaid,
911,2025-03-02,286.71,72.89,Paid,2025-03-14
911,2025-04-01,371.35,64.91,Partial,
911,2025-05-01,347.01,79.85,Partial,
911,2025-05-31,394.02,97.26,Unpaid,
911,2025-06-30,455.59,87.73,Unpaid,
911,2025-07-30,371.19,59.12,Unpaid,
911,2025-08-29,61.63,28.56,Partial,
911,2025-09-28,91.68,31.07,Paid,2025-10-05
912,2025-01-01,72.36,28.18,Paid,2025-01-06
912,2025-01-31,233.81,51.45,Paid,2025-02-09
912,2025-03-02,66.61,29.0,Paid,2025-03-13
912,2025-04-01,165.67,39.51,Unpaid,
912,2025-05-01,159.28,44.76,Unpaid,
912,2025-05-31,205.58,43.83,Partial,
912,2025-06-30,359.15,81.29,Partial,
912,2025-07-30,465.64,81.7,Unpaid,
912,2025-08-29,242.52,47.29,Partial,
912,2025-09-28,202.74,53.49,Paid,2025-10-01
913,2025-01-01,85.22,30.94,Paid,2025-01-09
913,2025-01-31,452.35,98.41,Paid,2025-02-06
913,2025-03-02,446.26,99.26,Partial,
913,2025-04-01,434.71,64.54,Paid,2025-04-16
913,2025-05-01,150.9,35.98,Partial,
913,2025-05-31,351.83,71.11,Unpaid,
913,2025-06-30,497.97,74.21,Paid,2025-07-07
913,2025-07-30,331.2,85.16,Paid,2025-08-13
913,2025-08-29,203.71,46.2,Unpaid,
913,2025-09-28,343.42,58.02,Unpaid,
914,2025-01-01,396.0,71.38,Paid,2025-01-07
914,2025-01-31,459.99,67.54,Partial,
914,2025-03-02,171.71,41.05,Unpaid,
914,2025-04-01,135.37,35.21,Partial,
914,2025-05-01,294.02,69.06,Partial,
914,2025-05-31,185.46,45.2,Unpaid,
914,2025-06-30,273.67,51.85,Partial,
914,2025-07-30,488.31,102.18,Unpaid,
914,2025-08-29,277.0,62.72,Paid,2025-08-30
914,2025-09-28,214.8,50.62,Unpaid,
915,2025-01-01,255.91,69.96,Unpaid,
915,2025-01-31,493.68,116.95,Unpaid,
915,2025-03-02,493.88,112.94,Unpaid,
915,2025-04-01,474.7,92.08,Paid,2025-04-03
915,2025-05-01,312.77,61.4,Unpaid,
915,2025-05-31,412.3,62.58,Paid,2025-06-09
915,2025-06-30,274.92,51.39,Unpaid,
915,2025-07-30,100.8,39.51,Unpaid,
915,2025-08-29,444.21,77.54,Unpaid,
915,2025-09-28,361.28,86.94,Partial,
916,2025-01-01,179.49,55.65,Unpaid,
916,2025-01-31,272.77,71.05,Unpaid,
916,2025-03-02,331.15,63.15,Paid,2025-03-13
916,2025-04-01,369.78,74.25,Unpaid,
916,2025-05-01,164.83,37.13,Paid,2025-05-15
916,2025-05-31,474.53,98.69,Unpaid,
916,2025-06-30,175.7,39.52,Paid,2025-07-02
916,2025-07-30,251.97,68.92,Paid,2025-08-11
916,2025-08-29,315.85,62.85,Unpaid,
916,2025-09-28,246.97,58.08,Partial,
917,2025-01-01,103.68,34.53,Paid,2025-01-16
917,2025-01-31,294.82,52.68,Partial,
917,2025-03-02,452.69,67.21,Unpaid,
917,2025-04-01,191.14,45.23,Paid,2025-04-16
917,2025-05-01,215.87,43.32,Unpaid,
917,2025-05-31,113.56,35.66,Paid,2025-05-31
917,2025-06-30,445.02,95.6,Partial,
917,2025-07-30,109.25,39.7,Unpaid,
917,2025-08-29,379.26,92.47,Unpaid,
917,2025-09-28,111.32,41.62,Paid,2025-10-11
918,2025-01-01,445.97,85.95,Paid,2025-01-06
918,2025-01-31,452.13,106.39,Partial,
918,2025-03-02,393.81,93.62,Unpaid,
918,2025-04-01,174.55,46.01,Partial,
918,2025-05-01,288.11,48.82,Partial,
918,2025-05-31,458.44,108.21,Unpaid,
918,2025-06-30,367.56,81.94,Partial,
918,2025-07-30,477.27,93.42,Paid,2025-08-08
918,2025-08-29,236.88,58.67,Partial,
918,2025-09-28,361.13,64.85,Unpaid,
919,2025-01-01,292.28,75.51,Partial,
919,2025-01-31,460.29,106.16,Paid,2025-02-13
919,2025-03-02,319.37,59.17,Partial,
919,2025-04-01,236.67,49.97,Partial,
919,2025-05-01,177.8,40.56,Unpaid,
919,2025-05-31,220.97,43.45,Paid,2025-06-08
919,2025-06-30,266.15,54.02,Paid,2025-07-06
919,2025-07-30,350.98,76.04,Partial,
919,2025-08-29,187.81,48.38,Paid,2025-09-01
919,2025-09-28,153.43,37.67,Paid,2025-10-13
920,2025-01-01,294.67,52.45,Paid,2025-01-16
920,2025-01-31,375.51,66.92,Unpaid,
920,2025-03-02,484.1,96.81,Paid,2025-03-04
920,2025-04-01,190.75,49.21,Paid,2025-04-12
920,2025-05-01,175.68,47.16,Unpaid,
920,2025-05-31,282.13,74.3,Partial,
920,2025-06-30,66.55,27.09,Unpaid,
920,2025-07-30,69.68,32.97,Unpaid,
920,2025-08-29,425.8,90.28,Paid,2025-08-31
920,2025-09-28,426.9,102.49,Unpaid,
921,2025-01-01,220.77,57.58,Unpaid,
921,2025-01-31,367.99,63.97,Partial,
921,2025-03-02,491.26,110.88,Partial,
921,2025-04-01,252.45,58.58,Partial,
921,2025-05-01,333.58,53.87,Paid,2025-05-14
921,2025-05-31,263.97,61.53,Paid,2025-06-01
921,2025-06-30,344.39,86.04,Partial,
921,2025-07-30,155.29,38.87,Paid,2025-08-13
921,2025-08-29,233.52,52.9,Partial,
921,2025-09-28,397.54,66.29,Paid,2025-10-07
922,2025-01-01,479.96,112.03,Paid,2025-01-08
922,2025-01-31,121.48,40.96,Partial,
922,2025-03-02,66.02,27.23,Paid,2025-03-15
922,2025-04-01,356.93,80.78,Partial,
922,2025-05-01,370.47,92.85,Partial,
922,2025-05-31,438.79,86.75,Paid,2025-06-05
922,2025-06-30,177.4,48.93,Paid,2025-07-13
922,2025-07-30,98.13,33.28,Partial,
922,2025-08-29,336.18,56.92,Paid,2025-09-03
922,2025-09-28,385.02,96.06,Unpaid,
923,2025-01-01,347.2,63.45,Partial,
923,2025-01-31,137.73,39.45,Paid,2025-02-07
923,2025-03-02,160.88,50.74,Unpaid,
923,2025-04-01,237.4,62.04,Paid,2025-04-03
923,2025-05-01,247.69,47.42,Paid,2025-05-06
923,2025-05-31,399.01,60.91,Unpaid,
923,2025-06-30,54.68,30.19,Unpaid,
923,2025-07-30,153.92,48.52,Partial,
923,2025-08-29,246.3,59.76,Partial,
923,2025-09-28,189.83,53.7,Paid,2025-10-08
924,2025-01-01,263.13,70.08,Unpaid,
924,2025-01-31,317.47,55.05,Unpaid,
924,2025-03-02,163.39,41.01,Paid,2025-03-09
924,2025-04-01,326.56,60.52,Partial,
924,2025-05-01,454.49,109.81,Paid,2025-05-05
924,2025-05-31,352.17,58.33,Partial,
924,2025-06-30,139.89,38.02,Paid,2025-07-04
924,2025-07-30,325.42,78.64,Paid,2025-08-10
924,2025-08-29,442.57,75.39,Unpaid,
924,2025-09-28,55.81,25.69,Unpaid,
925,2025-01-01,175.68,45.08,Partial,
925,2025-01-31,330.15,58.15,Unpaid,
925,2025-03-02,287.35,63.93,Unpaid,
925,2025-04-01,256.87,61.01,Paid,2025-04-13
925,2025-05-01,325.0,84.58,Partial,
925,2025-05-31,250.15,64.03,Partial,
925,2025-06-30,137.18,47.26,Partial,
925,2025-07-30,248.4,63.45,Partial,
925,2025-08-29,93.93,33.26,Partial,
925,2025-09-28,312.74,74.33,Unpaid,
926,2025-01-01,460.38,83.73,Paid,2025-01-05
926,2025-01-31,62.64,31.35,Partial,
926,2025-03-02,51.38,29.97,Unpaid,
926,2025-04-01,193.55,52.21,Partial,
926,2025-05-01,194.52,58.56,Paid,2025-05-01
926,2025-05-31,82.8,34.77,Partial,
926,2025-06-30,437.5,75.58,Partial,
926,2025-07-30,404.04,87.53,Paid,2025-08-01
926,2025-08-29,394.88,76.61,Paid,2025-09-04
926,2025-09-28,176.3,42.28,Unpaid,
927,2025-01-01,496.71,90.82,Partial,
927,2025-01-31,226.44,64.52,Unpaid,
927,2025-03-02,413.59,62.83,Partial,
927,2025-04-01,426.72,96.98,Paid,2025-04-07
927,2025-05-01,120.11,35.07,Unpaid,
927,2025-05-31,134.98,38.9,Unpaid,
927,2025-06-30,309.73,70.23,Paid,2025-07-14
927,2025-07-30,300.51,50.6,Paid,2025-08-10
927,2025-08-29,415.4,78.71,Unpaid,
927,2025-09-28,240.86,52.67,Unpaid,
928,2025-01-01,81.67,31.45,Partial,
928,2025-01-31,231.01,62.96,Unpaid,
928,2025-03-02,325.85,71.57,Unpaid,
928,2025-04-01,440.15,91.93,Partial,
928,2025-05-01,395.2,71.33,Partial,
928,2025-05-31,370.67,85.7,Paid,2025-06-04
928,2025-06-30,159.43,50.51,Unpaid,
928,2025-07-30,66.45,27.59,Unpaid,
928,2025-08-29,356.81,86.9,Paid,2025-09-09
928,2025-09-28,137.42,39.27,Paid,2025-10-03
929,2025-01-01,376.24,76.62,Partial,
929,2025-01-31,490.01,80.57,Paid,2025-02-06
929,2025-03-02,57.82,30.91,Unpaid,
929,2025-04-01,429.5,67.77,Paid,2025-04-15
929,2025-05-01,145.34,48.07,Partial,
929,2025-05-31,355.83,77.1,Partial,
929,2025-06-30,100.92,32.27,Unpaid,
929,2025-07-30,469.26,69.53,Partial,
929,2025-08-29,471.03,97.74,Unpaid,
929,2025-09-28,147.25,41.16,Unpaid,
930,2025-01-01,340.56,55.08,Unpaid,
930,2025-01-31,315.57,54.55,Paid,2025-02-02
930,2025-03-02,490.63,110.34,Unpaid,
930,2025-04-01,314.91,63.34,Unpaid,
930,2025-05-01,462.22,108.06,Paid,2025-05-03
930,2025-05-31,387.46,80.04,Paid,2025-06-09
930,2025-06-30,326.23,80.06,Unpaid,
930,2025-07-30,491.32,78.22,Partial,
930,2025-08-29,487.39,104.88,Paid,2025-09-10
930,2025-09-28,327.51,83.7,Unpaid,
931,2025-01-01,467.19,82.39,Partial,
931,2025-01-31,210.29,49.6,Unpaid,
931,2025-03-02,350.43,87.27,Unpaid,
931,2025-04-01,316.81,80.93,Unpaid,
931,2025-05-01,374.0,84.14,Partial,
931,2025-05-31,106.43,39.84,Paid,2025-06-04
931,2025-06-30,127.65,39.82,Paid,2025-07-03
931,2025-07-30,148.32,45.43,Unpaid,
931,2025-08-29,149.35,37.89,Paid,2025-09-07
931,2025-09-28,174.5,41.93,Paid,2025-10-08
932,2025-01-01,296.92,73.71,Partial,
932,2025-01-31,338.67,69.31,Unpaid,
932,2025-03-02,328.32,56.03,Paid,2025-03-06
932,2025-04-01,102.2,38.6,Partial,
932,2025-05-01,205.54,47.84,Paid,2025-05-14
932,2025-05-31,149.81,47.61,Unpaid,
932,2025-06-30,189.77,55.19,Unpaid,
932,2025-07-30,281.21,49.35,Unpaid,
932,2025-08-29,194.89,57.06,Paid,2025-09-06
932,2025-09-28,299.67,79.77,Paid,2025-10-03
933,2025-01-01,111.61,33.38,Paid,2025-01-07
933,2025-01-31,317.69,79.11,Unpaid,
933,2025-03-02,346.74,83.91,Unpaid,
933,2025-04-01,470.44,84.96,Paid,2025-04-06
933,2025-05-01,107.54,35.06,Unpaid,
933,2025-05-31,223.43,63.32,Paid,2025-05-31
933,2025-06-30,303.22,61.79,Paid,2025-07-09
933,2025-07-30,100.13,39.22,Unpaid,
933,2025-08-29,490.41,106.5,Partial,
933,2025-09-28,384.92,73.45,Unpaid,
934,2025-01-01,382.39,95.93,Unpaid,
934,2025-01-31,409.18,99.12,Unpaid,
934,2025-03-02,66.77,31.54,Unpaid,
934,2025-04-01,399.73,71.18,Unpaid,
934,2025-05-01,147.55,43.31,Unpaid,
934,2025-05-31,471.44,83.12,Paid,2025-06-13
934,2025-06-30,201.04,54.08,Partial,
934,2025-07-30,404.98,85.76,Partial,
934,2025-08-29,392.62,68.34,Unpaid,
934,2025-09-28,495.34,69.73,Unpaid,
935,2025-01-01,344.89,83.54,Partial,
935,2025-01-31,405.75,96.49,Paid,2025-02-11
935,2025-03-02,200.65,58.01,Partial,
935,2025-04-01,314.23,64.51,Unpaid,
935,2025-05-01,315.21,69.29,Paid,2025-05-11
935,2025-05-31,282.65,65.27,Partial,
935,2025-06-30,122.05,40.84,Paid,2025-07-07
935,2025-07-30,303.01,79.53,Unpaid,
935,2025-08-29,247.55,49.16,Unpaid,
935,2025-09-28,263.36,65.01,Unpaid,
936,2025-01-01,131.87,42.49,Partial,
936,2025-01-31,198.6,57.94,Paid,2025-02-01
936,2025-03-02,411.09,93.44,Unpaid,
936,2025-04-01,271.14,70.93,Unpaid,
936,2025-05-01,127.39,37.07,Paid,2025-05-14
936,2025-05-31,317.25,55.29,Partial,
936,2025-06-30,192.06,53.53,Partial,
936,2025-07-30,165.76,44.26,Partial,
936,2025-08-29,484.74,94.85,Partial,
936,2025-09-28,185.17,43.67,Partial,
937,2025-01-01,270.56,63.25,Partial,
937,2025-01-31,120.47,44.05,Paid,2025-02-03
937,2025-03-02,473.73,104.01,Paid,2025-03-03
937,2025-04-01,142.84,37.08,Unpaid,
937,2025-05-01,322.89,63.36,Paid,2025-05-08
937,2025-05-31,281.53,51.64,Unpaid,
937,2025-06-30,255.92,64.42,Partial,
937,2025-07-30,490.89,94.76,Unpaid,
937,2025-08-29,283.15,60.37,Partial,
937,2025-09-28,68.51,31.64,Paid,2025-10-02
938,2025-01-01,81.21,28.8,Partial,
938,2025-01-31,138.8,46.5,Paid,2025-02-09
938,2025-03-02,445.25,86.54,Partial,
938,2025-04-01,94.17,33.73,Paid,2025-04-02
938,2025-05-01,432.7,69.13,Paid,2025-05-12
938,2025-05-31,337.04,56.46,Unpaid,
938,2025-06-30,326.31,65.58,Unpaid,
938,2025-07-30,351.02,84.76,Partial,
938,2025-08-29,114.07,36.18,Paid,2025-09-01
938,2025-09-28,320.79,84.13,Unpaid,
939,2025-01-01,352.84,56.99,Paid,2025-01-01
939,2025-01-31,202.11,41.29,Unpaid,
939,2025-03-02,224.97,42.94,Partial,
939,2025-04-01,493.01,69.38,Unpaid,
939,2025-05-01,107.59,34.47,Paid,2025-05-10
939,2025-05-31,72.9,32.34,Paid,2025-06-01
939,2025-06-30,73.33,32.93,Paid,2025-07-01
939,2025-07-30,274.24,49.13,Unpaid,
939,2025-08-29,249.52,52.72,Unpaid,
939,2025-09-28,351.5,75.25,Partial,
940,2025-01-01,262.18,62.69,Unpaid,
940,2025-01-31,66.81,32.86,Unpaid,
940,2025-03-02,424.09,97.65,Paid,2025-03-05
940,2025-04-01,311.38,75.65,Paid,2025-04-05
940,2025-05-01,464.09,75.28,Unpaid,
940,2025-05-31,498.89,76.95,Paid,2025-06-01
940,2025-06-30,272.28,72.15,Paid,2025-07-13
940,2025-07-30,259.32,57.33,Partial,
940,2025-08-29,54.63,28.1,Paid,2025-09-12
940,2025-09-28,268.05,47.95,Unpaid,
941,2025-01-01,61.25,29.7,Paid,2025-01-01
941,2025-01-31,369.45,69.47,Partial,
941,2025-03-02,204.47,57.86,Unpaid,
941,2025-04-01,167.78,38.52,Partial,
941,2025-05-01,334.89,82.91,Partial,
941,2025-05-31,270.91,58.88,Partial,
941,2025-06-30,294.78,65.75,Unpaid,
941,2025-07-30,391.57,96.48,Partial,
941,2025-08-29,241.32,48.09,Unpaid,
941,2025-09-28,92.92,30.92,Unpaid,
942,2025-01-01,435.4,66.84,Paid,2025-01-01
942,2025-01-31,237.93,54.75,Partial,
942,2025-03-02,328.64,52.93,Unpaid,
942,2025-04-01,356.33,88.03,Paid,2025-04-07
942,2025-05-01,57.3,25.98,Partial,
942,2025-05-31,335.68,66.03,Unpaid,
942,2025-06-30,94.51,36.84,Unpaid,
942,2025-07-30,71.4,28.52,Paid,2025-08-06
942,2025-08-29,337.48,55.15,Partial,
942,2025-09-28,102.51,38.07,Partial,
943,2025-01-01,316.73,59.84,Unpaid,
943,2025-01-31,145.46,41.47,Paid,2025-02-02
943,2025-03-02,440.34,96.96,Unpaid,
943,2025-04-01,314.47,63.94,Unpaid,
943,2025-05-01,279.65,59.49,Partial,
943,2025-05-31,105.73,41.12,Unpaid,
943,2025-06-30,305.3,58.09,Paid,2025-07-15
943,2025-07-30,67.73,27.59,Paid,2025-08-01
943,2025-08-29,484.97,73.03,Paid,2025-09-11
943,2025-09-28,120.06,41.75,Unpaid,
944,2025-01-01,258.96,54.44,Paid,2025-01-05
944,2025-01-31,180.28,38.5,Paid,2025-02-01
944,2025-03-02,277.58,71.54,Paid,2025-03-16
944,2025-04-01,120.15,41.16,Partial,
944,2025-05-01,469.57,99.47,Paid,2025-05-05
944,2025-05-31,436.33,72.33,Unpaid,
944,2025-06-30,157.4,49.74,Partial,
944,2025-07-30,269.18,51.51,Paid,2025-08-09
944,2025-08-29,174.9,53.3,Unpaid,
944,2025-09-28,401.03,67.07,Unpaid,
945,2025-01-01,460.56,95.89,Paid,2025-01-14
945,2025-01-31,108.31,35.3,Unpaid,
945,2025-03-02,137.84,38.86,Unpaid,
945,2025-04-01,219.71,57.54,Paid,2025-04-15
945,2025-05-01,68.76,31.97,Partial,
945,2025-05-31,54.02,25.76,Partial,
945,2025-06-30,183.21,46.35,Unpaid,
945,2025-07-30,145.27,37.03,Paid,2025-08-11
945,2025-08-29,431.12,88.04,Unpaid,
945,2025-09-28,465.9,111.76,Paid,2025-10-13
946,2025-01-01,114.23,35.99,Unpaid,
946,2025-01-31,409.62,65.0,Unpaid,
946,2025-03-02,120.48,35.66,Unpaid,
946,2025-04-01,360.95,76.44,Partial,
946,2025-05-01,191.47,53.63,Partial,
946,2025-05-31,67.87,32.16,Unpaid,
946,2025-06-30,236.53,58.05,Partial,
946,2025-07-30,499.42,95.59,Partial,
946,2025-08-29,206.99,53.12,Paid,2025-09-04
946,2025-09-28,214.54,62.22,Partial,
947,2025-01-01,323.65,64.26,Unpaid,
947,2025-01-31,434.6,84.49,Paid,2025-02-14
947,2025-03-02,295.57,55.08,Unpaid,
947,2025-04-01,163.94,38.15,Paid,2025-04-02
947,2025-05-01,208.77,57.93,Paid,2025-05-05
947,2025-05-31,61.04,30.72,Partial,
947,2025-06-30,299.08,59.85,Partial,
947,2025-07-30,259.15,59.04,Paid,2025-08-14
947,2025-08-29,109.44,36.97,Paid,2025-08-30
947,2025-09-28,299.22,66.91,Paid,2025-10-12
948,2025-01-01,425.99,71.88,Partial,
948,2025-01-31,424.33,81.48,Partial,
948,2025-03-02,80.8,32.47,Unpaid,
948,2025-04-01,244.8,58.61,Paid,2025-04-04
948,2025-05-01,410.96,68.15,Paid,2025-05-04
948,2025-05-31,56.09,28.07,Paid,2025-06-15
948,2025-06-30,93.48,37.5,Partial,
948,2025-07-30,51.25,26.1,Paid,2025-08-02
948,2025-08-29,92.15,37.64,Paid,2025-09-03
948,2025-09-28,68.61,31.77,Unpaid,
949,2025-01-01,73.83,31.37,Partial,
949,2025-01-31,169.73,40.73,Paid,2025-02-06
949,2025-03-02,400.95,72.02,Paid,2025-03-07
949,2025-04-01,191.41,42.78,Unpaid,
949,2025-05-01,149.06,41.91,Paid,2025-05-02
949,2025-05-31,204.0,48.12,Unpaid,
949,2025-06-30,103.0,36.19,Partial,
949,2025-07-30,290.07,49.04,Unpaid,
949,2025-08-29,423.53,95.51,Partial,
949,2025-09-28,486.61,110.93,Paid,2025-10-11
950,2025-01-01,146.83,37.97,Partial,
950,2025-01-31,338.06,55.5,Partial,
950,2025-03-02,184.52,49.16,Paid,2025-03-15
950,2025-04-01,452.89,74.4,Paid,2025-04-13
950,2025-05-01,334.58,59.55,Paid,2025-05-02
950,2025-05-31,320.48,55.76,Paid,2025-06-12
950,2025-06-30,150.45,38.93,Unpaid,
950,2025-07-30,282.21,66.82,Partial,
950,2025-08-29,98.31,30.56,Unpaid,
950,2025-09-28,393.22,65.81,Unpaid,
951,2025-01-01,344.64,79.0,Paid,2025-01-04
951,2025-01-31,101.59,31.48,Unpaid,
951,2025-03-02,409.07,89.35,Unpaid,
951,2025-04-01,242.52,50.61,Partial,
951,2025-05-01,120.9,32.2,Partial,
951,2025-05-31,50.38,25.78,Paid,2025-06-15
951,2025-06-30,466.07,80.31,Partial,
951,2025-07-30,471.63,98.34,Unpaid,
951,2025-08-29,88.48,36.57,Unpaid,
951,2025-09-28,473.97,95.19,Partial,
952,2025-01-01,418.72,101.04,Partial,
952,2025-01-31,238.23,64.13,Unpaid,
952,2025-03-02,167.81,49.76,Unpaid,
952,2025-04-01,451.21,74.27,Unpaid,
952,2025-05-01,335.7,58.15,Partial,
952,2025-05-31,438.96,99.43,Partial,
952,2025-06-30,215.44,55.94,Paid,2025-07-02
952,2025-07-30,261.69,69.28,Paid,2025-08-14
952,2025-08-29,296.88,78.95,Unpaid,
952,2025-09-28,400.38,94.78,Unpaid,
953,2025-01-01,317.27,60.6,Paid,2025-01-12
953,2025-01-31,85.82,29.23,Unpaid,
953,2025-03-02,65.56,30.25,Paid,2025-03-11
953,2025-04-01,267.43,65.16,Partial,
953,2025-05-01,395.7,94.92,Paid,2025-05-13
953,2025-05-31,461.74,103.16,Partial,
953,2025-06-30,186.51,47.13,Paid,2025-07-12
953,2025-07-30,494.98,111.15,Paid,2025-08-04
953,2025-08-29,153.23,45.46,Unpaid,
953,2025-09-28,304.35,52.61,Unpaid,
954,2025-01-01,237.49,63.44,Paid,2025-01-05
954,2025-01-31,264.54,70.27,Unpaid,
954,2025-03-02,165.74,38.91,Unpaid,
954,2025-04-01,482.31,105.21,Paid,2025-04-12
954,2025-05-01,326.88,81.26,Paid,2025-05-10
954,2025-05-31,297.52,69.62,Paid,2025-06-04
954,2025-06-30,431.31,101.6,Partial,
954,2025-07-30,173.09,42.38,Partial,
954,2025-08-29,88.17,30.0,Unpaid,
954,2025-09-28,407.78,93.3,Paid,2025-10-06
955,2025-01-01,431.15,63.77,Partial,
955,2025-01-31,304.65,68.35,Unpaid,
955,2025-03-02,161.46,47.86,Paid,2025-03-05
955,2025-04-01,260.09,69.9,Unpaid,
955,2025-05-01,101.34,32.09,Partial,
955,2025-05-31,481.49,106.05,Unpaid,
955,2025-06-30,65.61,29.62,Unpaid,
955,2025-07-30,147.46,38.45,Unpaid,
955,2025-08-29,305.23,55.61,Partial,
955,2025-09-28,76.12,32.4,Paid,2025-10-05
956,2025-01-01,152.58,42.09,Paid,2025-01-08
956,2025-01-31,429.05,66.59,Partial,
956,2025-03-02,53.64,29.38,Partial,
956,2025-04-01,477.55,115.02,Unpaid,
956,2025-05-01,136.8,42.69,Unpaid,
956,2025-05-31,77.88,27.88,Paid,2025-06-08
956,2025-06-30,101.1,37.27,Unpaid,
956,2025-07-30,82.23,28.84,Paid,2025-08-08
956,2025-08-29,105.79,32.24,Paid,2025-09-06
956,2025-09-28,416.43,92.88,Unpaid,
957,2025-01-01,334.32,72.36,Partial,
957,2025-01-31,349.97,77.09,Unpaid,
957,2025-03-02,61.62,30.74,Paid,2025-03-04
957,2025-04-01,99.58,38.4,Paid,2025-04-13
957,2025-05-01,354.61,71.33,Paid,2025-05-09
957,2025-05-31,284.57,50.68,Partial,
957,2025-06-30,197.87,49.98,Paid,2025-07-12
957,2025-07-30,232.29,47.16,Unpaid,
957,2025-08-29,270.71,49.66,Partial,
957,2025-09-28,120.95,41.62,Paid,2025-10-02
958,2025-01-01,421.49,71.56,Paid,2025-01-06
958,2025-01-31,485.75,73.62,Unpaid,
958,2025-03-02,452.29,107.22,Partial,
958,2025-04-01,209.72,59.89,Unpaid,
958,2025-05-01,342.92,87.26,Unpaid,
958,2025-05-31,129.04,38.14,Unpaid,
958,2025-06-30,401.05,90.31,Partial,
958,2025-07-30,168.09,45.12,Unpaid,
958,2025-08-29,481.04,72.67,Paid,2025-09-02
958,2025-09-28,401.69,95.35,Partial,
959,2025-01-01,475.89,96.69,Unpaid,
959,2025-01-31,237.54,46.89,Partial,
959,2025-03-02,122.89,39.24,Paid,2025-03-04
959,2025-04-01,324.63,61.54,Partial,
959,2025-05-01,142.2,45.06,Paid,2025-05-11
959,2025-05-31,415.87,94.61,Partial,
959,2025-06-30,436.69,77.73,Partial,
959,2025-07-30,117.38,42.15,Paid,2025-08-03
959,2025-08-29,414.81,102.81,Unpaid,
959,2025-09-28,483.86,87.77,Unpaid,
960,2025-01-01,469.6,90.55,Paid,2025-01-14
960,2025-01-31,306.29,60.17,Partial,
960,2025-03-02,265.08,50.84,Unpaid,
960,2025-04-01,110.83,33.76,Paid,2025-04-04
960,2025-05-01,278.65,55.64,Partial,
960,2025-05-31,248.33,49.52,Partial,
960,2025-06-30,344.39,58.63,Unpaid,
960,2025-07-30,439.18,77.79,Unpaid,
960,2025-08-29,189.93,54.2,Paid,2025-09-09
960,2025-09-28,431.04,91.35,Paid,2025-10-12
961,2025-01-01,63.25,30.67,Unpaid,
961,2025-01-31,241.96,54.13,Paid,2025-02-11
961,2025-03-02,101.86,33.35,Partial,
961,2025-04-01,361.29,89.65,Paid,2025-04-10
961,2025-05-01,300.4,61.23,Paid,2025-05-09
961,2025-05-31,380.26,73.24,Paid,2025-06-04
961,2025-06-30,117.01,37.99,Paid,2025-07-07
961,2025-07-30,390.4,96.52,Paid,2025-08-07
961,2025-08-29,335.32,77.01,Unpaid,
961,2025-09-28,470.22,70.66,Paid,2025-10-06
962,2025-01-01,180.86,40.55,Paid,2025-01-16
962,2025-01-31,326.66,83.35,Partial,
962,2025-03-02,346.48,88.58,Partial,
962,2025-04-01,394.95,69.44,Paid,2025-04-03
962,2025-05-01,187.99,47.38,Partial,
962,2025-05-31,185.6,45.54,Partial,
962,2025-06-30,479.3,109.74,Partial,
962,2025-07-30,113.9,37.9,Paid,2025-08-10
962,2025-08-29,243.06,68.48,Partial,
962,2025-09-28,326.54,72.33,Unpaid,
963,2025-01-01,244.85,65.89,Paid,2025-01-06
963,2025-01-31,107.25,34.5,Paid,2025-02-14
963,2025-03-02,55.16,29.88,Paid,2025-03-02
963,2025-04-01,432.15,92.1,Unpaid,
963,2025-05-01,230.3,65.33,Partial,
963,2025-05-31,85.15,33.14,Paid,2025-06-11
963,2025-06-30,436.06,106.85,Partial,
963,2025-07-30,155.36,49.75,Paid,2025-08-05
963,2025-08-29,358.07,79.2,Unpaid,
963,2025-09-28,457.0,105.96,Unpaid,
964,2025-01-01,208.3,50.63,Unpaid,
964,2025-01-31,166.61,41.22,Unpaid,
964,2025-03-02,363.3,76.09,Partial,
964,2025-04-01,190.17,48.82,Paid,2025-04-01
964,2025-05-01,210.68,46.42,Unpaid,
964,2025-05-31,447.68,81.28,Paid,2025-06-08
964,2025-06-30,347.95,72.03,Paid,2025-07-12
964,2025-07-30,160.28,39.05,Unpaid,
964,2025-08-29,377.61,92.44,Paid,2025-09-09
964,2025-09-28,405.18,91.94,Unpaid,
965,2025-01-01,340.12,72.71,Paid,2025-01-09
965,2025-01-31,332.56,54.7,Unpaid,
965,2025-03-02,86.55,32.12,Unpaid,
965,2025-04-01,69.43,31.39,Paid,2025-04-09
965,2025-05-01,308.11,71.0,Partial,
965,2025-05-31,90.48,31.38,Partial,
965,2025-06-30,426.23,70.73,Partial,
965,2025-07-30,295.24,76.59,Paid,2025-08-09
965,2025-08-29,263.19,69.52,Unpaid,
965,2025-09-28,249.4,54.7,Unpaid,
966,2025-01-01,141.41,38.33,Unpaid,
966,2025-01-31,273.9,57.77,Paid,2025-02-11
966,2025-03-02,338.94,70.28,Partial,
966,2025-04-01,90.0,32.88,Partial,
966,2025-05-01,191.19,56.34,Paid,2025-05-09
966,2025-05-31,170.31,37.42,Partial,
966,2025-06-30,345.63,87.84,Unpaid,
966,2025-07-30,180.94,51.5,Paid,2025-08-08
966,2025-08-29,152.98,40.31,Paid,2025-09-12
966,2025-09-28,308.66,51.99,Paid,2025-10-04
967,2025-01-01,401.53,61.86,Partial,
967,2025-01-31,159.86,39.15,Partial,
967,2025-03-02,245.05,63.53,Unpaid,
967,2025-04-01,189.68,54.99,Paid,2025-04-06
967,2025-05-01,276.39,56.52,Unpaid,
967,2025-05-31,339.87,56.55,Paid,2025-06-03
967,2025-06-30,110.27,37.04,Unpaid,
967,2025-07-30,330.12,83.0,Unpaid,
967,2025-08-29,51.71,29.9,Partial,
967,2025-09-28,390.76,77.51,Unpaid,
968,2025-01-01,237.92,44.37,Partial,
968,2025-01-31,103.62,37.88,Partial,
968,2025-03-02,410.8,74.32,Partial,
968,2025-04-01,279.08,54.65,Unpaid,
968,2025-05-01,211.55,45.38,Paid,2025-05-15
968,2025-05-31,88.95,35.1,Unpaid,
968,2025-06-30,418.62,86.49,Unpaid,
968,2025-07-30,346.24,69.8,Paid,2025-07-31
968,2025-08-29,454.93,105.2,Unpaid,
968,2025-09-28,295.01,58.28,Partial,
969,2025-01-01,187.15,52.61,Unpaid,
969,2025-01-31,124.2,38.01,Partial,
969,2025-03-02,371.47,84.77,Paid,2025-03-05
969,2025-04-01,494.01,79.76,Unpaid,
969,2025-05-01,72.13,30.66,Partial,
969,2025-05-31,167.55,52.86,Partial,
969,2025-06-30,84.25,30.85,Paid,2025-07-12
969,2025-07-30,348.69,68.19,Unpaid,
969,2025-08-29,284.88,76.72,Partial,
969,2025-09-28,249.63,47.22,Paid,2025-10-02
970,2025-01-01,281.6,73.18,Unpaid,
970,2025-01-31,237.74,45.91,Partial,
970,2025-03-02,266.04,60.76,Partial,
970,2025-04-01,415.81,99.96,Paid,2025-04-07
970,2025-05-01,353.55,68.59,Partial,
970,2025-05-31,108.83,37.15,Paid,2025-06-09
970,2025-06-30,112.88,33.81,Paid,2025-07-02
970,2025-07-30,315.75,65.67,Paid,2025-08-02
970,2025-08-29,487.9,81.4,Paid,2025-08-30
970,2025-09-28,468.28,92.18,Unpaid,
971,2025-01-01,266.24,64.24,Paid,2025-01-05
971,2025-01-31,268.24,52.92,Partial,
971,2025-03-02,456.89,79.12,Paid,2025-03-12
971,2025-04-01,90.3,31.86,Paid,2025-04-05
971,2025-05-01,120.82,35.52,Paid,2025-05-06
971,2025-05-31,339.66,82.09,Partial,
971,2025-06-30,104.69,39.21,Paid,2025-07-05
971,2025-07-30,383.28,80.99,Unpaid,
971,2025-08-29,301.71,73.93,Paid,2025-08-29
971,2025-09-28,161.22,45.33,Paid,2025-09-30
972,2025-01-01,147.49,39.01,Partial,
972,2025-01-31,387.67,58.89,Paid,2025-02-12
972,2025-03-02,387.32,70.52,Paid,2025-03-15
972,2025-04-01,463.53,69.28,Unpaid,
972,2025-05-01,100.4,31.77,Partial,
972,2025-05-31,424.15,99.49,Paid,2025-06-13
972,2025-06-30,471.77,111.04,Unpaid,
972,2025-07-30,354.61,80.98,Unpaid,
972,2025-08-29,320.7,81.06,Paid,2025-09-02
972,2025-09-28,305.79,70.22,Paid,2025-10-11
973,2025-01-01,496.08,109.56,Paid,2025-01-07
973,2025-01-31,409.33,87.66,Unpaid,
973,2025-03-02,238.86,55.51,Partial,
973,2025-04-01,170.28,47.0,Partial,
973,2025-05-01,197.46,57.76,Unpaid,
973,2025-05-31,92.38,33.93,Paid,2025-06-13
973,2025-06-30,59.92,31.53,Unpaid,
973,2025-07-30,349.8,67.23,Partial,
973,2025-08-29,422.59,87.31,Partial,
973,2025-09-28,474.5,76.49,Paid,2025-09-28
974,2025-01-01,348.26,58.49,Paid,2025-01-14
974,2025-01-31,104.61,33.57,Paid,2025-02-01
974,2025-03-02,385.96,68.71,Paid,2025-03-04
974,2025-04-01,132.71,41.79,Unpaid,
974,2025-05-01,203.93,60.13,Unpaid,
974,2025-05-31,420.73,67.69,Paid,2025-06-11
974,2025-06-30,296.34,75.37,Partial,
974,2025-07-30,405.4,78.26,Paid,2025-08-09
974,2025-08-29,332.4,69.48,Partial,
974,2025-09-28,366.95,70.16,Paid,2025-09-29
975,2025-01-01,78.42,30.68,Unpaid,
975,2025-01-31,422.99,95.97,Unpaid,
975,2025-03-02,58.4,31.51,Unpaid,
975,2025-04-01,156.99,50.38,Partial,
975,2025-05-01,63.37,30.06,Unpaid,
975,2025-05-31,111.64,35.34,Unpaid,
975,2025-06-30,490.64,75.12,Unpaid,
975,2025-07-30,383.76,63.77,Unpaid,
975,2025-08-29,235.8,52.77,Unpaid,
975,2025-09-28,293.97,68.08,Paid,2025-10-08
976,2025-01-01,320.41,52.13,Partial,
976,2025-01-31,85.54,29.34,Partial,
976,2025-03-02,374.32,77.84,Paid,2025-03-06
976,2025-04-01,420.99,71.47,Partial,
976,2025-05-01,351.78,83.75,Unpaid,
976,2025-05-31,303.32,56.1,Unpaid,
976,2025-06-30,435.7,79.3,Partial,
976,2025-07-30,423.79,88.84,Paid,2025-07-30
976,2025-08-29,358.69,79.59,Unpaid,
976,2025-09-28,458.76,73.03,Unpaid,
977,2025-01-01,219.86,52.12,Partial,
977,2025-01-31,224.81,54.04,Unpaid,
977,2025-03-02,391.92,75.51,Partial,
977,2025-04-01,60.55,30.89,Partial,
977,2025-05-01,162.27,51.12,Partial,
977,2025-05-31,83.29,36.08,Partial,
977,2025-06-30,419.94,81.95,Partial,
977,2025-07-30,290.24,65.82,Unpaid,
977,2025-08-29,370.95,57.5,Partial,
977,2025-09-28,63.85,28.2,Paid,2025-10-05
978,2025-01-01,68.74,29.76,Unpaid,
978,2025-01-31,56.22,31.14,Paid,2025-02-02
978,2025-03-02,298.58,76.8,Partial,
978,2025-04-01,193.28,45.68,Unpaid,
978,2025-05-01,109.25,36.49,Partial,
978,2025-05-31,128.28,45.58,Paid,2025-06-11
978,2025-06-30,377.21,94.28,Paid,2025-07-05
978,2025-07-30,441.19,86.78,Partial,
978,2025-08-29,493.69,72.44,Partial,
978,2025-09-28,270.53,65.76,Paid,2025-10-04
979,2025-01-01,62.43,26.76,Unpaid,
979,2025-01-31,144.04,37.61,Unpaid,
979,2025-03-02,137.46,46.18,Partial,
979,2025-04-01,400.36,77.58,Partial,
979,2025-05-01,303.55,77.14,Partial,
979,2025-05-31,462.94,89.31,Unpaid,
979,2025-06-30,150.25,37.38,Paid,2025-07-03
979,2025-07-30,180.21,45.29,Unpaid,
979,2025-08-29,245.58,59.36,Paid,2025-09-08
979,2025-09-28,107.31,32.9,Partial,
980,2025-01-01,74.04,32.56,Partial,
980,2025-01-31,339.34,78.47,Unpaid,
980,2025-03-02,170.69,40.87,Partial,
980,2025-04-01,425.05,93.29,Unpaid,
980,2025-05-01,360.63,59.61,Partial,
980,2025-05-31,321.66,52.55,Partial,
980,2025-06-30,485.38,91.61,Paid,2025-07-05
980,2025-07-30,312.84,61.99,Paid,2025-07-30
980,2025-08-29,404.35,85.43,Unpaid,
980,2025-09-28,348.91,76.52,Paid,2025-10-07
981,2025-01-01,62.61,30.75,Paid,2025-01-09
981,2025-01-31,100.48,37.29,Paid,2025-01-31
981,2025-03-02,245.69,61.04,Paid,2025-03-11
981,2025-04-01,447.62,82.23,Partial,
981,2025-05-01,59.41,26.03,Partial,
981,2025-05-31,66.23,32.07,Unpaid,
981,2025-06-30,409.31,92.18,Partial,
981,2025-07-30,483.19,78.81,Unpaid,
981,2025-08-29,141.02,44.99,Partial,
981,2025-09-28,142.49,48.18,Unpaid,
982,2025-01-01,127.66,34.69,Unpaid,
982,2025-01-31,243.3,59.22,Paid,2025-02-01
982,2025-03-02,248.68,49.75,Paid,2025-03-07
982,2025-04-01,250.91,60.05,Partial,
982,2025-05-01,114.78,36.11,Paid,2025-05-08
982,2025-05-31,425.91,98.12,Paid,2025-06-11
982,2025-06-30,101.94,37.61,Paid,2025-07-11
982,2025-07-30,298.0,75.82,Unpaid,
982,2025-08-29,341.28,74.38,Paid,2025-09-06
982,2025-09-28,245.94,65.95,Partial,
983,2025-01-01,214.33,42.42,Paid,2025-01-15
983,2025-01-31,422.73,71.99,Partial,
983,2025-03-02,212.17,45.47,Paid,2025-03-17
983,2025-04-01,51.49,27.9,Unpaid,
983,2025-05-01,256.62,60.15,Paid,2025-05-11
983,2025-05-31,318.59,57.41,Paid,2025-05-31
983,2025-06-30,87.51,34.07,Partial,
983,2025-07-30,113.34,41.62,Unpaid,
983,2025-08-29,119.54,40.02,Paid,2025-08-30
983,2025-09-28,312.03,74.64,Unpaid,
984,2025-01-01,158.59,41.91,Partial,
984,2025-01-31,220.44,47.18,Paid,2025-02-11
984,2025-03-02,73.44,28.27,Unpaid,
984,2025-04-01,392.01,91.98,Unpaid,
984,2025-05-01,375.58,71.2,Paid,2025-05-04
984,2025-05-31,53.46,27.03,Unpaid,
984,2025-06-30,318.73,72.28,Partial,
984,2025-07-30,472.32,82.5,Partial,
984,2025-08-29,298.34,58.35,Paid,2025-09-02
984,2025-09-28,274.1,54.04,Unpaid,
985,2025-01-01,211.7,55.91,Paid,2025-01-11
985,2025-01-31,264.61,64.16,Partial,
985,2025-03-02,50.98,25.41,Paid,2025-03-12
985,2025-04-01,197.91,56.75,Partial,
985,2025-05-01,342.2,74.84,Partial,
985,2025-05-31,474.65,90.79,Paid,2025-06-06
985,2025-06-30,101.7,37.03,Partial,
985,2025-07-30,112.55,32.68,Partial,
985,2025-08-29,218.43,57.32,Paid,2025-09-10
985,2025-09-28,210.53,44.0,Partial,
986,2025-01-01,373.46,84.44,Partial,
986,2025-01-31,96.0,31.09,Unpaid,
986,2025-03-02,129.1,38.8,Partial,
986,2025-04-01,146.52,45.22,Partial,
986,2025-05-01,379.6,65.69,Partial,
986,2025-05-31,314.33,81.28,Paid,2025-06-09
986,2025-06-30,108.18,37.27,Paid,2025-07-06
986,2025-07-30,269.36,54.12,Paid,2025-08-08
986,2025-08-29,138.57,39.18,Partial,
986,2025-09-28,122.29,33.37,Unpaid,
987,2025-01-01,462.28,83.03,Partial,
987,2025-01-31,322.21,70.84,Paid,2025-02-07
987,2025-03-02,55.43,26.79,Unpaid,
987,2025-04-01,106.65,37.69,Paid,2025-04-01
987,2025-05-01,123.83,34.61,Partial,
987,2025-05-31,317.56,55.69,Partial,
987,2025-06-30,373.45,74.9,Unpaid,
987,2025-07-30,262.17,61.72,Partial,
987,2025-08-29,87.91,34.58,Partial,
987,2025-09-28,290.93,68.64,Partial,
988,2025-01-01,66.51,30.65,Paid,2025-01-10
988,2025-01-31,361.97,75.63,Partial,
988,2025-03-02,284.73,60.66,Unpaid,
988,2025-04-01,442.22,98.12,Unpaid,
988,2025-05-01,187.02,50.12,Partial,
988,2025-05-31,306.62,59.23,Partial,
988,2025-06-30,242.55,50.04,Unpaid,
988,2025-07-30,343.09,77.95,Unpaid,
988,2025-08-29,312.68,78.23,Unpaid,
988,2025-09-28,150.07,38.49,Unpaid,
989,2025-01-01,301.06,76.21,Unpaid,
989,2025-01-31,344.08,76.16,Paid,2025-02-14
989,2025-03-02,168.65,41.98,Partial,
989,2025-04-01,187.94,39.0,Unpaid,
989,2025-05-01,57.43,29.84,Partial,
989,2025-05-31,405.23,80.89,Partial,
989,2025-06-30,434.97,72.14,Unpaid,
989,2025-07-30,212.32,43.83,Partial,
989,2025-08-29,405.13,92.98,Partial,
989,2025-09-28,271.97,50.3,Paid,2025-10-06
990,2025-01-01,245.21,60.22,Paid,2025-01-04
990,2025-01-31,430.46,105.0,Paid,2025-02-14
990,2025-03-02,373.33,61.49,Partial,
990,2025-04-01,269.22,57.29,Paid,2025-04-16
990,2025-05-01,276.67,53.38,Unpaid,
990,2025-05-31,344.92,72.75,Paid,2025-06-03
990,2025-06-30,322.83,83.33,Partial,
990,2025-07-30,99.25,37.02,Partial,
990,2025-08-29,273.42,50.68,Partial,
990,2025-09-28,348.29,61.35,Unpaid,
991,2025-01-01,335.02,73.46,Partial,
991,2025-01-31,406.01,89.03,Partial,
991,2025-03-02,268.82,61.55,Unpaid,
991,2025-04-01,213.45,52.5,Unpaid,
991,2025-05-01,247.28,45.6,Paid,2025-05-11
991,2025-05-31,204.44,54.7,Partial,
991,2025-06-30,198.77,50.72,Paid,2025-07-15
991,2025-07-30,468.51,97.21,Partial,
991,2025-08-29,151.66,37.09,Partial,
991,2025-09-28,311.52,61.17,Paid,2025-09-30
992,2025-01-01,278.97,48.0,Unpaid,
992,2025-01-31,404.09,69.21,Unpaid,
992,2025-03-02,411.13,86.22,Partial,
992,2025-04-01,254.95,58.02,Partial,
992,2025-05-01,199.81,58.11,Paid,2025-05-04
992,2025-05-31,122.37,34.65,Unpaid,
992,2025-06-30,208.25,51.18,Partial,
992,2025-07-30,269.98,61.52,Paid,2025-07-31
992,2025-08-29,491.66,116.32,Paid,2025-09-03
992,2025-09-28,158.52,47.15,Paid,2025-10-09
993,2025-01-01,208.08,44.99,Partial,
993,2025-01-31,382.46,87.61,Paid,2025-02-15
993,2025-03-02,167.78,37.92,Unpaid,
993,2025-04-01,152.13,40.25,Unpaid,
993,2025-05-01,220.01,43.43,Unpaid,
993,2025-05-31,330.63,64.65,Unpaid,
993,2025-06-30,358.88,58.39,Paid,2025-07-04
993,2025-07-30,431.51,76.11,Paid,2025-08-13
993,2025-08-29,427.38,97.49,Unpaid,
993,2025-09-28,230.51,58.29,Unpaid,
994,2025-01-01,252.76,54.46,Partial,
994,2025-01-31,141.32,37.74,Unpaid,
994,2025-03-02,68.03,27.28,Paid,2025-03-06
994,2025-04-01,495.03,88.82,Unpaid,
994,2025-05-01,203.99,46.75,Paid,2025-05-07
994,2025-05-31,165.31,43.57,Unpaid,
994,2025-06-30,98.07,32.8,Paid,2025-07-05
994,2025-07-30,452.37,109.1,Partial,
994,2025-08-29,498.48,98.13,Paid,2025-09-09
994,2025-09-28,497.88,89.15,Partial,
995,2025-01-01,280.49,62.3,Paid,2025-01-06
995,2025-01-31,188.21,55.46,Partial,
995,2025-03-02,495.98,83.48,Partial,
995,2025-04-01,96.93,37.41,Paid,2025-04-09
995,2025-05-01,382.31,59.4,Paid,2025-05-14
995,2025-05-31,351.03,84.3,Paid,2025-06-15
995,2025-06-30,315.37,79.01,Paid,2025-07-02
995,2025-07-30,181.49,40.86,Partial,
995,2025-08-29,198.57,55.5,Unpaid,
995,2025-09-28,155.81,46.55,Partial,
996,2025-01-01,266.74,62.81,Paid,2025-01-02
996,2025-01-31,218.31,53.69,Unpaid,
996,2025-03-02,421.09,66.38,Partial,
996,2025-04-01,453.46,100.46,Unpaid,
996,2025-05-01,391.06,66.1,Paid,2025-05-13
996,2025-05-31,145.75,36.0,Unpaid,
996,2025-06-30,497.45,83.35,Paid,2025-07-01
996,2025-07-30,66.23,27.91,Paid,2025-08-04
996,2025-08-29,291.49,73.14,Unpaid,
996,2025-09-28,337.0,70.36,Unpaid,
997,2025-01-01,143.98,42.69,Partial,
997,2025-01-31,59.96,26.18,Paid,2025-02-13
997,2025-03-02,394.9,73.6,Unpaid,
997,2025-04-01,400.25,93.35,Unpaid,
997,2025-05-01,489.3,93.07,Paid,2025-05-16
997,2025-05-31,381.91,81.64,Paid,2025-06-04
997,2025-06-30,232.52,44.16,Unpaid,
997,2025-07-30,76.93,34.14,Unpaid,
997,2025-08-29,461.73,111.47,Paid,2025-09-05
997,2025-09-28,347.56,56.46,Partial,
998,2025-01-01,366.15,91.69,Unpaid,
998,2025-01-31,291.18,69.53,Partial,
998,2025-03-02,163.13,39.9,Paid,2025-03-16
998,2025-04-01,443.47,73.0,Paid,2025-04-12
998,2025-05-01,273.0,53.45,Paid,2025-05-08
998,2025-05-31,337.65,81.49,Partial,
998,2025-06-30,217.19,60.68,Partial,
998,2025-07-30,473.95,96.97,Paid,2025-08-12
998,2025-08-29,110.85,40.66,Paid,2025-09-13
998,2025-09-28,388.16,89.99,Paid,2025-10-05
999,2025-01-01,243.14,60.53,Partial,
999,2025-01-31,403.21,80.91,Partial,
999,2025-03-02,173.78,44.09,Partial,
999,2025-04-01,274.3,68.55,Paid,2025-04-13
999,2025-05-01,454.69,95.89,Paid,2025-05-03
999,2025-05-31,312.56,78.03,Paid,2025-06-10
999,2025-06-30,116.61,38.02,Paid,2025-07-10
999,2025-07-30,190.8,39.47,Paid,2025-08-14
999,2025-08-29,190.93,55.73,Unpaid,
999,2025-09-28,99.63,39.0,Paid,2025-10-03
1000,2025-01-01,393.19,65.07,Paid,2025-01-09
1000,2025-01-31,489.79,112.16,Paid,2025-02-15
1000,2025-03-02,269.31,70.31,Paid,2025-03-07
1000,2025-04-01,195.27,42.93,Partial,
1000,2025-05-01,341.99,62.36,Partial,
1000,2025-05-31,288.95,61.92,Partial,
1000,2025-06-30,350.63,88.86,Partial,
1000,2025-07-30,366.18,76.39,Paid,2025-08-08
1000,2025-08-29,371.88,82.83,Paid,2025-09-12
1000,2025-09-28,382.73,91.45,Partial,